Country,Year,fragility_score,security,economy,politics,risk,events,fatalities,EVENTS,MONTH,FATALITIES
sudan,2006,112.3,9.8,7.5,9.5,1,213,1682,505,JanuaryFebruaryMarchAprilMayJuneJulyAugustSeptemberOctoberNovemberDecemberJanuaryFebruaryMarchAprilMayJuneJulyAugustSeptemberOctoberNovemberDecember,2590
congo democratic republic,2006,110.1,9.8,8.1,9,1,0,0,0,0,0
cote d'ivoire,2006,109.2,9.8,9,10,1,0,0,0,0,0
iraq,2006,109,9.8,8.2,8.5,1,0,0,0,0,0
zimbabwe,2006,108.9,9.4,9.8,8.9,1,113,2,298,JanuaryFebruaryMarchAprilMayJuneJulyAugustSeptemberOctoberNovemberDecemberJanuaryFebruaryMarchAprilMayJuneJulyAugustSeptemberOctoberNovemberDecember,2
chad,2006,105.9,9.4,7.9,9.5,1,115,1891,262,JanuaryFebruaryMarchAprilMayJuneJulyAugustSeptemberOctoberNovemberDecemberJanuaryFebruaryMarchAprilMayJuneJulyAugustSeptemberOctoberNovemberDecember,2532
somalia,2006,105.9,10,8.5,10,1,531,1176,979,JanuaryFebruaryMarchAprilMayJuneJulyAugustSeptemberOctoberNovemberDecemberJanuaryFebruaryMarchAprilMayJuneJulyAugustSeptemberOctoberNovemberDecember,1219
haiti,2006,104.6,9.4,8.4,9.4,1,0,0,0,0,0
pakistan,2006,103.1,9.1,7,8.5,1,0,0,0,0,0
afghanistan,2006,99.8,8.2,7.5,8.3,1,0,0,0,0,0
guinea,2006,99,8.1,8,9.1,1,7,14,24,JanuaryFebruaryMarchAprilMayJuneJulyAugustSeptemberOctoberNovemberDecemberJanuaryFebruaryMarchAprilMayJuneJulyAugustSeptemberOctoberNovemberDecember,28
liberia,2006,99,7.3,8.9,7.8,1,23,0,46,JanuaryFebruaryMarchAprilMayJuneJulyAugustSeptemberOctoberNovemberDecemberJanuaryFebruaryMarchAprilMayJuneJulyAugustSeptemberOctoberNovemberDecember,0
central african republic,2006,97.5,8.9,8.1,9,1,54,289,119,JanuaryFebruaryMarchAprilMayJuneJulyAugustSeptemberOctoberNovemberDecemberJanuaryFebruaryMarchAprilMayJuneJulyAugustSeptemberOctoberNovemberDecember,355
north korea,2006,97.3,8.3,9.5,9.8,1,0,0,0,0,0
burundi,2006,96.7,7.3,7.8,7.2,1,130,171,264,JanuaryFebruaryMarchAprilMayJuneJulyAugustSeptemberOctoberNovemberDecemberJanuaryFebruaryMarchAprilMayJuneJulyAugustSeptemberOctoberNovemberDecember,226
sierra leone,2006,96.6,7,9,8,1,1,0,2,JanuaryFebruaryMarchAprilMayJuneJulyAugustSeptemberOctoberNovemberDecemberJanuaryFebruaryMarchAprilMayJuneJulyAugustSeptemberOctoberNovemberDecember,0
yemen,2006,96.6,9,7.8,8.8,1,0,0,0,0,0
myanmar,2006,96.5,9,7.1,9.2,1,0,0,0,0,0
bangladesh,2006,96.3,8.3,7,9,1,0,0,0,0,0
nepal,2006,95.4,9,8.5,9.2,1,0,0,0,0,0
uganda,2006,94.5,8.5,7.5,8,1,276,699,687,JanuaryFebruaryMarchAprilMayJuneJulyAugustSeptemberOctoberNovemberDecemberJanuaryFebruaryMarchAprilMayJuneJulyAugustSeptemberOctoberNovemberDecember,974
nigeria,2006,94.4,9.2,5.4,9,1,124,121,276,JanuaryFebruaryMarchAprilMayJuneJulyAugustSeptemberOctoberNovemberDecemberJanuaryFebruaryMarchAprilMayJuneJulyAugustSeptemberOctoberNovemberDecember,179
uzbekistan,2006,94.4,9.1,7,9.3,1,0,0,0,0,0
rwanda,2006,92.9,5,8,8.7,1,11,19,21,JanuaryFebruaryMarchAprilMayJuneJulyAugustSeptemberOctoberNovemberDecemberJanuaryFebruaryMarchAprilMayJuneJulyAugustSeptemberOctoberNovemberDecember,32
sri lanka,2006,92.4,8.5,5.7,8.6,1,0,0,0,0,0
ethiopia,2006,91.9,7.5,8,7.6,1,87,366,164,JanuaryFebruaryMarchAprilMayJuneJulyAugustSeptemberOctoberNovemberDecemberJanuaryFebruaryMarchAprilMayJuneJulyAugustSeptemberOctoberNovemberDecember,377
colombia,2006,91.8,9,3.2,8.7,1,0,0,0,0,0
kyrgyz republic,2006,90.3,8.3,7.5,8.3,1,0,0,0,0,0
malawi,2006,89.8,5.5,8.8,8,1,6,0,9,JanuaryFebruaryMarchAprilMayJuneJulyAugustSeptemberOctoberNovemberDecemberJanuaryFebruaryMarchAprilMayJuneJulyAugustSeptemberOctoberNovemberDecember,0
burkina faso,2006,89.7,7.6,8.2,7.8,1,8,16,15,JanuaryFebruaryMarchAprilMayJuneJulyAugustSeptemberOctoberNovemberDecemberJanuaryFebruaryMarchAprilMayJuneJulyAugustSeptemberOctoberNovemberDecember,17
egypt,2006,89.5,6.5,7,9,1,10,24,7,JanuaryFebruaryMarchAprilMayJuneJulyAugustSeptemberOctoberNovemberDecemberJanuaryFebruaryMarchAprilMayJuneJulyAugustSeptemberOctoberNovemberDecember,48
indonesia,2006,89.2,7.5,6.8,6.7,1,0,0,0,0,0
kenya,2006,88.6,7,6.8,7.3,1,140,304,300,JanuaryFebruaryMarchAprilMayJuneJulyAugustSeptemberOctoberNovemberDecemberJanuaryFebruaryMarchAprilMayJuneJulyAugustSeptemberOctoberNovemberDecember,424
syria,2006,88.6,7.5,6.5,9,1,0,0,0,0,0
bosnia and herzegovina,2006,88.5,7.5,6.2,8.1,1,0,0,0,0,0
cameroon,2006,88.4,7.6,6,8.5,1,7,31,13,JanuaryFebruaryMarchAprilMayJuneJulyAugustSeptemberOctoberNovemberDecemberJanuaryFebruaryMarchAprilMayJuneJulyAugustSeptemberOctoberNovemberDecember,33
angola,2006,88.3,6.8,4.9,8.8,1,6,13,10,JanuaryFebruaryMarchAprilMayJuneJulyAugustSeptemberOctoberNovemberDecemberJanuaryFebruaryMarchAprilMayJuneJulyAugustSeptemberOctoberNovemberDecember,23
togo,2006,88.3,8.1,8,8.7,1,1,0,2,JanuaryFebruaryMarchAprilMayJuneJulyAugustSeptemberOctoberNovemberDecemberJanuaryFebruaryMarchAprilMayJuneJulyAugustSeptemberOctoberNovemberDecember,0
bhutan,2006,87.9,5,8,8.4,1,0,0,0,0,0
laos,2006,87.9,9,6.5,7.9,1,0,0,0,0,0
mauritania,2006,87.8,7.6,7.8,7.1,1,2,0,3,JanuaryFebruaryMarchAprilMayJuneJulyAugustSeptemberOctoberNovemberDecemberJanuaryFebruaryMarchAprilMayJuneJulyAugustSeptemberOctoberNovemberDecember,0
tajikistan,2006,87.7,7.5,6.8,8.9,1,0,0,0,0,0
russia,2006,87.1,7.5,3.7,8.2,1,0,0,0,0,0
niger,2006,87,6.7,9,7.9,1,8,0,12,JanuaryFebruaryMarchAprilMayJuneJulyAugustSeptemberOctoberNovemberDecemberJanuaryFebruaryMarchAprilMayJuneJulyAugustSeptemberOctoberNovemberDecember,0
turkmenistan,2006,86.1,8.5,8,9.1,1,0,0,0,0,0
guinea bissau,2006,85.4,7.5,7.4,7.8,1,0,0,0,0,0
cambodia,2006,85,6.7,6,7.8,1,0,0,0,0,0
dominican republic,2006,85,7,6,6.2,1,0,0,0,0,0
papua new guinea,2006,84.6,7,7,7.8,1,0,0,0,0,0
belarus,2006,84.5,6.8,6.3,9,1,0,0,0,0,0
guatemala,2006,84.3,7.5,7.1,7.5,1,0,0,0,0,0
equatorial guinea,2006,84,8.3,4,9,1,1,0,3,JanuaryFebruaryMarchAprilMayJuneJulyAugustSeptemberOctoberNovemberDecemberJanuaryFebruaryMarchAprilMayJuneJulyAugustSeptemberOctoberNovemberDecember,0
iran,2006,84,8,3,8.1,1,0,0,0,0,0
eritrea,2006,83.9,7.2,8,8,1,9,2,9,JanuaryFebruaryMarchAprilMayJuneJulyAugustSeptemberOctoberNovemberDecemberJanuaryFebruaryMarchAprilMayJuneJulyAugustSeptemberOctoberNovemberDecember,4
serbia,2006,83.8,6.5,6.5,7.8,1,0,0,0,0,0
bolivia,2006,82.9,6.5,6.2,7,1,0,0,0,0,0
china,2006,82.5,5.5,4.5,8.5,1,0,0,0,0,0
moldova,2006,82.5,5.5,7.5,7.4,1,0,0,0,0,0
nicaragua,2006,82.4,6.5,8.5,7.3,1,0,0,0,0,0
georgia,2006,82.2,8.1,5.5,7.7,1,0,0,0,0,0
azerbaijan,2006,81.9,7,5.9,8.1,1,0,0,0,0,0
cuba,2006,81.9,8,6.5,7.8,1,0,0,0,0,0
ecuador,2006,81.2,6.8,5.2,8.3,1,0,0,0,0,0
venezuela,2006,81.2,7.5,4,7.5,1,0,0,0,0,0
lebanon,2006,80.5,7.5,5.3,6.4,1,0,0,0,0,0
zambia,2006,79.6,6,7.6,7.5,0,74,24,117,JanuaryFebruaryMarchAprilMayJuneJulyAugustSeptemberOctoberNovemberDecemberJanuaryFebruaryMarchAprilMayJuneJulyAugustSeptemberOctoberNovemberDecember,47
israel and west bank,2006,79.4,4.8,3.8,7.3,0,0,0,0,0,0
peru,2006,79.2,8,5.4,6.8,0,0,0,0,0,0
philippines,2006,79.2,7,5.3,7.8,0,0,0,0,0,0
vietnam,2006,78.6,7.5,5.6,7,0,0,0,0,0,0
tanzania,2006,78.3,6,7,6.5,0,16,12,28,JanuaryFebruaryMarchAprilMayJuneJulyAugustSeptemberOctoberNovemberDecemberJanuaryFebruaryMarchAprilMayJuneJulyAugustSeptemberOctoberNovemberDecember,20
algeria,2006,77.8,6.8,3.5,7.5,0,197,382,413,JanuaryFebruaryMarchAprilMayJuneJulyAugustSeptemberOctoberNovemberDecemberJanuaryFebruaryMarchAprilMayJuneJulyAugustSeptemberOctoberNovemberDecember,469
saudi arabia,2006,77.2,7.8,2,8.5,0,0,0,0,0,0
jordan,2006,77,6.8,6.5,6.8,0,0,0,0,0,0
honduras,2006,76.7,6,7.6,7.5,0,0,0,0,0,0
morocco,2006,76.5,5.6,6.5,8,0,14,2,19,JanuaryFebruaryMarchAprilMayJuneJulyAugustSeptemberOctoberNovemberDecemberJanuaryFebruaryMarchAprilMayJuneJulyAugustSeptemberOctoberNovemberDecember,4
el salvador,2006,76.1,6,5,7,0,0,0,0,0,0
macedonia,2006,75.1,6.1,6,7.2,0,0,0,0,0,0
thailand,2006,74.9,6.8,2,6.8,0,0,0,0,0,0
mozambique,2006,74.8,5.5,7,7.4,0,7,2,18,JanuaryFebruaryMarchAprilMayJuneJulyAugustSeptemberOctoberNovemberDecemberJanuaryFebruaryMarchAprilMayJuneJulyAugustSeptemberOctoberNovemberDecember,4
mali,2006,74.6,4.5,8.5,4.6,0,10,4,14,JanuaryFebruaryMarchAprilMayJuneJulyAugustSeptemberOctoberNovemberDecemberJanuaryFebruaryMarchAprilMayJuneJulyAugustSeptemberOctoberNovemberDecember,4
turkey,2006,74.4,6.4,4.1,6.1,0,0,0,0,0,0
gambia,2006,74,5.5,8.1,7.5,0,5,0,12,JanuaryFebruaryMarchAprilMayJuneJulyAugustSeptemberOctoberNovemberDecemberJanuaryFebruaryMarchAprilMayJuneJulyAugustSeptemberOctoberNovemberDecember,0
gabon,2006,73.6,5.5,5,7.9,0,4,1,8,JanuaryFebruaryMarchAprilMayJuneJulyAugustSeptemberOctoberNovemberDecemberJanuaryFebruaryMarchAprilMayJuneJulyAugustSeptemberOctoberNovemberDecember,2
mexico,2006,73.1,6,6.3,5.9,0,0,0,0,0,0
ukraine,2006,72.9,3,4.5,7,0,0,0,0,0,0
paraguay,2006,72,4.5,6.6,8,0,0,0,0,0,0
kazakhstan,2006,71.9,6.7,6.5,7.5,0,0,0,0,0,0
armenia,2006,71.5,4.5,5.1,7,0,0,0,0,0,0
benin,2006,70.9,5.5,6.5,6.5,0,1,0,1,JanuaryFebruaryMarchAprilMayJuneJulyAugustSeptemberOctoberNovemberDecemberJanuaryFebruaryMarchAprilMayJuneJulyAugustSeptemberOctoberNovemberDecember,0
namibia,2006,70.7,5.5,5.5,4.5,0,12,0,14,JanuaryFebruaryMarchAprilMayJuneJulyAugustSeptemberOctoberNovemberDecemberJanuaryFebruaryMarchAprilMayJuneJulyAugustSeptemberOctoberNovemberDecember,0
cyprus,2006,70.5,4,5,5.4,0,0,0,0,0,0
india,2006,70.4,4.5,5,4.8,0,0,0,0,0,0
albania,2006,68.6,5.5,7,7,0,0,0,0,0,0
libya,2006,68.5,5.5,5.1,7.5,0,7,18,7,JanuaryFebruaryMarchAprilMayJuneJulyAugustSeptemberOctoberNovemberDecemberJanuaryFebruaryMarchAprilMayJuneJulyAugustSeptemberOctoberNovemberDecember,18
botswana,2006,66.9,4,5,5.5,0,2,0,2,JanuaryFebruaryMarchAprilMayJuneJulyAugustSeptemberOctoberNovemberDecemberJanuaryFebruaryMarchAprilMayJuneJulyAugustSeptemberOctoberNovemberDecember,0
jamaica,2006,66.8,6,5,7,0,0,0,0,0,0
malaysia,2006,66.1,6.2,4.3,5.9,0,0,0,0,0,0
senegal,2006,66.1,5.5,5.2,5.8,0,27,205,56,JanuaryFebruaryMarchAprilMayJuneJulyAugustSeptemberOctoberNovemberDecemberJanuaryFebruaryMarchAprilMayJuneJulyAugustSeptemberOctoberNovemberDecember,211
tunisia,2006,65.4,6,3.6,6.5,0,2,16,2,JanuaryFebruaryMarchAprilMayJuneJulyAugustSeptemberOctoberNovemberDecemberJanuaryFebruaryMarchAprilMayJuneJulyAugustSeptemberOctoberNovemberDecember,2
brazil,2006,63.1,5.7,2.7,5.5,0,0,0,0,0,0
romania,2006,62.6,3.5,5.9,6.2,0,0,0,0,0,0
bulgaria,2006,62.1,5.5,4.3,6.2,0,0,0,0,0,0
croatia,2006,61.9,4,5.8,4.2,0,0,0,0,0,0
kuwait,2006,60.8,5.5,2.8,6.8,0,0,0,0,0,0
ghana,2006,60.5,2,4,5.5,0,3,3,8,JanuaryFebruaryMarchAprilMayJuneJulyAugustSeptemberOctoberNovemberDecemberJanuaryFebruaryMarchAprilMayJuneJulyAugustSeptemberOctoberNovemberDecember,3
panama,2006,59.6,5.3,5.7,4.9,0,0,0,0,0,0
mongolia,2006,58.4,4.7,4.5,6.2,0,0,0,0,0,0
latvia,2006,56.2,2,5.5,4.8,0,0,0,0,0,0
south africa,2006,55.7,3.4,2.2,4.1,0,48,15,67,JanuaryFebruaryMarchAprilMayJuneJulyAugustSeptemberOctoberNovemberDecemberJanuaryFebruaryMarchAprilMayJuneJulyAugustSeptemberOctoberNovemberDecember,33
estonia,2006,51,2,3.5,5,0,0,0,0,0,0
slovak republic,2006,49.9,2,4.5,3.8,0,0,0,0,0,0
lithuania,2006,49.7,2,4.5,4.1,0,0,0,0,0,0
costa rica,2006,49.6,2,4.5,3.9,0,0,0,0,0,0
poland,2006,47.9,2,4.3,4.2,0,0,0,0,0,0
hungary,2006,46.7,2,4,3.8,0,0,0,0,0,0
oman,2006,43.8,5.5,3.5,6.3,0,0,0,0,0,0
mauritius,2006,41.9,4,3.1,5.1,0,0,0,0,0,0
czech republic,2006,41.8,2,2.5,3.7,0,0,0,0,0,0
uruguay,2006,41.2,3,3.5,3,0,0,0,0,0,0
greece,2006,41.1,2,3.5,4,0,0,0,0,0,0
argentina,2006,40.8,2,4.2,3.5,0,0,0,0,0,0
south korea,2006,39.9,1,1,3.9,0,0,0,0,0,0
germany,2006,39.7,2.5,3.2,2.3,0,0,0,0,0,0
spain,2006,37.4,3.2,3.3,1.5,0,0,0,0,0,0
slovenia,2006,36.8,3,3.2,3.2,0,0,0,0,0,0
italy,2006,35.1,2.5,4,3.2,0,0,0,0,0,0
united states,2006,34.5,1,1.5,2.5,0,0,0,0,0,0
france,2006,34.3,1,3,1.5,0,0,0,0,0,0
united kingdom,2006,34.2,2.5,1,2.5,0,0,0,0,0,0
portugal,2006,32.7,1,3.7,1.5,0,0,0,0,0,0
chile,2006,32,2,3.4,1.5,0,0,0,0,0,0
singapore,2006,30.8,1,3.3,3.5,0,0,0,0,0,0
netherlands,2006,28.1,1,2,1.2,0,0,0,0,0,0
japan,2006,28,1,2.6,1.8,0,0,0,0,0,0
austria,2006,26.1,1,1.9,1.3,0,0,0,0,0,0
denmark,2006,24.8,1,2,1,0,0,0,0,0,0
belgium,2006,24,1,2,1.5,0,0,0,0,0,0
canada,2006,23.1,1,1.2,1.5,0,0,0,0,0,0
australia,2006,22,1,1.5,1,0,0,0,0,0,0
new zealand,2006,19.4,1,2.9,1,0,0,0,0,0,0
switzerland,2006,18.7,1,1.2,1,0,0,0,0,0,0
ireland,2006,18.6,1,1.9,1.5,0,0,0,0,0,0
finland,2006,18.2,1,2.2,1,0,0,0,0,0,0
sweden,2006,18.2,1,1.2,1,0,0,0,0,0,0
norway,2006,16.8,1,1.8,1,0,0,0,0,0,0
sudan,2007,113.7,9.9,7.7,10,1,142,2141,325,JanuaryFebruaryMarchAprilMayJuneJulyAugustSeptemberOctoberNovemberDecemberJanuaryFebruaryMarchAprilMayJuneJulyAugustSeptemberOctoberNovemberDecember,3305
iraq,2007,111.4,10,8,9.4,1,0,0,0,0,0
somalia,2007,111.1,10,9.2,10,1,1317,2050,3015,JanuaryFebruaryMarchAprilMayJuneJulyAugustSeptemberOctoberNovemberDecemberJanuaryFebruaryMarchAprilMayJuneJulyAugustSeptemberOctoberNovemberDecember,2504
zimbabwe,2007,110.1,9.5,10,9.5,1,206,12,536,JanuaryFebruaryMarchAprilMayJuneJulyAugustSeptemberOctoberNovemberDecemberJanuaryFebruaryMarchAprilMayJuneJulyAugustSeptemberOctoberNovemberDecember,26
chad,2007,108.8,9.6,8.3,9.5,1,100,838,248,JanuaryFebruaryMarchAprilMayJuneJulyAugustSeptemberOctoberNovemberDecemberJanuaryFebruaryMarchAprilMayJuneJulyAugustSeptemberOctoberNovemberDecember,898
cote d'ivoire,2007,107.3,9.6,8.9,9.5,1,0,0,0,0,0
congo democratic republic,2007,105.5,9.6,8,8.3,1,0,0,0,0,0
afghanistan,2007,102.3,9,8.3,8.8,1,0,0,0,0,0
guinea,2007,101.3,8.1,8.5,9.6,1,46,66,81,JanuaryFebruaryMarchAprilMayJuneJulyAugustSeptemberOctoberNovemberDecemberJanuaryFebruaryMarchAprilMayJuneJulyAugustSeptemberOctoberNovemberDecember,126
central african republic,2007,101,8.9,8.4,9,1,102,218,246,JanuaryFebruaryMarchAprilMayJuneJulyAugustSeptemberOctoberNovemberDecemberJanuaryFebruaryMarchAprilMayJuneJulyAugustSeptemberOctoberNovemberDecember,407
haiti,2007,100.9,9.3,8.4,9.2,1,0,0,0,0,0
pakistan,2007,100.1,9.5,5.8,8.7,1,0,0,0,0,0
north korea,2007,97.7,8.3,9.6,9.8,1,0,0,0,0,0
myanmar,2007,97,9,7.6,9.1,1,0,0,0,0,0
uganda,2007,96.4,8.3,7.5,8.5,1,96,308,204,JanuaryFebruaryMarchAprilMayJuneJulyAugustSeptemberOctoberNovemberDecemberJanuaryFebruaryMarchAprilMayJuneJulyAugustSeptemberOctoberNovemberDecember,391
bangladesh,2007,95.9,8,6.9,9,1,0,0,0,0,0
nigeria,2007,95.6,9.2,5.4,9.1,1,192,309,499,JanuaryFebruaryMarchAprilMayJuneJulyAugustSeptemberOctoberNovemberDecemberJanuaryFebruaryMarchAprilMayJuneJulyAugustSeptemberOctoberNovemberDecember,460
ethiopia,2007,95.3,7.5,8,7.9,1,46,1423,86,JanuaryFebruaryMarchAprilMayJuneJulyAugustSeptemberOctoberNovemberDecemberJanuaryFebruaryMarchAprilMayJuneJulyAugustSeptemberOctoberNovemberDecember,1554
burundi,2007,95.2,6.8,8.2,7.1,1,29,63,67,JanuaryFebruaryMarchAprilMayJuneJulyAugustSeptemberOctoberNovemberDecemberJanuaryFebruaryMarchAprilMayJuneJulyAugustSeptemberOctoberNovemberDecember,74
timor-leste,2007,94.9,9,8.5,9.5,1,0,0,0,0,0
nepal,2007,93.6,8.3,8.2,8.5,1,0,0,0,0,0
uzbekistan,2007,93.5,8.9,7.5,9.2,1,0,0,0,0,0
sierra leone,2007,93.4,6.5,8.7,8,1,6,2,13,JanuaryFebruaryMarchAprilMayJuneJulyAugustSeptemberOctoberNovemberDecemberJanuaryFebruaryMarchAprilMayJuneJulyAugustSeptemberOctoberNovemberDecember,4
yemen,2007,93.2,8,8,7.8,1,0,0,0,0,0
sri lanka,2007,93.1,8.7,6,8.9,1,0,0,0,0,0
congo republic,2007,93,7.9,8.3,8.5,1,0,0,0,0,0
liberia,2007,92.9,6.9,8.4,7,1,8,1,18,JanuaryFebruaryMarchAprilMayJuneJulyAugustSeptemberOctoberNovemberDecemberJanuaryFebruaryMarchAprilMayJuneJulyAugustSeptemberOctoberNovemberDecember,1
lebanon,2007,92.4,9,6.3,7.3,1,0,0,0,0,0
malawi,2007,92.2,5.4,9.2,7.9,1,6,1,11,JanuaryFebruaryMarchAprilMayJuneJulyAugustSeptemberOctoberNovemberDecemberJanuaryFebruaryMarchAprilMayJuneJulyAugustSeptemberOctoberNovemberDecember,2
solomon islands,2007,92,7.7,8,8.5,1,0,0,0,0,0
kenya,2007,91.3,7.1,7,8,1,461,1046,835,JanuaryFebruaryMarchAprilMayJuneJulyAugustSeptemberOctoberNovemberDecemberJanuaryFebruaryMarchAprilMayJuneJulyAugustSeptemberOctoberNovemberDecember,1277
niger,2007,91.2,6.7,9.2,8.2,1,31,90,69,JanuaryFebruaryMarchAprilMayJuneJulyAugustSeptemberOctoberNovemberDecemberJanuaryFebruaryMarchAprilMayJuneJulyAugustSeptemberOctoberNovemberDecember,102
burkina faso,2007,89.7,7.6,8.2,7.6,1,1,0,1,JanuaryFebruaryMarchAprilMayJuneJulyAugustSeptemberOctoberNovemberDecemberJanuaryFebruaryMarchAprilMayJuneJulyAugustSeptemberOctoberNovemberDecember,0
colombia,2007,89.7,8.3,3.8,8.2,1,0,0,0,0,0
cameroon,2007,89.4,7.7,6.1,8.5,1,19,71,45,JanuaryFebruaryMarchAprilMayJuneJulyAugustSeptemberOctoberNovemberDecemberJanuaryFebruaryMarchAprilMayJuneJulyAugustSeptemberOctoberNovemberDecember,96
egypt,2007,89.2,6.1,7,9,1,15,0,6,JanuaryFebruaryMarchAprilMayJuneJulyAugustSeptemberOctoberNovemberDecemberJanuaryFebruaryMarchAprilMayJuneJulyAugustSeptemberOctoberNovemberDecember,0
rwanda,2007,89.2,4.6,7.5,8.5,1,15,16,52,JanuaryFebruaryMarchAprilMayJuneJulyAugustSeptemberOctoberNovemberDecemberJanuaryFebruaryMarchAprilMayJuneJulyAugustSeptemberOctoberNovemberDecember,38
guinea bissau,2007,88.8,8,8,7.2,1,0,0,0,0,0
tajikistan,2007,88.7,7.8,7.3,9,1,0,0,0,0,0
syria,2007,88.6,7.4,6.8,8.5,1,0,0,0,0,0
equatorial guinea,2007,88.2,8.9,4,9.4,1,2,0,6,JanuaryFebruaryMarchAprilMayJuneJulyAugustSeptemberOctoberNovemberDecemberJanuaryFebruaryMarchAprilMayJuneJulyAugustSeptemberOctoberNovemberDecember,0
kyrgyz republic,2007,88.2,7.9,7.5,8.2,1,0,0,0,0,0
turkmenistan,2007,87.5,8.5,7.4,9,1,0,0,0,0,0
laos,2007,87.2,8.2,7.1,7.9,1,0,0,0,0,0
mauritania,2007,86.7,7.4,7.8,6.8,1,5,9,9,JanuaryFebruaryMarchAprilMayJuneJulyAugustSeptemberOctoberNovemberDecemberJanuaryFebruaryMarchAprilMayJuneJulyAugustSeptemberOctoberNovemberDecember,13
togo,2007,86.6,7.8,8.2,7.7,1,1,0,1,JanuaryFebruaryMarchAprilMayJuneJulyAugustSeptemberOctoberNovemberDecemberJanuaryFebruaryMarchAprilMayJuneJulyAugustSeptemberOctoberNovemberDecember,0
bhutan,2007,86.4,4.6,7.9,8,1,0,0,0,0,0
cambodia,2007,85.7,6.2,6.4,8.5,1,0,0,0,0,0
moldova,2007,85.7,6.3,7.5,7.9,1,0,0,0,0,0
eritrea,2007,85.5,7.5,8.4,8.3,1,5,5,10,JanuaryFebruaryMarchAprilMayJuneJulyAugustSeptemberOctoberNovemberDecemberJanuaryFebruaryMarchAprilMayJuneJulyAugustSeptemberOctoberNovemberDecember,6
belarus,2007,85.2,6.7,6.8,9.1,1,0,0,0,0,0
papua new guinea,2007,85.1,7,7.3,7.8,1,0,0,0,0,0
angola,2007,84.9,6.2,4.2,8.6,1,15,16,35,JanuaryFebruaryMarchAprilMayJuneJulyAugustSeptemberOctoberNovemberDecemberJanuaryFebruaryMarchAprilMayJuneJulyAugustSeptemberOctoberNovemberDecember,25
bosnia and herzegovina,2007,84.5,7.3,6,7.6,1,0,0,0,0,0
indonesia,2007,84.4,7.3,6.5,6.5,1,0,0,0,0,0
philippines,2007,83.2,7.6,5.8,8.2,1,0,0,0,0,0
iran,2007,82.8,8.3,3.3,7.8,1,0,0,0,0,0
georgia,2007,82.3,7.8,5.7,7.9,1,0,0,0,0,0
bolivia,2007,82,6.2,6.4,7.2,1,0,0,0,0,0
guatemala,2007,81.4,7.3,7,7.4,1,0,0,0,0,0
swaziland,2007,81.3,7.1,7.7,8.8,1,0,0,0,0,0
azerbaijan,2007,81.2,7.2,6.3,7.8,1,0,0,0,0,0
china,2007,81.2,5.3,4,8.5,1,0,0,0,0,0
lesotho,2007,81.2,6.2,9.1,7.5,1,2,0,3,JanuaryFebruaryMarchAprilMayJuneJulyAugustSeptemberOctoberNovemberDecemberJanuaryFebruaryMarchAprilMayJuneJulyAugustSeptemberOctoberNovemberDecember,0
russia,2007,81.2,6.8,3.9,7.6,1,0,0,0,0,0
cape verde,2007,81.1,6.1,8,7,1,0,0,0,0,0
maldives,2007,81.1,6.1,7.3,7.9,1,0,0,0,0,0
serbia,2007,81.1,6.3,6.5,7.5,1,0,0,0,0,0
dominican republic,2007,80.6,6.5,5.8,6,1,0,0,0,0,0
zambia,2007,80.6,5.5,7.9,7.6,1,108,66,153,JanuaryFebruaryMarchAprilMayJuneJulyAugustSeptemberOctoberNovemberDecemberJanuaryFebruaryMarchAprilMayJuneJulyAugustSeptemberOctoberNovemberDecember,96
djibouti,2007,80.3,7,6.9,7.4,1,2,0,3,JanuaryFebruaryMarchAprilMayJuneJulyAugustSeptemberOctoberNovemberDecemberJanuaryFebruaryMarchAprilMayJuneJulyAugustSeptemberOctoberNovemberDecember,0
nicaragua,2007,80,6.5,7.8,6.5,0,0,0,0,0,0
ecuador,2007,79.9,6.6,5.3,7.5,0,0,0,0,0,0
venezuela,2007,79.8,6.9,4,7.5,0,0,0,0,0,0
israel and west bank,2007,79.6,5.3,3.7,7.3,0,0,0,0,0,0
tanzania,2007,79.3,5.7,7.4,6.3,0,7,8,17,JanuaryFebruaryMarchAprilMayJuneJulyAugustSeptemberOctoberNovemberDecemberJanuaryFebruaryMarchAprilMayJuneJulyAugustSeptemberOctoberNovemberDecember,15
cuba,2007,78.6,7.7,6.3,7.6,0,0,0,0,0,0
sao tome and principe,2007,78.6,5.8,8.5,7.3,0,0,0,0,0,0
comoros,2007,77.8,6.7,7.6,7.9,0,0,0,0,0,0
vietnam,2007,77.8,7.4,6.2,7,0,0,0,0,0,0
mozambique,2007,76.9,5.9,7.5,7.4,0,9,0,21,JanuaryFebruaryMarchAprilMayJuneJulyAugustSeptemberOctoberNovemberDecemberJanuaryFebruaryMarchAprilMayJuneJulyAugustSeptemberOctoberNovemberDecember,0
jordan,2007,76.6,6.4,6.6,6.2,0,0,0,0,0,0
madagascar,2007,76.5,6.1,7.5,5.7,0,17,22,31,JanuaryFebruaryMarchAprilMayJuneJulyAugustSeptemberOctoberNovemberDecemberJanuaryFebruaryMarchAprilMayJuneJulyAugustSeptemberOctoberNovemberDecember,27
saudi arabia,2007,76.5,7.3,2.3,8.8,0,0,0,0,0,0
peru,2007,76.4,7.7,5.6,6.6,0,0,0,0,0,0
gambia,2007,76,5.8,8,7.9,0,2,15,4,JanuaryFebruaryMarchAprilMayJuneJulyAugustSeptemberOctoberNovemberDecemberJanuaryFebruaryMarchAprilMayJuneJulyAugustSeptemberOctoberNovemberDecember,30
morocco,2007,76,5.2,6.6,7.8,0,16,2,23,JanuaryFebruaryMarchAprilMayJuneJulyAugustSeptemberOctoberNovemberDecemberJanuaryFebruaryMarchAprilMayJuneJulyAugustSeptemberOctoberNovemberDecember,4
thailand,2007,76,7.2,3,8,0,0,0,0,0,0
algeria,2007,75.9,6.4,3.5,7.3,0,310,694,640,JanuaryFebruaryMarchAprilMayJuneJulyAugustSeptemberOctoberNovemberDecemberJanuaryFebruaryMarchAprilMayJuneJulyAugustSeptemberOctoberNovemberDecember,785
fiji,2007,75.7,7,5.9,9,0,0,0,0,0,0
mali,2007,75.5,4.8,8.7,4.7,0,12,18,20,JanuaryFebruaryMarchAprilMayJuneJulyAugustSeptemberOctoberNovemberDecemberJanuaryFebruaryMarchAprilMayJuneJulyAugustSeptemberOctoberNovemberDecember,18
el salvador,2007,74.9,5.8,5.4,7,0,0,0,0,0,0
turkey,2007,74.9,6.7,4.7,6.1,0,0,0,0,0,0
honduras,2007,74.8,5.9,7.6,7.4,0,0,0,0,0,0
macedonia,2007,74.1,6.1,5.9,7.3,0,0,0,0,0,0
suriname,2007,73.9,6.2,6.9,6.4,0,0,0,0,0,0
samoa,2007,73.8,6.7,6.3,6.7,0,0,0,0,0,0
micronesia,2007,73.5,6,6.5,6.9,0,0,0,0,0,0
gabon,2007,73.3,5.3,4.9,7.3,0,0,0,0,JanuaryFebruaryMarchAprilMayJuneJulyAugustSeptemberOctoberNovemberDecemberJanuaryFebruaryMarchAprilMayJuneJulyAugustSeptemberOctoberNovemberDecember,0
guyana,2007,73.3,5.9,6.8,6.4,0,0,0,0,0,0
paraguay,2007,72.9,4.3,6.7,8.1,0,0,0,0,0,0
mexico,2007,72.6,6.1,6.2,6.1,0,0,0,0,0,0
kazakhstan,2007,72.3,6.7,6.6,7.5,0,0,0,0,0,0
benin,2007,72,5.2,7.1,6.4,0,3,2,8,JanuaryFebruaryMarchAprilMayJuneJulyAugustSeptemberOctoberNovemberDecemberJanuaryFebruaryMarchAprilMayJuneJulyAugustSeptemberOctoberNovemberDecember,4
grenada,2007,71.6,5.9,6.5,6.5,0,0,0,0,0,0
ukraine,2007,71.4,3,5,7.5,0,0,0,0,0,0
namibia,2007,71.3,5.5,5.9,4.4,0,18,0,23,JanuaryFebruaryMarchAprilMayJuneJulyAugustSeptemberOctoberNovemberDecemberJanuaryFebruaryMarchAprilMayJuneJulyAugustSeptemberOctoberNovemberDecember,0
seychelles,2007,71.3,6.2,4,7.9,0,0,0,0,0,0
brunei darussalam,2007,71.2,6.9,3.2,7.7,0,0,0,0,0,0
india,2007,70.8,5,4.6,4.8,0,0,0,0,0,0
albania,2007,70.5,5.5,6.8,7.4,0,0,0,0,0,0
armenia,2007,70.3,4.5,5,6.5,0,0,0,0,0,0
cyprus,2007,70.2,4.2,4.8,5.5,0,0,0,0,0,0
belize,2007,69.8,5.7,6,6.5,0,0,0,0,0,0
libya,2007,69.3,5.3,5.3,7.4,0,1,0,3,JanuaryFebruaryMarchAprilMayJuneJulyAugustSeptemberOctoberNovemberDecemberJanuaryFebruaryMarchAprilMayJuneJulyAugustSeptemberOctoberNovemberDecember,0
trinidad and tobago,2007,67.6,5.7,3.8,6.4,0,0,0,0,0,0
brazil,2007,66.9,6.9,3.2,6.2,0,0,0,0,0,0
senegal,2007,66.9,5.2,5.7,5.7,0,24,8,50,JanuaryFebruaryMarchAprilMayJuneJulyAugustSeptemberOctoberNovemberDecemberJanuaryFebruaryMarchAprilMayJuneJulyAugustSeptemberOctoberNovemberDecember,14
botswana,2007,66.4,3.9,5.6,5.4,0,2,0,4,JanuaryFebruaryMarchAprilMayJuneJulyAugustSeptemberOctoberNovemberDecemberJanuaryFebruaryMarchAprilMayJuneJulyAugustSeptemberOctoberNovemberDecember,0
malaysia,2007,65.9,6.3,4.6,5.9,0,0,0,0,0,0
antigua and barbuda,2007,65.7,5.2,4.8,6.3,0,0,0,0,0,0
tunisia,2007,65.6,5.9,4.3,6.4,0,0,0,2,JanuaryFebruaryMarchAprilMayJuneJulyAugustSeptemberOctoberNovemberDecemberJanuaryFebruaryMarchAprilMayJuneJulyAugustSeptemberOctoberNovemberDecember,14
jamaica,2007,65.1,5.6,5.4,7,0,0,0,0,0,0
kuwait,2007,62.1,5.3,3.1,6.9,0,0,0,0,0,0
ghana,2007,61.9,2.4,4,5.5,0,5,11,11,JanuaryFebruaryMarchAprilMayJuneJulyAugustSeptemberOctoberNovemberDecemberJanuaryFebruaryMarchAprilMayJuneJulyAugustSeptemberOctoberNovemberDecember,16
romania,2007,60.9,3.4,5.7,6.1,0,0,0,0,0,0
croatia,2007,60.5,3.9,5.7,4.2,0,0,0,0,0,0
bulgaria,2007,60.3,5.4,4.3,5.7,0,0,0,0,0,0
bahamas,2007,60.1,5.4,3.2,6.4,0,0,0,0,0,0
barbados,2007,59.9,5.3,5,6.1,0,0,0,0,0,0
panama,2007,59.4,5,5.8,4.8,0,0,0,0,0,0
mongolia,2007,58.4,4.8,5.2,6,0,0,0,0,0,0
south africa,2007,57.4,3.2,2.8,4.3,0,186,15,238,JanuaryFebruaryMarchAprilMayJuneJulyAugustSeptemberOctoberNovemberDecemberJanuaryFebruaryMarchAprilMayJuneJulyAugustSeptemberOctoberNovemberDecember,23
bahrain,2007,57,3.4,3.5,6.8,0,0,0,0,0,0
latvia,2007,56.7,2.2,5.8,4.7,0,0,0,0,0,0
montenegro,2007,55.6,4.8,4,4.5,0,0,0,0,0,0
qatar,2007,53.6,2.5,4.9,7,0,0,0,0,0,0
united arab emirates,2007,51.6,2.1,2.6,7,0,0,0,0,0,0
hungary,2007,51.2,2.1,4.1,6,0,0,0,0,0,0
costa rica,2007,50.5,2,4.8,3.9,0,0,0,0,0,0
estonia,2007,50.5,2.1,3.7,5,0,0,0,0,0,0
slovak republic,2007,49.3,2,4.5,4.2,0,0,0,0,0,0
lithuania,2007,49,2,4.5,4.2,0,0,0,0,0,0
malta,2007,48.5,4.5,3.5,4.5,0,0,0,0,0,0
poland,2007,47.6,2,4.3,4.2,0,0,0,0,0,0
oman,2007,45.5,5.3,3.7,6.3,0,0,0,0,0,0
greece,2007,43.5,3.1,3.5,4,0,0,0,0,0,0
mauritius,2007,42.7,3.5,3.8,5.1,0,0,0,0,0,0
czech republic,2007,42.1,2,2.8,3.7,0,0,0,0,0,0
argentina,2007,41.4,1.9,4.6,3.4,0,0,0,0,0,0
uruguay,2007,40.9,3,3.5,2.9,0,0,0,0,0,0
south korea,2007,39.7,1,1.4,3.9,0,0,0,0,0,0
spain,2007,39.2,4.3,3.4,1.4,0,0,0,0,0,0
germany,2007,38.4,2.5,3,2.3,0,0,0,0,0,0
slovenia,2007,37.5,3,3.2,3.2,0,0,0,0,0,0
italy,2007,37.1,2.5,3.8,3.7,0,0,0,0,0,0
france,2007,34.1,1,2.9,1.5,0,0,0,0,0,0
united kingdom,2007,34.1,3,1.4,2.2,0,0,0,0,0,0
chile,2007,33.8,2,3.8,1.6,0,0,0,0,0,0
united states,2007,33.6,1.3,1.8,2.8,0,0,0,0,0,0
singapore,2007,33,1,3.4,3.6,0,0,0,0,0,0
portugal,2007,32.4,1,3.7,1.5,0,0,0,0,0,0
netherlands,2007,28.6,1,2,1.3,0,0,0,0,0,0
japan,2007,28.5,1,2.6,1.8,0,0,0,0,0,0
luxembourg,2007,28.1,2,2,3.3,0,0,0,0,0,0
austria,2007,26,1,1.9,1.3,0,0,0,0,0,0
belgium,2007,25.5,1.6,2.1,1.5,0,0,0,0,0,0
canada,2007,25.1,1,1.5,1.5,0,0,0,0,0,0
australia,2007,23.2,0.9,1.8,1,0,0,0,0,0,0
denmark,2007,22.2,1,2.1,1,0,0,0,0,0,0
iceland,2007,21.1,1,3.5,1.3,0,0,0,0,0,0
new zealand,2007,20.5,1,3,1.1,0,0,0,0,0,0
switzerland,2007,20.2,1,1.5,1,0,0,0,0,0,0
ireland,2007,19.5,1,2.1,1.5,0,0,0,0,0,0
sweden,2007,19.3,0.9,1.3,1,0,0,0,0,0,0
finland,2007,18.5,0.9,2.2,0.9,0,0,0,0,0,0
norway,2007,17.1,1,2.1,1,0,0,0,0,0,0
somalia,2008,114.2,10,9.4,10,1,1433,2070,3124,JanuaryFebruaryMarchAprilMayJuneJulyAugustSeptemberOctoberNovemberDecemberJanuaryFebruaryMarchAprilMayJuneJulyAugustSeptemberOctoberNovemberDecember,2582
sudan,2008,113,9.8,7.3,10,1,317,2129,707,JanuaryFebruaryMarchAprilMayJuneJulyAugustSeptemberOctoberNovemberDecemberJanuaryFebruaryMarchAprilMayJuneJulyAugustSeptemberOctoberNovemberDecember,3049
zimbabwe,2008,112.5,9.5,10,9.5,1,770,126,2131,JanuaryFebruaryMarchAprilMayJuneJulyAugustSeptemberOctoberNovemberDecemberJanuaryFebruaryMarchAprilMayJuneJulyAugustSeptemberOctoberNovemberDecember,252
chad,2008,110.9,9.8,8.3,9.7,1,74,272,154,JanuaryFebruaryMarchAprilMayJuneJulyAugustSeptemberOctoberNovemberDecemberJanuaryFebruaryMarchAprilMayJuneJulyAugustSeptemberOctoberNovemberDecember,336
iraq,2008,110.6,9.9,7.8,9.4,1,0,0,0,0,0
congo democratic republic,2008,106.7,9.6,8.3,8.3,1,0,0,0,0,0
afghanistan,2008,105.4,9.6,8.5,9.2,1,0,0,0,0,0
cote d'ivoire,2008,104.6,9.2,8.5,8.9,1,0,0,0,0,0
pakistan,2008,103.8,9.6,6.2,9.5,1,0,0,0,0,0
central african republic,2008,103.7,9.4,8.4,9.2,1,84,192,224,JanuaryFebruaryMarchAprilMayJuneJulyAugustSeptemberOctoberNovemberDecemberJanuaryFebruaryMarchAprilMayJuneJulyAugustSeptemberOctoberNovemberDecember,308
guinea,2008,101.8,8.4,8.6,9.7,1,16,6,28,JanuaryFebruaryMarchAprilMayJuneJulyAugustSeptemberOctoberNovemberDecemberJanuaryFebruaryMarchAprilMayJuneJulyAugustSeptemberOctoberNovemberDecember,8
bangladesh,2008,100.3,8.3,7.1,9.1,1,0,0,0,0,0
myanmar,2008,100.3,9.3,7.6,9.5,1,0,0,0,0,0
haiti,2008,99.3,8.9,8.3,9,1,0,0,0,0,0
north korea,2008,97.7,8.3,9.6,9.8,1,0,0,0,0,0
ethiopia,2008,96.1,7.5,8.2,7.9,1,111,639,250,JanuaryFebruaryMarchAprilMayJuneJulyAugustSeptemberOctoberNovemberDecemberJanuaryFebruaryMarchAprilMayJuneJulyAugustSeptemberOctoberNovemberDecember,674
uganda,2008,96.1,8.1,7.6,8.3,1,92,174,191,JanuaryFebruaryMarchAprilMayJuneJulyAugustSeptemberOctoberNovemberDecemberJanuaryFebruaryMarchAprilMayJuneJulyAugustSeptemberOctoberNovemberDecember,276
lebanon,2008,95.7,9.3,6.3,8,1,0,0,0,0,0
nigeria,2008,95.7,9.2,5.9,8.9,1,193,972,440,JanuaryFebruaryMarchAprilMayJuneJulyAugustSeptemberOctoberNovemberDecemberJanuaryFebruaryMarchAprilMayJuneJulyAugustSeptemberOctoberNovemberDecember,1071
sri lanka,2008,95.6,9.3,6,9.2,1,0,0,0,0,0
yemen,2008,95.4,8.2,8.2,8,1,0,0,0,0,0
niger,2008,94.5,7.5,9.2,8.4,1,28,94,58,JanuaryFebruaryMarchAprilMayJuneJulyAugustSeptemberOctoberNovemberDecemberJanuaryFebruaryMarchAprilMayJuneJulyAugustSeptemberOctoberNovemberDecember,98
nepal,2008,94.2,8.5,8.2,8.3,1,0,0,0,0,0
burundi,2008,94.1,6.8,8,7.1,1,105,197,187,JanuaryFebruaryMarchAprilMayJuneJulyAugustSeptemberOctoberNovemberDecemberJanuaryFebruaryMarchAprilMayJuneJulyAugustSeptemberOctoberNovemberDecember,223
timor-leste,2008,93.8,8.8,8.2,9,1,0,0,0,0,0
congo republic,2008,93.4,7.9,8,8.8,1,0,0,0,0,0
kenya,2008,93.4,7.1,6.9,8.2,1,413,1073,883,JanuaryFebruaryMarchAprilMayJuneJulyAugustSeptemberOctoberNovemberDecemberJanuaryFebruaryMarchAprilMayJuneJulyAugustSeptemberOctoberNovemberDecember,1773
uzbekistan,2008,93.4,9,7.7,9.3,1,0,0,0,0,0
malawi,2008,92.9,5.4,9.1,8,1,6,3,14,JanuaryFebruaryMarchAprilMayJuneJulyAugustSeptemberOctoberNovemberDecemberJanuaryFebruaryMarchAprilMayJuneJulyAugustSeptemberOctoberNovemberDecember,6
solomon islands,2008,92.4,7.7,8,8.7,1,0,0,0,0,0
sierra leone,2008,92.3,6.4,8.7,7.7,1,14,7,35,JanuaryFebruaryMarchAprilMayJuneJulyAugustSeptemberOctoberNovemberDecemberJanuaryFebruaryMarchAprilMayJuneJulyAugustSeptemberOctoberNovemberDecember,8
guinea bissau,2008,91.3,8.4,8.2,7.9,1,0,0,0,0,0
cameroon,2008,91.2,7.8,6.1,8.7,1,23,234,42,JanuaryFebruaryMarchAprilMayJuneJulyAugustSeptemberOctoberNovemberDecemberJanuaryFebruaryMarchAprilMayJuneJulyAugustSeptemberOctoberNovemberDecember,337
liberia,2008,91,6.7,8.3,7,1,16,0,29,JanuaryFebruaryMarchAprilMayJuneJulyAugustSeptemberOctoberNovemberDecemberJanuaryFebruaryMarchAprilMayJuneJulyAugustSeptemberOctoberNovemberDecember,0
syria,2008,90.1,7.6,6.8,8.8,1,0,0,0,0,0
burkina faso,2008,89.9,7.6,8.1,7.6,1,12,14,18,JanuaryFebruaryMarchAprilMayJuneJulyAugustSeptemberOctoberNovemberDecemberJanuaryFebruaryMarchAprilMayJuneJulyAugustSeptemberOctoberNovemberDecember,14
colombia,2008,89,8,3.8,7.9,1,0,0,0,0,0
tajikistan,2008,88.9,7.8,7,9.2,1,0,0,0,0,0
kyrgyz republic,2008,88.8,8.1,7.5,8.4,1,0,0,0,0,0
egypt,2008,88.7,6.1,6.9,9,1,86,27,140,JanuaryFebruaryMarchAprilMayJuneJulyAugustSeptemberOctoberNovemberDecemberJanuaryFebruaryMarchAprilMayJuneJulyAugustSeptemberOctoberNovemberDecember,48
laos,2008,88.7,8.2,7.1,8.2,1,0,0,0,0,0
equatorial guinea,2008,88,9,3.9,9.4,1,2,3,4,JanuaryFebruaryMarchAprilMayJuneJulyAugustSeptemberOctoberNovemberDecemberJanuaryFebruaryMarchAprilMayJuneJulyAugustSeptemberOctoberNovemberDecember,4
rwanda,2008,88,4.6,7.3,8.2,1,12,9,22,JanuaryFebruaryMarchAprilMayJuneJulyAugustSeptemberOctoberNovemberDecemberJanuaryFebruaryMarchAprilMayJuneJulyAugustSeptemberOctoberNovemberDecember,16
eritrea,2008,87.4,7.5,8.5,8.4,1,21,250,37,JanuaryFebruaryMarchAprilMayJuneJulyAugustSeptemberOctoberNovemberDecemberJanuaryFebruaryMarchAprilMayJuneJulyAugustSeptemberOctoberNovemberDecember,425
togo,2008,86.8,7.8,8.2,7.2,1,1,1,3,JanuaryFebruaryMarchAprilMayJuneJulyAugustSeptemberOctoberNovemberDecemberJanuaryFebruaryMarchAprilMayJuneJulyAugustSeptemberOctoberNovemberDecember,2
turkmenistan,2008,86.2,8.3,7.1,8.7,1,0,0,0,0,0
mauritania,2008,86.1,7.2,7.8,6.6,1,16,14,24,JanuaryFebruaryMarchAprilMayJuneJulyAugustSeptemberOctoberNovemberDecemberJanuaryFebruaryMarchAprilMayJuneJulyAugustSeptemberOctoberNovemberDecember,14
cambodia,2008,85.8,6.2,6.6,8.3,1,0,0,0,0,0
iran,2008,85.7,8.5,4.3,8,1,0,0,0,0,0
moldova,2008,85.7,6.5,7.2,8.3,1,0,0,0,0,0
bhutan,2008,85.4,4.6,7.8,7.7,1,0,0,0,0,0
papua new guinea,2008,84.6,7,7.3,7.8,1,0,0,0,0,0
belarus,2008,84.4,6.5,6.7,9.3,1,0,0,0,0,0
bosnia and herzegovina,2008,84.3,7.3,5.5,7.9,1,0,0,0,0,0
bolivia,2008,84.2,6.2,6.4,7.4,1,0,0,0,0,0
angola,2008,83.8,6.2,4,8.4,1,10,10,30,JanuaryFebruaryMarchAprilMayJuneJulyAugustSeptemberOctoberNovemberDecemberJanuaryFebruaryMarchAprilMayJuneJulyAugustSeptemberOctoberNovemberDecember,20
georgia,2008,83.8,7.7,5.4,8.4,1,0,0,0,0,0
israel and west bank,2008,83.6,5.5,3.9,7.5,1,0,0,0,0,0
philippines,2008,83.4,7.4,5.9,8.3,1,0,0,0,0,0
indonesia,2008,83.3,7.1,6.3,6.8,1,0,0,0,0,0
lesotho,2008,81.7,6.3,8.2,7.6,1,1,0,1,JanuaryFebruaryMarchAprilMayJuneJulyAugustSeptemberOctoberNovemberDecemberJanuaryFebruaryMarchAprilMayJuneJulyAugustSeptemberOctoberNovemberDecember,0
nicaragua,2008,81.7,6.5,7.5,6.3,1,0,0,0,0,0
zambia,2008,81.6,5.5,8.1,7.8,1,21,11,30,JanuaryFebruaryMarchAprilMayJuneJulyAugustSeptemberOctoberNovemberDecemberJanuaryFebruaryMarchAprilMayJuneJulyAugustSeptemberOctoberNovemberDecember,22
azerbaijan,2008,81,7.2,5.9,8.1,1,0,0,0,0,0
cape verde,2008,80.7,5.8,7.8,7.3,1,0,0,0,0,0
guatemala,2008,80.6,7.3,6.7,7.2,1,0,0,0,0,0
maldives,2008,80.4,6.3,7.1,7.6,1,0,0,0,0,0
china,2008,80.3,5.2,4,8.3,1,0,0,0,0,0
ecuador,2008,80.3,6.7,5.9,7.1,1,0,0,0,0,0
serbia,2008,80.1,6.3,6.5,7.4,1,0,0,0,0,0
djibouti,2008,80,6.5,7.1,7.4,0,2,10,5,JanuaryFebruaryMarchAprilMayJuneJulyAugustSeptemberOctoberNovemberDecemberJanuaryFebruaryMarchAprilMayJuneJulyAugustSeptemberOctoberNovemberDecember,20
swaziland,2008,80,6.5,7.8,8.5,0,0,0,0,0,0
russia,2008,79.7,7,3.7,7.9,0,0,0,0,0,0
comoros,2008,79.6,7,7.3,8.1,0,0,0,0,0,0
tanzania,2008,79.1,5.7,7.2,6.3,0,26,7,49,JanuaryFebruaryMarchAprilMayJuneJulyAugustSeptemberOctoberNovemberDecemberJanuaryFebruaryMarchAprilMayJuneJulyAugustSeptemberOctoberNovemberDecember,9
cuba,2008,78.6,7.7,6.1,7.6,0,0,0,0,0,0
dominican republic,2008,78.4,6.1,5.6,5.8,0,0,0,0,0,0
sao tome and principe,2008,78.3,5.8,8.3,7.4,0,0,0,0,0,0
venezuela,2008,77.9,6.6,4.6,7.1,0,0,0,0,0,0
algeria,2008,77.8,6.7,4,7.5,0,218,460,439,JanuaryFebruaryMarchAprilMayJuneJulyAugustSeptemberOctoberNovemberDecemberJanuaryFebruaryMarchAprilMayJuneJulyAugustSeptemberOctoberNovemberDecember,584
peru,2008,77.5,7.4,5.7,6.4,0,0,0,0,0,0
jordan,2008,77.3,6,6.6,6,0,0,0,0,0,0
gambia,2008,76.9,5.8,7.5,7.9,0,4,0,8,JanuaryFebruaryMarchAprilMayJuneJulyAugustSeptemberOctoberNovemberDecemberJanuaryFebruaryMarchAprilMayJuneJulyAugustSeptemberOctoberNovemberDecember,0
saudi arabia,2008,76.9,7.3,2.3,8.8,0,0,0,0,0,0
mozambique,2008,76.8,5.8,7.4,7.3,0,20,2,37,JanuaryFebruaryMarchAprilMayJuneJulyAugustSeptemberOctoberNovemberDecemberJanuaryFebruaryMarchAprilMayJuneJulyAugustSeptemberOctoberNovemberDecember,4
madagascar,2008,76.7,5.8,7.4,6,0,1,2,2,JanuaryFebruaryMarchAprilMayJuneJulyAugustSeptemberOctoberNovemberDecemberJanuaryFebruaryMarchAprilMayJuneJulyAugustSeptemberOctoberNovemberDecember,2
fiji,2008,76.6,7,5.9,8.7,0,0,0,0,0,0
morocco,2008,75.8,5.1,6.6,7.3,0,10,0,19,JanuaryFebruaryMarchAprilMayJuneJulyAugustSeptemberOctoberNovemberDecemberJanuaryFebruaryMarchAprilMayJuneJulyAugustSeptemberOctoberNovemberDecember,0
mali,2008,75.6,5.9,8.5,4.7,0,21,157,46,JanuaryFebruaryMarchAprilMayJuneJulyAugustSeptemberOctoberNovemberDecemberJanuaryFebruaryMarchAprilMayJuneJulyAugustSeptemberOctoberNovemberDecember,167
thailand,2008,75.6,7,3.6,7.7,0,0,0,0,0,0
el salvador,2008,75.5,6.3,6,7,0,0,0,0,0,0
turkey,2008,75.4,6.7,4.6,6,0,0,0,0,0,0
gabon,2008,75,5.6,5.2,7.5,0,2,0,7,JanuaryFebruaryMarchAprilMayJuneJulyAugustSeptemberOctoberNovemberDecemberJanuaryFebruaryMarchAprilMayJuneJulyAugustSeptemberOctoberNovemberDecember,0
honduras,2008,74.9,6.2,7.2,7.4,0,0,0,0,0,0
macedonia,2008,74.6,5.8,6,7.6,0,0,0,0,0,0
vietnam,2008,74.6,6.4,6.1,7.2,0,0,0,0,0,0
micronesia,2008,74,5.7,6.6,6.9,0,0,0,0,0,0
india,2008,72.9,6.6,4.6,4.8,0,0,0,0,0,0
namibia,2008,72.9,5.5,6,4.7,0,20,0,31,JanuaryFebruaryMarchAprilMayJuneJulyAugustSeptemberOctoberNovemberDecemberJanuaryFebruaryMarchAprilMayJuneJulyAugustSeptemberOctoberNovemberDecember,0
benin,2008,72.8,5.2,7,6.7,0,1,0,1,JanuaryFebruaryMarchAprilMayJuneJulyAugustSeptemberOctoberNovemberDecemberJanuaryFebruaryMarchAprilMayJuneJulyAugustSeptemberOctoberNovemberDecember,0
kazakhstan,2008,72.4,6.5,6,7.7,0,0,0,0,0,0
samoa,2008,72.4,6.3,6.1,6.7,0,0,0,0,0,0
suriname,2008,72.4,6,6.2,6.4,0,0,0,0,0,0
paraguay,2008,72.3,5,6.2,8.3,0,0,0,0,0,0
guyana,2008,72.2,6.7,6.4,6.4,0,0,0,0,0,0
mexico,2008,72.2,5.8,6,6.1,0,0,0,0,0,0
senegal,2008,70.9,6,6,5.7,0,20,8,41,JanuaryFebruaryMarchAprilMayJuneJulyAugustSeptemberOctoberNovemberDecemberJanuaryFebruaryMarchAprilMayJuneJulyAugustSeptemberOctoberNovemberDecember,12
ukraine,2008,70.8,3,5,7.3,0,0,0,0,0,0
armenia,2008,70.7,4.5,5.6,6.5,0,0,0,0,0,0
belize,2008,70.2,5.7,5.8,6.5,0,0,0,0,0,0
libya,2008,70,5.6,5.3,7.4,0,6,40,9,JanuaryFebruaryMarchAprilMayJuneJulyAugustSeptemberOctoberNovemberDecemberJanuaryFebruaryMarchAprilMayJuneJulyAugustSeptemberOctoberNovemberDecember,41
albania,2008,69.7,5.5,6.3,7.2,0,0,0,0,0,0
cyprus,2008,69.7,5,4.2,5.5,0,0,0,0,0,0
seychelles,2008,69.5,6,3.9,7.6,0,0,0,0,0,0
grenada,2008,69,5.4,5.8,6.5,0,0,0,0,0,0
brunei darussalam,2008,68.5,6.3,3.2,7.7,0,0,0,0,0,0
brazil,2008,67.6,7.1,3.7,6.2,0,0,0,0,0,0
malaysia,2008,67.2,6.3,4.2,5.9,0,0,0,0,0,0
trinidad and tobago,2008,67,5.7,4,6.4,0,0,0,0,0,0
botswana,2008,65.9,3.9,5.3,5.4,0,2,1,4,JanuaryFebruaryMarchAprilMayJuneJulyAugustSeptemberOctoberNovemberDecemberJanuaryFebruaryMarchAprilMayJuneJulyAugustSeptemberOctoberNovemberDecember,2
jamaica,2008,65.7,5.6,6,6.9,0,0,0,0,0,0
tunisia,2008,65.6,5.9,4.3,6.6,0,30,4,44,JanuaryFebruaryMarchAprilMayJuneJulyAugustSeptemberOctoberNovemberDecemberJanuaryFebruaryMarchAprilMayJuneJulyAugustSeptemberOctoberNovemberDecember,6
ghana,2008,64.6,2.4,5,5.5,0,11,29,27,JanuaryFebruaryMarchAprilMayJuneJulyAugustSeptemberOctoberNovemberDecemberJanuaryFebruaryMarchAprilMayJuneJulyAugustSeptemberOctoberNovemberDecember,37
antigua and barbuda,2008,64.1,5.2,4.6,6,0,0,0,0,0,0
south africa,2008,62.7,3.9,4.2,5,0,236,45,308,JanuaryFebruaryMarchAprilMayJuneJulyAugustSeptemberOctoberNovemberDecemberJanuaryFebruaryMarchAprilMayJuneJulyAugustSeptemberOctoberNovemberDecember,82
kuwait,2008,62,5.1,2.9,6.7,0,0,0,0,0,0
bahamas,2008,60.5,5.4,3.7,5.9,0,0,0,0,0,0
romania,2008,59.9,3.4,5.2,5.9,0,0,0,0,0,0
croatia,2008,59.4,3.9,5.3,4.4,0,0,0,0,0,0
panama,2008,58.6,5,5.6,4.6,0,0,0,0,0,0
barbados,2008,58.5,5.3,5,5.9,0,0,0,0,0,0
bulgaria,2008,58.5,5.2,4.3,5.4,0,0,0,0,0,0
mongolia,2008,57.8,4.8,5.5,6,0,0,0,0,0,0
bahrain,2008,56.8,3.7,3.3,7,0,0,0,0,0,0
montenegro,2008,55.8,4.6,4,4.3,0,0,0,0,0,0
latvia,2008,54.5,3,5,4.7,0,0,0,0,0,0
qatar,2008,52.7,2.3,4.6,6.8,0,0,0,0,0,0
united arab emirates,2008,51.2,1.9,2.6,7,0,0,0,0,0,0
estonia,2008,51,2.6,3.7,4.8,0,0,0,0,0,0
costa rica,2008,50.9,2.2,4.6,4.1,0,0,0,0,0,0
hungary,2008,50.9,1.9,4.3,5.7,0,0,0,0,0,0
slovak republic,2008,48.8,2,4.2,4,0,0,0,0,0,0
lithuania,2008,48.7,2,4.5,4.4,0,0,0,0,0,0
malta,2008,48.3,4.3,3.5,4.3,0,0,0,0,0,0
poland,2008,47.6,2,4.3,4.2,0,0,0,0,0,0
oman,2008,47.4,5.3,3.9,6.3,0,0,0,0,0,0
greece,2008,45.4,3.1,3.7,4,0,0,0,0,0,0
mauritius,2008,42.4,3.5,3.8,5.1,0,0,0,0,0,0
czech republic,2008,42.1,2,3.4,3.7,0,0,0,0,0,0
spain,2008,41.6,5.2,3.4,1.4,0,0,0,0,0,0
argentina,2008,41.4,1.9,4.5,3.4,0,0,0,0,0,0
uruguay,2008,41.4,3,3.7,2.9,0,0,0,0,0,0
south korea,2008,40.6,1,1.6,3.9,0,0,0,0,0,0
italy,2008,39.9,3.7,3.8,3.8,0,0,0,0,0,0
germany,2008,37.3,2.5,2.8,2.3,0,0,0,0,0,0
slovenia,2008,37.1,3,3,3.2,0,0,0,0,0,0
chile,2008,36.3,2,3.7,2,0,0,0,0,0,0
france,2008,34.8,1,3,1.7,0,0,0,0,0,0
singapore,2008,33.3,1,3.1,4,0,0,0,0,0,0
united kingdom,2008,32.9,3,1.7,2,0,0,0,0,0,0
united states,2008,32.8,1.3,2.3,3,0,0,0,0,0,0
portugal,2008,31.8,1,3.8,1.5,0,0,0,0,0,0
japan,2008,29.7,2,2.3,1.8,0,0,0,0,0,0
belgium,2008,29,1.6,2.5,1.8,0,0,0,0,0,0
luxembourg,2008,27.9,2,1.8,3.3,0,0,0,0,0,0
netherlands,2008,27.3,1,2,1.3,0,0,0,0,0,0
canada,2008,26.3,1,1.5,1.5,0,0,0,0,0,0
austria,2008,25.9,1,1.9,1.3,0,0,0,0,0,0
australia,2008,24.6,0.9,2.3,1,0,0,0,0,0,0
denmark,2008,21.5,1,2.1,1,0,0,0,0,0,0
new zealand,2008,21.4,1,3,1.1,0,0,0,0,0,0
iceland,2008,20.9,1,3,1.3,0,0,0,0,0,0
switzerland,2008,20.3,1,1.5,1,0,0,0,0,0,0
ireland,2008,19.9,1,2,1.5,0,0,0,0,0,0
sweden,2008,19.8,0.9,1.2,1,0,0,0,0,0,0
finland,2008,18.4,0.9,2,0.9,0,0,0,0,0,0
norway,2008,16.8,1,1.8,1,0,0,0,0,0,0
somalia,2009,114.7,10,9.5,10,1,703,1144,1290,JanuaryFebruaryMarchAprilMayJuneJulyAugustSeptemberOctoberNovemberDecemberJanuaryFebruaryMarchAprilMayJuneJulyAugustSeptemberOctoberNovemberDecember,1480
zimbabwe,2009,114,9.7,10,9.8,1,190,31,459,JanuaryFebruaryMarchAprilMayJuneJulyAugustSeptemberOctoberNovemberDecemberJanuaryFebruaryMarchAprilMayJuneJulyAugustSeptemberOctoberNovemberDecember,57
sudan,2009,112.4,9.7,7,9.8,1,347,2852,829,JanuaryFebruaryMarchAprilMayJuneJulyAugustSeptemberOctoberNovemberDecemberJanuaryFebruaryMarchAprilMayJuneJulyAugustSeptemberOctoberNovemberDecember,4420
chad,2009,112.2,9.9,8.3,9.8,1,25,261,55,JanuaryFebruaryMarchAprilMayJuneJulyAugustSeptemberOctoberNovemberDecemberJanuaryFebruaryMarchAprilMayJuneJulyAugustSeptemberOctoberNovemberDecember,263
congo democratic republic,2009,108.7,9.7,8.3,8.6,1,0,0,0,0,0
iraq,2009,108.6,9.7,7.6,9,1,0,0,0,0,0
afghanistan,2009,108.2,9.9,8.3,9.8,1,0,0,0,0,0
central african republic,2009,105.4,9.6,8.4,9.3,1,101,262,242,JanuaryFebruaryMarchAprilMayJuneJulyAugustSeptemberOctoberNovemberDecemberJanuaryFebruaryMarchAprilMayJuneJulyAugustSeptemberOctoberNovemberDecember,343
guinea,2009,104.6,9.4,8.7,9.8,1,35,169,82,JanuaryFebruaryMarchAprilMayJuneJulyAugustSeptemberOctoberNovemberDecemberJanuaryFebruaryMarchAprilMayJuneJulyAugustSeptemberOctoberNovemberDecember,330
pakistan,2009,104.1,9.5,6.4,9.1,1,0,0,0,0,0
cote d'ivoire,2009,102.5,8.5,8.3,9.1,1,0,0,0,0,0
haiti,2009,101.8,8.4,8.9,9.2,1,0,0,0,0,0
myanmar,2009,101.5,8.4,8.2,9.5,1,0,0,0,0,0
kenya,2009,101.4,8,7.5,9,1,139,185,279,JanuaryFebruaryMarchAprilMayJuneJulyAugustSeptemberOctoberNovemberDecemberJanuaryFebruaryMarchAprilMayJuneJulyAugustSeptemberOctoberNovemberDecember,249
nigeria,2009,99.8,9.4,6.6,9.2,1,225,2217,434,JanuaryFebruaryMarchAprilMayJuneJulyAugustSeptemberOctoberNovemberDecemberJanuaryFebruaryMarchAprilMayJuneJulyAugustSeptemberOctoberNovemberDecember,3268
ethiopia,2009,98.9,7.5,8.3,7.9,1,102,1882,206,JanuaryFebruaryMarchAprilMayJuneJulyAugustSeptemberOctoberNovemberDecemberJanuaryFebruaryMarchAprilMayJuneJulyAugustSeptemberOctoberNovemberDecember,1887
north korea,2009,98.3,8.3,9.6,9.8,1,0,0,0,0,0
bangladesh,2009,98.1,8,8,8.5,1,0,0,0,0,0
yemen,2009,98.1,8.4,8.2,8.3,1,0,0,0,0,0
timor-leste,2009,97.2,9,8.4,9.4,1,0,0,0,0,0
uganda,2009,96.9,8.2,7.6,8,1,119,158,223,JanuaryFebruaryMarchAprilMayJuneJulyAugustSeptemberOctoberNovemberDecemberJanuaryFebruaryMarchAprilMayJuneJulyAugustSeptemberOctoberNovemberDecember,199
sri lanka,2009,96.7,9.2,6.1,9,1,0,0,0,0,0
niger,2009,96.5,7.4,9.2,8.7,1,16,14,26,JanuaryFebruaryMarchAprilMayJuneJulyAugustSeptemberOctoberNovemberDecemberJanuaryFebruaryMarchAprilMayJuneJulyAugustSeptemberOctoberNovemberDecember,19
burundi,2009,95.7,7.3,8,7.5,1,75,72,189,JanuaryFebruaryMarchAprilMayJuneJulyAugustSeptemberOctoberNovemberDecemberJanuaryFebruaryMarchAprilMayJuneJulyAugustSeptemberOctoberNovemberDecember,113
nepal,2009,95.4,8.1,8.5,8,1,0,0,0,0,0
cameroon,2009,95.3,7.8,6.9,9.2,1,19,19,40,JanuaryFebruaryMarchAprilMayJuneJulyAugustSeptemberOctoberNovemberDecemberJanuaryFebruaryMarchAprilMayJuneJulyAugustSeptemberOctoberNovemberDecember,37
guinea bissau,2009,94.8,8.5,8.5,8.6,1,0,0,0,0,0
malawi,2009,93.8,5.6,9.1,8.3,1,4,0,10,JanuaryFebruaryMarchAprilMayJuneJulyAugustSeptemberOctoberNovemberDecemberJanuaryFebruaryMarchAprilMayJuneJulyAugustSeptemberOctoberNovemberDecember,0
lebanon,2009,93.5,9.1,6.3,7.8,1,0,0,0,0,0
congo republic,2009,93.1,7.8,8,8.6,1,0,0,0,0,0
uzbekistan,2009,92.8,9,7.2,9,1,0,0,0,0,0
sierra leone,2009,92.1,6.1,8.6,7.4,1,25,5,46,JanuaryFebruaryMarchAprilMayJuneJulyAugustSeptemberOctoberNovemberDecemberJanuaryFebruaryMarchAprilMayJuneJulyAugustSeptemberOctoberNovemberDecember,8
georgia,2009,91.8,7.9,6,9,1,0,0,0,0,0
liberia,2009,91.8,6.9,8.2,7,1,8,0,16,JanuaryFebruaryMarchAprilMayJuneJulyAugustSeptemberOctoberNovemberDecemberJanuaryFebruaryMarchAprilMayJuneJulyAugustSeptemberOctoberNovemberDecember,0
burkina faso,2009,91.3,7.5,8.2,7.9,1,1,0,1,JanuaryFebruaryMarchAprilMayJuneJulyAugustSeptemberOctoberNovemberDecemberJanuaryFebruaryMarchAprilMayJuneJulyAugustSeptemberOctoberNovemberDecember,0
eritrea,2009,90.3,7.4,8.6,8.6,1,10,61,21,JanuaryFebruaryMarchAprilMayJuneJulyAugustSeptemberOctoberNovemberDecemberJanuaryFebruaryMarchAprilMayJuneJulyAugustSeptemberOctoberNovemberDecember,18
tajikistan,2009,90.3,7.5,7.5,8.9,1,0,0,0,0,0
iran,2009,90,8.6,5.5,8.3,1,0,0,0,0,0
syria,2009,89.8,7.8,6.8,8.8,1,0,0,0,0,0
solomon islands,2009,89.6,7.2,8.3,8.3,1,0,0,0,0,0
colombia,2009,89.2,7.5,4.3,7.9,1,0,0,0,0,0
kyrgyz republic,2009,89.1,7.7,7.6,8.3,1,0,0,0,0,0
egypt,2009,89,6.2,7,8.6,1,48,17,93,JanuaryFebruaryMarchAprilMayJuneJulyAugustSeptemberOctoberNovemberDecemberJanuaryFebruaryMarchAprilMayJuneJulyAugustSeptemberOctoberNovemberDecember,30
laos,2009,89,7.6,7.5,8.2,1,0,0,0,0,0
rwanda,2009,89,4.6,7.5,7.9,1,16,8,39,JanuaryFebruaryMarchAprilMayJuneJulyAugustSeptemberOctoberNovemberDecemberJanuaryFebruaryMarchAprilMayJuneJulyAugustSeptemberOctoberNovemberDecember,13
mauritania,2009,88.7,7.9,7.8,7,1,10,2,24,JanuaryFebruaryMarchAprilMayJuneJulyAugustSeptemberOctoberNovemberDecemberJanuaryFebruaryMarchAprilMayJuneJulyAugustSeptemberOctoberNovemberDecember,3
equatorial guinea,2009,88.3,8.6,4.4,9.4,1,6,3,11,JanuaryFebruaryMarchAprilMayJuneJulyAugustSeptemberOctoberNovemberDecemberJanuaryFebruaryMarchAprilMayJuneJulyAugustSeptemberOctoberNovemberDecember,4
bhutan,2009,87.3,5.5,7.5,7.4,1,0,0,0,0,0
cambodia,2009,87.3,6.5,7.5,8.5,1,0,0,0,0,0
togo,2009,87.2,7.4,8.2,7.5,1,5,2,5,JanuaryFebruaryMarchAprilMayJuneJulyAugustSeptemberOctoberNovemberDecemberJanuaryFebruaryMarchAprilMayJuneJulyAugustSeptemberOctoberNovemberDecember,2
bolivia,2009,86.3,6.4,7,7.6,1,0,0,0,0,0
comoros,2009,86.3,7.5,7.8,8.7,1,0,0,0,0,0
philippines,2009,85.8,7.7,6,8.5,1,0,0,0,0,0
moldova,2009,85.1,8,6.8,8.1,1,0,0,0,0,0
angola,2009,85,6.2,4.5,8,1,13,5,34,JanuaryFebruaryMarchAprilMayJuneJulyAugustSeptemberOctoberNovemberDecemberJanuaryFebruaryMarchAprilMayJuneJulyAugustSeptemberOctoberNovemberDecember,8
azerbaijan,2009,84.6,7.3,6.1,8.2,1,0,0,0,0,0
china,2009,84.6,6,4.5,8.5,1,0,0,0,0,0
israel and west bank,2009,84.6,6,4.1,7.5,1,0,0,0,0,0
turkmenistan,2009,84.3,7.6,6.9,8.5,1,0,0,0,0,0
zambia,2009,84.2,5.2,8.5,7.8,1,47,16,64,JanuaryFebruaryMarchAprilMayJuneJulyAugustSeptemberOctoberNovemberDecemberJanuaryFebruaryMarchAprilMayJuneJulyAugustSeptemberOctoberNovemberDecember,32
indonesia,2009,84.1,7.3,6.9,6.7,1,0,0,0,0,0
papua new guinea,2009,84.1,6.7,6.8,7.7,1,0,0,0,0,0
bosnia and herzegovina,2009,83.3,7.4,5.5,8.2,1,0,0,0,0,0
nicaragua,2009,82.6,6.5,7.7,7.1,1,0,0,0,0,0
swaziland,2009,82.4,6.8,8,8.8,1,0,0,0,0,0
belarus,2009,82.3,6.6,6.6,8.9,1,0,0,0,0,0
lesotho,2009,81.8,5.5,8.4,7.4,1,2,4,5,JanuaryFebruaryMarchAprilMayJuneJulyAugustSeptemberOctoberNovemberDecemberJanuaryFebruaryMarchAprilMayJuneJulyAugustSeptemberOctoberNovemberDecember,4
madagascar,2009,81.6,5.9,7.4,6.6,1,101,145,146,JanuaryFebruaryMarchAprilMayJuneJulyAugustSeptemberOctoberNovemberDecemberJanuaryFebruaryMarchAprilMayJuneJulyAugustSeptemberOctoberNovemberDecember,227
ecuador,2009,81.2,6.8,6.4,7,1,0,0,0,0,0
tanzania,2009,81.1,5.4,7.5,6.7,1,10,31,19,JanuaryFebruaryMarchAprilMayJuneJulyAugustSeptemberOctoberNovemberDecemberJanuaryFebruaryMarchAprilMayJuneJulyAugustSeptemberOctoberNovemberDecember,18
russia,2009,80.8,6.9,4.6,8,1,0,0,0,0,0
mozambique,2009,80.7,6,8,7.3,1,47,4,102,JanuaryFebruaryMarchAprilMayJuneJulyAugustSeptemberOctoberNovemberDecemberJanuaryFebruaryMarchAprilMayJuneJulyAugustSeptemberOctoberNovemberDecember,4
algeria,2009,80.6,7,4.6,7.7,1,239,514,408,JanuaryFebruaryMarchAprilMayJuneJulyAugustSeptemberOctoberNovemberDecemberJanuaryFebruaryMarchAprilMayJuneJulyAugustSeptemberOctoberNovemberDecember,540
cuba,2009,80.6,7.5,6.3,7.5,1,0,0,0,0,0
djibouti,2009,80.6,6.2,6.6,7.4,1,6,4,13,JanuaryFebruaryMarchAprilMayJuneJulyAugustSeptemberOctoberNovemberDecemberJanuaryFebruaryMarchAprilMayJuneJulyAugustSeptemberOctoberNovemberDecember,4
guatemala,2009,80.6,7.1,6.6,7.1,1,0,0,0,0,0
venezuela,2009,79.5,6.9,5.3,7.2,0,0,0,0,0,0
serbia,2009,79.2,6.3,5.9,7.3,0,0,0,0,0,0
thailand,2009,79.2,7.5,3.8,8.2,0,0,0,0,0,0
gambia,2009,79,6,7.4,7.8,0,4,18,11,JanuaryFebruaryMarchAprilMayJuneJulyAugustSeptemberOctoberNovemberDecemberJanuaryFebruaryMarchAprilMayJuneJulyAugustSeptemberOctoberNovemberDecember,36
fiji,2009,78.8,6.7,6.3,8.6,0,0,0,0,0,0
maldives,2009,78.8,6.3,6.7,7.2,0,0,0,0,0,0
mali,2009,78.7,6.5,8.3,5.3,0,10,74,22,JanuaryFebruaryMarchAprilMayJuneJulyAugustSeptemberOctoberNovemberDecemberJanuaryFebruaryMarchAprilMayJuneJulyAugustSeptemberOctoberNovemberDecember,84
cape verde,2009,78.5,5.7,7.2,7.4,0,0,0,0,0,0
turkey,2009,78.2,7,5.3,6.5,0,0,0,0,0,0
jordan,2009,77.9,6,6.5,6,0,0,0,0,0,0
india,2009,77.8,7.1,5,5.5,0,0,0,0,0,0
dominican republic,2009,77.7,5.8,5.6,5.8,0,0,0,0,0,0
saudi arabia,2009,77.5,8,2.7,8.4,0,0,0,0,0,0
el salvador,2009,77.2,6.4,6.3,7,0,0,0,0,0,0
honduras,2009,77.2,6,7.2,7,0,0,0,0,0,0
morocco,2009,77.1,5.1,6.5,7.4,0,6,0,8,JanuaryFebruaryMarchAprilMayJuneJulyAugustSeptemberOctoberNovemberDecemberJanuaryFebruaryMarchAprilMayJuneJulyAugustSeptemberOctoberNovemberDecember,0
peru,2009,77.1,7.2,5.6,6.9,0,0,0,0,0,0
vietnam,2009,76.9,6.2,6.7,7.3,0,0,0,0,0,0
sao tome and principe,2009,76.7,5.6,7.9,7.3,0,0,0,0,0,0
namibia,2009,75.6,5.8,6.1,5,0,9,0,12,JanuaryFebruaryMarchAprilMayJuneJulyAugustSeptemberOctoberNovemberDecemberJanuaryFebruaryMarchAprilMayJuneJulyAugustSeptemberOctoberNovemberDecember,0
benin,2009,75.5,5.2,6.9,6.6,0,2,1,4,JanuaryFebruaryMarchAprilMayJuneJulyAugustSeptemberOctoberNovemberDecemberJanuaryFebruaryMarchAprilMayJuneJulyAugustSeptemberOctoberNovemberDecember,2
mexico,2009,75.4,7,6.1,6.8,0,0,0,0,0,0
gabon,2009,74.4,5.9,5.5,7.3,0,8,0,7,JanuaryFebruaryMarchAprilMayJuneJulyAugustSeptemberOctoberNovemberDecemberJanuaryFebruaryMarchAprilMayJuneJulyAugustSeptemberOctoberNovemberDecember,0
macedonia,2009,74.4,5.8,6.3,7.4,0,0,0,0,0,0
armenia,2009,74.3,5.3,5.3,7.1,0,0,0,0,0,0
senegal,2009,74.2,5.9,6.5,6,0,22,18,49,JanuaryFebruaryMarchAprilMayJuneJulyAugustSeptemberOctoberNovemberDecemberJanuaryFebruaryMarchAprilMayJuneJulyAugustSeptemberOctoberNovemberDecember,27
suriname,2009,73.2,6.2,6.3,6.7,0,0,0,0,0,0
guyana,2009,73,6.8,6.6,6.7,0,0,0,0,0,0
kazakhstan,2009,72.5,6.5,6.4,7.7,0,0,0,0,0,0
paraguay,2009,72,5.3,5.9,7.9,0,0,0,0,0,0
micronesia,2009,71.9,5.3,6.6,6.6,0,0,0,0,0,0
samoa,2009,71.4,6,5.8,6.6,0,0,0,0,0,0
albania,2009,70,5.5,6.5,7.3,0,0,0,0,0,0
ukraine,2009,69.7,3.3,5.5,7.2,0,0,0,0,0,0
belize,2009,69.5,5.9,6,6.2,0,0,0,0,0,0
libya,2009,69.4,5.4,5.5,7.1,0,6,10,9,JanuaryFebruaryMarchAprilMayJuneJulyAugustSeptemberOctoberNovemberDecemberJanuaryFebruaryMarchAprilMayJuneJulyAugustSeptemberOctoberNovemberDecember,20
brazil,2009,69.1,6.9,4.1,6.4,0,0,0,0,0,0
cyprus,2009,68.9,5.2,4,5.4,0,0,0,0,0,0
malaysia,2009,68.9,6.1,4.7,6.1,0,0,0,0,0,0
botswana,2009,68.8,4,5.6,5.8,0,2,1,3,JanuaryFebruaryMarchAprilMayJuneJulyAugustSeptemberOctoberNovemberDecemberJanuaryFebruaryMarchAprilMayJuneJulyAugustSeptemberOctoberNovemberDecember,1
jamaica,2009,68.6,6,6.6,7,0,0,0,0,0,0
brunei darussalam,2009,68.1,6.1,3.4,7.9,0,0,0,0,0,0
grenada,2009,67.9,5.5,5.9,6.3,0,0,0,0,0,0
seychelles,2009,67.7,5.6,4.8,7.1,0,0,0,0,0,0
tunisia,2009,67.6,6.2,4.9,6.6,0,1,0,1,JanuaryFebruaryMarchAprilMayJuneJulyAugustSeptemberOctoberNovemberDecemberJanuaryFebruaryMarchAprilMayJuneJulyAugustSeptemberOctoberNovemberDecember,0
south africa,2009,67.4,4.3,4.6,5.5,0,367,37,465,JanuaryFebruaryMarchAprilMayJuneJulyAugustSeptemberOctoberNovemberDecemberJanuaryFebruaryMarchAprilMayJuneJulyAugustSeptemberOctoberNovemberDecember,70
trinidad and tobago,2009,66.7,5.7,4.5,6.1,0,0,0,0,0,0
ghana,2009,66.2,2.4,5.5,5.3,0,20,21,49,JanuaryFebruaryMarchAprilMayJuneJulyAugustSeptemberOctoberNovemberDecemberJanuaryFebruaryMarchAprilMayJuneJulyAugustSeptemberOctoberNovemberDecember,29
kuwait,2009,63.4,5.1,3.5,6.5,0,0,0,0,0,0
antigua and barbuda,2009,62.8,5,4.8,5.8,0,0,0,0,0,0
mongolia,2009,61.9,5,5.9,6.7,0,0,0,0,0,0
bulgaria,2009,61.5,5.3,5,6,0,0,0,0,0,0
romania,2009,61.3,4.3,5.3,6.2,0,0,0,0,0,0
bahamas,2009,60.9,5.3,4.4,5.5,0,0,0,0,0,0
croatia,2009,60.1,4.3,5.9,4.5,0,0,0,0,0,0
panama,2009,59.7,5.1,5.6,4.7,0,0,0,0,0,0
bahrain,2009,59,4.4,3.5,6.9,0,0,0,0,0,0
montenegro,2009,58,4.7,4.6,4.7,0,0,0,0,0,0
barbados,2009,57.2,5,5.2,4.5,0,0,0,0,0,0
latvia,2009,54.6,2.9,5.5,5.1,0,0,0,0,0,0
costa rica,2009,52.5,2.2,5,4.1,0,0,0,0,0,0
qatar,2009,51.9,2.5,4.4,6.5,0,0,0,0,0,0
united arab emirates,2009,51.8,2.3,3.2,6.7,0,0,0,0,0,0
estonia,2009,51.2,2.5,4.4,4.7,0,0,0,0,0,0
hungary,2009,50.7,2.1,5,5.5,0,0,0,0,0,0
poland,2009,49.6,2.3,4.8,4.4,0,0,0,0,0,0
malta,2009,48.8,4,3.9,4.3,0,0,0,0,0,0
slovak republic,2009,48.6,2,4.6,3.9,0,0,0,0,0,0
lithuania,2009,48,2.1,4.7,4.1,0,0,0,0,0,0
oman,2009,47.2,5,4.4,6,0,0,0,0,0,0
greece,2009,46.1,3.5,4,4.5,0,0,0,0,0,0
argentina,2009,44.7,2.1,4.8,3.4,0,0,0,0,0,0
mauritius,2009,44.7,3.6,4.3,5.3,0,0,0,0,0,0
italy,2009,43.9,4,4.4,4.3,0,0,0,0,0,0
spain,2009,43.3,5.2,4,1.3,0,0,0,0,0,0
czech republic,2009,42.6,2,4.1,3.6,0,0,0,0,0,0
south korea,2009,41.6,1.4,2.1,4.1,0,0,0,0,0,0
uruguay,2009,41.2,3.3,4.1,2.8,0,0,0,0,0,0
chile,2009,37.5,2,4.3,2,0,0,0,0,0,0
slovenia,2009,36.3,2.7,3.6,3,0,0,0,0,0,0
germany,2009,36.2,2.1,3.2,2.3,0,0,0,0,0,0
france,2009,35.3,1.2,3.3,1.8,0,0,0,0,0,0
united states,2009,34,1.4,2.9,3,0,0,0,0,0,0
singapore,2009,33.8,1,3.2,4,0,0,0,0,0,0
united kingdom,2009,33.6,2.6,2.5,1.8,0,0,0,0,0,0
belgium,2009,33.5,1.7,3.2,2.8,0,0,0,0,0,0
portugal,2009,32.7,1.1,4.2,1.6,0,0,0,0,0,0
japan,2009,31.2,2,3.1,2,0,0,0,0,0,0
iceland,2009,29,1,6.7,2.2,0,0,0,0,0,0
canada,2009,27.7,1.1,2,1.7,0,0,0,0,0,0
austria,2009,27.6,1,2.3,1.6,0,0,0,0,0,0
luxembourg,2009,27.6,2,2.2,2.9,0,0,0,0,0,0
netherlands,2009,27,1,2.5,1.4,0,0,0,0,0,0
australia,2009,25.9,1,2.8,1.4,0,0,0,0,0,0
new zealand,2009,23.3,1,3.6,1.1,0,0,0,0,0,0
denmark,2009,23.2,1.3,2.7,1.3,0,0,0,0,0,0
ireland,2009,21.6,1.1,2.7,1.8,0,0,0,0,0,0
switzerland,2009,21.2,1,2.1,1.2,0,0,0,0,0,0
sweden,2009,20.6,1.1,1.6,1,0,0,0,0,0,0
finland,2009,19.2,0.9,2.4,0.9,0,0,0,0,0,0
norway,2009,18.3,1.1,2.3,1,0,0,0,0,0,0
somalia,2010,114.3,10,9.6,10,1,1307,3646,2529,JanuaryFebruaryMarchAprilMayJuneJulyAugustSeptemberOctoberNovemberDecemberJanuaryFebruaryMarchAprilMayJuneJulyAugustSeptemberOctoberNovemberDecember,4387
chad,2010,113.3,9.9,8.5,9.9,1,10,109,19,JanuaryFebruaryMarchAprilMayJuneJulyAugustSeptemberOctoberNovemberDecemberJanuaryFebruaryMarchAprilMayJuneJulyAugustSeptemberOctoberNovemberDecember,109
sudan,2010,111.8,9.8,6.7,9.9,1,281,1756,641,JanuaryFebruaryMarchAprilMayJuneJulyAugustSeptemberOctoberNovemberDecemberJanuaryFebruaryMarchAprilMayJuneJulyAugustSeptemberOctoberNovemberDecember,2051
zimbabwe,2010,110.2,9.2,9.6,9.6,1,192,9,397,JanuaryFebruaryMarchAprilMayJuneJulyAugustSeptemberOctoberNovemberDecemberJanuaryFebruaryMarchAprilMayJuneJulyAugustSeptemberOctoberNovemberDecember,17
congo democratic republic,2010,109.9,9.8,8.7,8.8,1,0,0,0,0,0
afghanistan,2010,109.3,9.7,8.3,10,1,0,0,0,0,0
iraq,2010,107.3,9.5,7.6,9,1,0,0,0,0,0
central african republic,2010,106.4,9.7,8.4,9,1,167,410,425,JanuaryFebruaryMarchAprilMayJuneJulyAugustSeptemberOctoberNovemberDecemberJanuaryFebruaryMarchAprilMayJuneJulyAugustSeptemberOctoberNovemberDecember,607
guinea,2010,105,9.4,8.9,9.8,1,24,32,47,JanuaryFebruaryMarchAprilMayJuneJulyAugustSeptemberOctoberNovemberDecemberJanuaryFebruaryMarchAprilMayJuneJulyAugustSeptemberOctoberNovemberDecember,35
pakistan,2010,102.5,9.7,6.2,8.9,1,0,0,7944,JanuaryFebruaryMarchAprilMayJuneJulyAugustSeptemberOctoberNovemberDecemberJanuaryFebruaryMarchAprilMayJuneJulyAugustSeptemberOctoberNovemberDecember,9826
haiti,2010,101.6,8.2,9.2,9.3,1,0,0,0,0,0
cote d'ivoire,2010,101.2,8.2,8,9,1,0,0,0,0,0
kenya,2010,100.7,7.5,7.4,9.3,1,162,220,315,JanuaryFebruaryMarchAprilMayJuneJulyAugustSeptemberOctoberNovemberDecemberJanuaryFebruaryMarchAprilMayJuneJulyAugustSeptemberOctoberNovemberDecember,305
nigeria,2010,100.2,9.3,6.9,9.4,1,472,1906,979,JanuaryFebruaryMarchAprilMayJuneJulyAugustSeptemberOctoberNovemberDecemberJanuaryFebruaryMarchAprilMayJuneJulyAugustSeptemberOctoberNovemberDecember,3350
yemen,2010,100,8.9,7.9,8.7,1,0,0,0,0,0
myanmar,2010,99.4,8.2,8.2,9.6,1,0,0,414,JanuaryFebruaryMarchAprilMayJuneJulyAugustSeptemberOctoberNovemberDecemberJanuaryFebruaryMarchAprilMayJuneJulyAugustSeptemberOctoberNovemberDecember,337
ethiopia,2010,98.8,7.8,8,7.7,1,189,1568,411,JanuaryFebruaryMarchAprilMayJuneJulyAugustSeptemberOctoberNovemberDecemberJanuaryFebruaryMarchAprilMayJuneJulyAugustSeptemberOctoberNovemberDecember,1703
timor-leste,2010,98.2,8.8,8.4,9.1,1,0,0,0,0,0
niger,2010,97.8,7.3,9.2,8.9,1,10,21,21,JanuaryFebruaryMarchAprilMayJuneJulyAugustSeptemberOctoberNovemberDecemberJanuaryFebruaryMarchAprilMayJuneJulyAugustSeptemberOctoberNovemberDecember,22
north korea,2010,97.8,8.1,9.6,9.9,1,0,0,0,0,0
uganda,2010,97.5,8.7,7.2,7.9,1,122,289,263,JanuaryFebruaryMarchAprilMayJuneJulyAugustSeptemberOctoberNovemberDecemberJanuaryFebruaryMarchAprilMayJuneJulyAugustSeptemberOctoberNovemberDecember,445
guinea bissau,2010,97.2,8.9,8.3,9.1,1,0,0,0,0,0
burundi,2010,96.7,7.1,8.2,7.6,1,99,153,263,JanuaryFebruaryMarchAprilMayJuneJulyAugustSeptemberOctoberNovemberDecemberJanuaryFebruaryMarchAprilMayJuneJulyAugustSeptemberOctoberNovemberDecember,279
bangladesh,2010,96.1,8.1,7.9,8,1,0,0,4785,JanuaryFebruaryMarchAprilMayJuneJulyAugustSeptemberOctoberNovemberDecemberJanuaryFebruaryMarchAprilMayJuneJulyAugustSeptemberOctoberNovemberDecember,971
sri lanka,2010,95.7,8.5,5.9,8.6,1,0,0,513,JanuaryFebruaryMarchAprilMayJuneJulyAugustSeptemberOctoberNovemberDecemberJanuaryFebruaryMarchAprilMayJuneJulyAugustSeptemberOctoberNovemberDecember,52
cameroon,2010,95.4,7.8,7,9,1,16,6,32,JanuaryFebruaryMarchAprilMayJuneJulyAugustSeptemberOctoberNovemberDecemberJanuaryFebruaryMarchAprilMayJuneJulyAugustSeptemberOctoberNovemberDecember,8
nepal,2010,95.4,7.7,8.3,8.1,1,0,0,801,JanuaryFebruaryMarchAprilMayJuneJulyAugustSeptemberOctoberNovemberDecemberJanuaryFebruaryMarchAprilMayJuneJulyAugustSeptemberOctoberNovemberDecember,67
malawi,2010,93.6,5.4,9.2,8.1,1,5,0,9,JanuaryFebruaryMarchAprilMayJuneJulyAugustSeptemberOctoberNovemberDecemberJanuaryFebruaryMarchAprilMayJuneJulyAugustSeptemberOctoberNovemberDecember,0
sierra leone,2010,93.6,5.9,8.6,7.7,1,12,0,19,JanuaryFebruaryMarchAprilMayJuneJulyAugustSeptemberOctoberNovemberDecemberJanuaryFebruaryMarchAprilMayJuneJulyAugustSeptemberOctoberNovemberDecember,0
eritrea,2010,93.3,7.6,8.6,8.8,1,1,18,6,JanuaryFebruaryMarchAprilMayJuneJulyAugustSeptemberOctoberNovemberDecemberJanuaryFebruaryMarchAprilMayJuneJulyAugustSeptemberOctoberNovemberDecember,70
congo republic,2010,92.5,7.6,7.8,9.1,1,0,0,0,0,0
iran,2010,92.2,8.9,5.5,9,1,0,0,0,0,0
liberia,2010,91.7,6.7,8,7.1,1,10,12,18,JanuaryFebruaryMarchAprilMayJuneJulyAugustSeptemberOctoberNovemberDecemberJanuaryFebruaryMarchAprilMayJuneJulyAugustSeptemberOctoberNovemberDecember,23
lebanon,2010,90.9,8.9,6.1,7.3,1,0,0,0,0,0
burkina faso,2010,90.7,7.3,8,7.7,1,5,1,4,JanuaryFebruaryMarchAprilMayJuneJulyAugustSeptemberOctoberNovemberDecemberJanuaryFebruaryMarchAprilMayJuneJulyAugustSeptemberOctoberNovemberDecember,1
uzbekistan,2010,90.5,8.8,7,8.5,1,0,0,0,0,0
georgia,2010,90.4,8,6.5,9,1,0,0,0,0,0
tajikistan,2010,89.2,7.3,7.5,8.9,1,0,0,0,0,0
mauritania,2010,89.1,7.9,7.7,7.5,1,14,26,19,JanuaryFebruaryMarchAprilMayJuneJulyAugustSeptemberOctoberNovemberDecemberJanuaryFebruaryMarchAprilMayJuneJulyAugustSeptemberOctoberNovemberDecember,26
cambodia,2010,88.7,6.4,7.7,8.7,1,0,0,314,JanuaryFebruaryMarchAprilMayJuneJulyAugustSeptemberOctoberNovemberDecemberJanuaryFebruaryMarchAprilMayJuneJulyAugustSeptemberOctoberNovemberDecember,35
laos,2010,88.7,7.4,7.3,8.3,1,0,0,0,JanuaryFebruaryMarchAprilMayJuneJulyAugustSeptemberOctoberNovemberDecemberJanuaryFebruaryMarchAprilMayJuneJulyAugustSeptemberOctoberNovemberDecember,0
rwanda,2010,88.7,5,7,7.5,1,51,21,147,JanuaryFebruaryMarchAprilMayJuneJulyAugustSeptemberOctoberNovemberDecemberJanuaryFebruaryMarchAprilMayJuneJulyAugustSeptemberOctoberNovemberDecember,42
solomon islands,2010,88.6,7,8,8.1,1,0,0,0,0,0
equatorial guinea,2010,88.5,8.4,4.7,9.6,1,1,7,3,JanuaryFebruaryMarchAprilMayJuneJulyAugustSeptemberOctoberNovemberDecemberJanuaryFebruaryMarchAprilMayJuneJulyAugustSeptemberOctoberNovemberDecember,14
kyrgyz republic,2010,88.4,7.6,7.9,8.4,1,0,0,0,0,0
colombia,2010,88.2,7.7,4.6,7.7,1,0,0,0,0,0
togo,2010,88.1,7.6,8,7.5,1,18,0,21,JanuaryFebruaryMarchAprilMayJuneJulyAugustSeptemberOctoberNovemberDecemberJanuaryFebruaryMarchAprilMayJuneJulyAugustSeptemberOctoberNovemberDecember,0
syria,2010,87.9,7.6,6.3,8.6,1,0,0,0,0,0
egypt,2010,87.6,6.5,6.8,8.4,1,122,70,226,JanuaryFebruaryMarchAprilMayJuneJulyAugustSeptemberOctoberNovemberDecemberJanuaryFebruaryMarchAprilMayJuneJulyAugustSeptemberOctoberNovemberDecember,132
bhutan,2010,87.3,5.8,7.5,6.9,1,0,0,0,0,0
philippines,2010,87.1,7.9,5.8,8.6,1,0,0,0,0,0
comoros,2010,85.1,7.5,7.6,8.2,1,0,0,0,0,0
bolivia,2010,84.9,6.5,6.8,7.1,1,0,0,0,0,0
israel and west bank,2010,84.6,6.5,4.4,7.3,1,0,0,0,0,0
azerbaijan,2010,84.4,7.3,5.9,8,1,0,0,0,0,0
papua new guinea,2010,83.9,6.5,6.3,7.8,1,0,0,0,0,0
zambia,2010,83.9,5,8,7.5,1,17,0,35,JanuaryFebruaryMarchAprilMayJuneJulyAugustSeptemberOctoberNovemberDecemberJanuaryFebruaryMarchAprilMayJuneJulyAugustSeptemberOctoberNovemberDecember,0
moldova,2010,83.8,7.8,7,7.9,1,0,0,0,0,0
angola,2010,83.7,5.9,5,8.1,1,9,15,22,JanuaryFebruaryMarchAprilMayJuneJulyAugustSeptemberOctoberNovemberDecemberJanuaryFebruaryMarchAprilMayJuneJulyAugustSeptemberOctoberNovemberDecember,28
bosnia and herzegovina,2010,83.5,7.2,5.7,8,1,0,0,0,0,0
indonesia,2010,83.1,7.3,6.7,6.9,1,0,0,0,0,0
china,2010,83,5.8,4.3,8.3,1,0,0,0,0,0
swaziland,2010,82.8,6.6,8.2,8.6,1,0,0,0,0,0
madagascar,2010,82.6,6.4,7.2,7.1,1,17,3,31,JanuaryFebruaryMarchAprilMayJuneJulyAugustSeptemberOctoberNovemberDecemberJanuaryFebruaryMarchAprilMayJuneJulyAugustSeptemberOctoberNovemberDecember,5
nicaragua,2010,82.5,6.5,7.9,7.6,1,0,0,0,0,0
turkmenistan,2010,82.5,7.7,6.6,8.4,1,0,0,0,0,0
lesotho,2010,82.2,5.9,8.7,7.2,1,3,1,5,JanuaryFebruaryMarchAprilMayJuneJulyAugustSeptemberOctoberNovemberDecemberJanuaryFebruaryMarchAprilMayJuneJulyAugustSeptemberOctoberNovemberDecember,2
djibouti,2010,81.9,6,6.4,7.2,1,10,3,21,JanuaryFebruaryMarchAprilMayJuneJulyAugustSeptemberOctoberNovemberDecemberJanuaryFebruaryMarchAprilMayJuneJulyAugustSeptemberOctoberNovemberDecember,3
ecuador,2010,81.7,6.6,6.7,7.4,1,0,0,0,0,0
mozambique,2010,81.7,6.2,7.8,7.5,1,23,26,48,JanuaryFebruaryMarchAprilMayJuneJulyAugustSeptemberOctoberNovemberDecemberJanuaryFebruaryMarchAprilMayJuneJulyAugustSeptemberOctoberNovemberDecember,29
algeria,2010,81.3,7.5,5.1,7.5,1,127,246,250,JanuaryFebruaryMarchAprilMayJuneJulyAugustSeptemberOctoberNovemberDecemberJanuaryFebruaryMarchAprilMayJuneJulyAugustSeptemberOctoberNovemberDecember,286
guatemala,2010,81.2,7.2,6.9,7.1,1,0,0,0,0,0
tanzania,2010,81.2,5.6,7.2,6.5,1,5,21,10,JanuaryFebruaryMarchAprilMayJuneJulyAugustSeptemberOctoberNovemberDecemberJanuaryFebruaryMarchAprilMayJuneJulyAugustSeptemberOctoberNovemberDecember,42
fiji,2010,80.5,6.8,6.7,8.9,1,0,0,0,0,0
gambia,2010,80.2,5.8,7.5,7.6,1,3,0,5,JanuaryFebruaryMarchAprilMayJuneJulyAugustSeptemberOctoberNovemberDecemberJanuaryFebruaryMarchAprilMayJuneJulyAugustSeptemberOctoberNovemberDecember,0
honduras,2010,80,7,7.5,7.5,0,0,0,0,0,0
cuba,2010,79.4,7.3,6.3,7,0,0,0,0,0,0
mali,2010,79.3,7,8.1,5.4,0,18,47,35,JanuaryFebruaryMarchAprilMayJuneJulyAugustSeptemberOctoberNovemberDecemberJanuaryFebruaryMarchAprilMayJuneJulyAugustSeptemberOctoberNovemberDecember,50
india,2010,79.2,7.6,5.1,5.8,0,0,0,0,0,0
russia,2010,79,6.8,5.1,8.1,0,0,0,0,0,0
thailand,2010,78.8,7.4,4.3,8,0,0,0,2105,JanuaryFebruaryMarchAprilMayJuneJulyAugustSeptemberOctoberNovemberDecemberJanuaryFebruaryMarchAprilMayJuneJulyAugustSeptemberOctoberNovemberDecember,684
belarus,2010,78.7,6.2,6.7,8.7,0,0,0,0,0,0
venezuela,2010,78.7,6.7,5.8,7.2,0,0,0,0,0,0
maldives,2010,78.3,6.1,7,7.3,0,0,0,0,0,0
el salvador,2010,78.1,6.7,6.6,6.8,0,0,0,0,0,0
serbia,2010,77.8,6.5,6.2,6.8,0,0,0,0,0,0
saudi arabia,2010,77.5,7.8,3.1,8.2,0,0,0,0,0,0
cape verde,2010,77.2,5.5,7,7.2,0,0,0,0,0,0
turkey,2010,77.1,7.4,5.8,6,0,0,0,0,0,0
jordan,2010,77,5.9,6.2,5.9,0,0,0,0,0,0
morocco,2010,77,5.4,6.5,7.2,0,15,30,27,JanuaryFebruaryMarchAprilMayJuneJulyAugustSeptemberOctoberNovemberDecemberJanuaryFebruaryMarchAprilMayJuneJulyAugustSeptemberOctoberNovemberDecember,32
peru,2010,76.9,7.4,5.6,6.9,0,0,0,0,0,0
benin,2010,76.8,5.3,7.4,6.4,0,10,0,12,JanuaryFebruaryMarchAprilMayJuneJulyAugustSeptemberOctoberNovemberDecemberJanuaryFebruaryMarchAprilMayJuneJulyAugustSeptemberOctoberNovemberDecember,0
dominican republic,2010,76.8,5.6,5.9,5.6,0,0,0,0,0,0
vietnam,2010,76.6,6,6.6,7.3,0,0,0,77,JanuaryFebruaryMarchAprilMayJuneJulyAugustSeptemberOctoberNovemberDecemberJanuaryFebruaryMarchAprilMayJuneJulyAugustSeptemberOctoberNovemberDecember,24
mexico,2010,76.1,7.5,6.5,6.6,0,0,0,0,0,0
sao tome and principe,2010,75.8,6,7.3,7.3,0,0,0,0,0,0
gabon,2010,75.3,5.7,5.9,7.8,0,3,0,3,JanuaryFebruaryMarchAprilMayJuneJulyAugustSeptemberOctoberNovemberDecemberJanuaryFebruaryMarchAprilMayJuneJulyAugustSeptemberOctoberNovemberDecember,0
senegal,2010,74.6,6.3,6.2,5.9,0,23,22,40,JanuaryFebruaryMarchAprilMayJuneJulyAugustSeptemberOctoberNovemberDecemberJanuaryFebruaryMarchAprilMayJuneJulyAugustSeptemberOctoberNovemberDecember,24
namibia,2010,74.5,5.6,6.5,4.8,0,12,0,17,JanuaryFebruaryMarchAprilMayJuneJulyAugustSeptemberOctoberNovemberDecemberJanuaryFebruaryMarchAprilMayJuneJulyAugustSeptemberOctoberNovemberDecember,0
armenia,2010,74.1,5.1,5.8,6.6,0,0,0,0,0,0
guyana,2010,73,6.6,6.9,6.8,0,0,0,0,0,0
kazakhstan,2010,72.7,6.3,6.7,7.5,0,0,0,0,0,0
macedonia,2010,72.7,5.6,6.6,6.9,0,0,0,0,0,0
suriname,2010,72.5,6,6.6,6.5,0,0,0,0,0,0
paraguay,2010,72.1,5.9,6.2,8.3,0,0,0,0,0,0
samoa,2010,71.1,5.8,6.2,6.4,0,0,0,0,0,0
micronesia,2010,70.6,5.1,6.4,6.6,0,0,0,0,0,0
ukraine,2010,69.5,3.8,6.3,7.2,0,0,0,0,0,0
malaysia,2010,69.2,5.9,5.1,5.9,0,0,0,0,0,0
libya,2010,69.1,5.2,5.3,7.3,0,6,0,13,JanuaryFebruaryMarchAprilMayJuneJulyAugustSeptemberOctoberNovemberDecemberJanuaryFebruaryMarchAprilMayJuneJulyAugustSeptemberOctoberNovemberDecember,0
belize,2010,68.7,5.7,6.2,6.2,0,0,0,0,0,0
botswana,2010,68.6,4,6.1,5.3,0,2,0,3,JanuaryFebruaryMarchAprilMayJuneJulyAugustSeptemberOctoberNovemberDecemberJanuaryFebruaryMarchAprilMayJuneJulyAugustSeptemberOctoberNovemberDecember,0
cyprus,2010,68,5.3,4.3,5.2,0,0,0,0,0,0
seychelles,2010,67.9,5.6,5.8,7,0,0,0,0,0,0
south africa,2010,67.9,4.1,5,5.8,0,306,28,387,JanuaryFebruaryMarchAprilMayJuneJulyAugustSeptemberOctoberNovemberDecemberJanuaryFebruaryMarchAprilMayJuneJulyAugustSeptemberOctoberNovemberDecember,54
brunei darussalam,2010,67.6,5.9,3.7,7.7,0,0,0,0,0,0
tunisia,2010,67.5,6.5,5,6.4,0,29,2,60,JanuaryFebruaryMarchAprilMayJuneJulyAugustSeptemberOctoberNovemberDecemberJanuaryFebruaryMarchAprilMayJuneJulyAugustSeptemberOctoberNovemberDecember,4
brazil,2010,67.4,6.7,4,6.2,0,0,0,0,0,0
jamaica,2010,67.4,5.8,6.8,6.8,0,0,0,0,0,0
albania,2010,67.1,5.4,6.1,6.8,0,0,0,0,0,0
ghana,2010,67.1,2.6,5.8,5.1,0,14,6,26,JanuaryFebruaryMarchAprilMayJuneJulyAugustSeptemberOctoberNovemberDecemberJanuaryFebruaryMarchAprilMayJuneJulyAugustSeptemberOctoberNovemberDecember,9
grenada,2010,67,5.4,6.1,6.4,0,0,0,0,0,0
trinidad and tobago,2010,66.1,6,4.8,5.9,0,0,0,0,0,0
kuwait,2010,61.5,4.9,3.8,6,0,0,0,0,0,0
bulgaria,2010,61.2,5.1,5.3,6,0,0,0,0,0,0
antigua and barbuda,2010,60.9,4.6,5.5,5.3,0,0,0,0,0,0
romania,2010,60.2,4.1,5.6,6,0,0,0,0,0,0
mongolia,2010,60.1,4.8,5.7,6.2,0,0,0,0,0,0
panama,2010,59.3,5.2,5.6,4.8,0,0,0,0,0,0
croatia,2010,59,4.4,6.2,4.8,0,0,0,0,0,0
bahamas,2010,58.9,4.8,5,5.5,0,0,0,0,0,0
bahrain,2010,58.8,4.7,4,6.7,0,0,0,0,0,0
montenegro,2010,57.3,4.5,4.9,4.5,0,0,0,0,0,0
barbados,2010,55.4,4.5,5.4,4.1,0,0,0,0,0,0
latvia,2010,55.4,3,6.3,5.4,0,0,0,0,0,0
united arab emirates,2010,52.4,2.7,3.9,6.7,0,0,0,0,0,0
costa rica,2010,52,2.5,5.4,3.9,0,0,0,0,0,0
qatar,2010,51.8,2.7,4.1,6.3,0,0,0,0,0,0
estonia,2010,50.7,2.6,5,4.5,0,0,0,0,0,0
hungary,2010,50.1,2.2,5.4,5.7,0,0,0,0,0,0
poland,2010,49,2.4,5,4.5,0,0,0,0,0,0
slovak republic,2010,48.8,2.1,5,4.1,0,0,0,0,0,0
oman,2010,48.7,5.2,4.5,6,0,0,0,0,0,0
malta,2010,48.2,4,4.2,4.1,0,0,0,0,0,0
lithuania,2010,47.8,2.2,5.7,3.9,0,0,0,0,0,0
greece,2010,45.9,3.4,4.3,4.6,0,0,0,0,0,0
argentina,2010,45.8,2.4,5.1,3.6,0,0,0,0,0,0
italy,2010,45.7,4.2,4.7,4.5,0,0,0,0,0,0
mauritius,2010,44.4,3.7,4.1,5.1,0,0,0,0,0,0
spain,2010,43.5,5.3,4.4,1.6,0,0,0,0,0,0
czech republic,2010,41.5,2.1,4.4,3.4,0,0,0,0,0,0
south korea,2010,41.3,1.5,2.8,3.9,0,0,0,0,0,0
uruguay,2010,41.3,3.4,4,2.6,0,0,0,0,0,0
chile,2010,38,2.3,4.6,1.8,0,0,0,0,0,0
slovenia,2010,36,2.8,4,2.8,0,0,0,0,0,0
germany,2010,35.4,2.2,3.6,2.1,0,0,0,0,0,0
united states,2010,35.3,1.6,4,2.5,0,0,0,0,0,0
france,2010,34.9,1.6,3.6,1.8,0,0,0,0,0,0
singapore,2010,34.8,1.5,3.7,4.2,0,0,0,0,0,0
united kingdom,2010,33.9,2.7,3,1.6,0,0,0,0,0,0
portugal,2010,33.1,1.4,4.7,1.9,0,0,0,0,0,0
belgium,2010,32,1.8,3.7,2.3,0,0,0,0,0,0
japan,2010,31.3,2.1,3.5,1.8,0,0,0,0,0,0
iceland,2010,29.8,1.1,7.2,2,0,0,0,0,0,0
canada,2010,27.9,1.2,2.5,1.5,0,0,0,0,0,0
netherlands,2010,27.9,1.1,3,1.2,0,0,0,0,0,0
australia,2010,27.3,1.4,3.2,1.5,0,0,0,0,0,0
luxembourg,2010,27.3,2.1,2.8,2.7,0,0,0,0,0,0
austria,2010,27.2,1.1,2.7,1.4,0,0,0,0,0,0
new zealand,2010,23.9,1.1,4,1,0,0,0,0,0,0
denmark,2010,22.9,1.5,3.1,1.1,0,0,0,0,0,0
ireland,2010,22.4,1.4,3.3,1.6,0,0,0,0,0,0
switzerland,2010,21.8,1.2,2.4,1,0,0,0,0,0,0
sweden,2010,20.9,1.3,2.2,0.8,0,0,0,0,0,0
finland,2010,19.3,1,3,0.7,0,0,0,0,0,0
norway,2010,18.7,1.2,2.6,0.8,0,0,0,0,0,0
somalia,2011,113.4,10,9.3,9.8,1,1409,2013,2590,JanuaryFebruaryMarchAprilMayJuneJulyAugustSeptemberOctoberNovemberDecemberJanuaryFebruaryMarchAprilMayJuneJulyAugustSeptemberOctoberNovemberDecember,2563
chad,2011,110.3,9.2,8.5,9.8,1,6,17,15,JanuaryFebruaryMarchAprilMayJuneJulyAugustSeptemberOctoberNovemberDecemberJanuaryFebruaryMarchAprilMayJuneJulyAugustSeptemberOctoberNovemberDecember,27
sudan,2011,108.7,9.6,6.4,9.4,1,335,4044,730,JanuaryFebruaryMarchAprilMayJuneJulyAugustSeptemberOctoberNovemberDecemberJanuaryFebruaryMarchAprilMayJuneJulyAugustSeptemberOctoberNovemberDecember,6125
congo democratic republic,2011,108.2,9.6,8.7,9,1,0,0,0,0,0
haiti,2011,108,8.4,9.2,9.4,1,0,0,0,0,0
zimbabwe,2011,107.9,9,9,9.3,1,253,11,606,JanuaryFebruaryMarchAprilMayJuneJulyAugustSeptemberOctoberNovemberDecemberJanuaryFebruaryMarchAprilMayJuneJulyAugustSeptemberOctoberNovemberDecember,19
afghanistan,2011,107.5,9.8,8,9.7,1,0,0,0,0,0
central african republic,2011,105,9.7,8.1,9.1,1,74,204,140,JanuaryFebruaryMarchAprilMayJuneJulyAugustSeptemberOctoberNovemberDecemberJanuaryFebruaryMarchAprilMayJuneJulyAugustSeptemberOctoberNovemberDecember,244
iraq,2011,104.8,9.5,7,8.7,1,0,0,0,0,0
cote d'ivoire,2011,102.8,8.6,7.7,9.5,1,0,0,0,0,0
guinea,2011,102.5,9.3,8.6,9.4,1,9,6,16,JanuaryFebruaryMarchAprilMayJuneJulyAugustSeptemberOctoberNovemberDecemberJanuaryFebruaryMarchAprilMayJuneJulyAugustSeptemberOctoberNovemberDecember,7
pakistan,2011,102.3,9.4,6.6,8.6,1,0,0,5490,JanuaryFebruaryMarchAprilMayJuneJulyAugustSeptemberOctoberNovemberDecemberJanuaryFebruaryMarchAprilMayJuneJulyAugustSeptemberOctoberNovemberDecember,5688
yemen,2011,100.3,9.3,7.7,8.6,1,0,0,0,0,0
nigeria,2011,99.9,9.1,7.3,9,1,374,2563,799,JanuaryFebruaryMarchAprilMayJuneJulyAugustSeptemberOctoberNovemberDecemberJanuaryFebruaryMarchAprilMayJuneJulyAugustSeptemberOctoberNovemberDecember,4360
niger,2011,99.1,8,8.9,8.9,1,10,25,17,JanuaryFebruaryMarchAprilMayJuneJulyAugustSeptemberOctoberNovemberDecemberJanuaryFebruaryMarchAprilMayJuneJulyAugustSeptemberOctoberNovemberDecember,25
kenya,2011,98.7,7.9,7,8.9,1,165,225,316,JanuaryFebruaryMarchAprilMayJuneJulyAugustSeptemberOctoberNovemberDecemberJanuaryFebruaryMarchAprilMayJuneJulyAugustSeptemberOctoberNovemberDecember,351
burundi,2011,98.6,7.7,8.5,8.2,1,27,112,63,JanuaryFebruaryMarchAprilMayJuneJulyAugustSeptemberOctoberNovemberDecemberJanuaryFebruaryMarchAprilMayJuneJulyAugustSeptemberOctoberNovemberDecember,174
guinea bissau,2011,98.3,9.3,8.7,9.2,1,0,0,0,0,0
myanmar,2011,98.3,8.5,7.9,9.7,1,0,0,1077,JanuaryFebruaryMarchAprilMayJuneJulyAugustSeptemberOctoberNovemberDecemberJanuaryFebruaryMarchAprilMayJuneJulyAugustSeptemberOctoberNovemberDecember,1568
ethiopia,2011,98.2,7.9,7.7,7.5,1,85,655,176,JanuaryFebruaryMarchAprilMayJuneJulyAugustSeptemberOctoberNovemberDecemberJanuaryFebruaryMarchAprilMayJuneJulyAugustSeptemberOctoberNovemberDecember,807
uganda,2011,96.3,8.6,7.5,7.7,1,134,29,235,JanuaryFebruaryMarchAprilMayJuneJulyAugustSeptemberOctoberNovemberDecemberJanuaryFebruaryMarchAprilMayJuneJulyAugustSeptemberOctoberNovemberDecember,44
north korea,2011,95.6,8.1,9.2,9.9,1,0,0,0,0,0
timor-leste,2011,94.9,8.3,7.9,8.8,1,0,0,0,0,0
cameroon,2011,94.6,7.8,7,8.8,1,18,19,29,JanuaryFebruaryMarchAprilMayJuneJulyAugustSeptemberOctoberNovemberDecemberJanuaryFebruaryMarchAprilMayJuneJulyAugustSeptemberOctoberNovemberDecember,25
bangladesh,2011,94.4,7.9,7.7,8,1,0,0,4259,JanuaryFebruaryMarchAprilMayJuneJulyAugustSeptemberOctoberNovemberDecemberJanuaryFebruaryMarchAprilMayJuneJulyAugustSeptemberOctoberNovemberDecember,907
liberia,2011,94,7.3,8.4,7,1,29,14,59,JanuaryFebruaryMarchAprilMayJuneJulyAugustSeptemberOctoberNovemberDecemberJanuaryFebruaryMarchAprilMayJuneJulyAugustSeptemberOctoberNovemberDecember,27
nepal,2011,93.7,7.8,7.9,7.9,1,0,0,472,JanuaryFebruaryMarchAprilMayJuneJulyAugustSeptemberOctoberNovemberDecemberJanuaryFebruaryMarchAprilMayJuneJulyAugustSeptemberOctoberNovemberDecember,23
eritrea,2011,93.6,7.7,8.3,8.5,1,4,9,8,JanuaryFebruaryMarchAprilMayJuneJulyAugustSeptemberOctoberNovemberDecemberJanuaryFebruaryMarchAprilMayJuneJulyAugustSeptemberOctoberNovemberDecember,9
sri lanka,2011,93.1,8,5.3,8.5,1,0,0,368,JanuaryFebruaryMarchAprilMayJuneJulyAugustSeptemberOctoberNovemberDecemberJanuaryFebruaryMarchAprilMayJuneJulyAugustSeptemberOctoberNovemberDecember,34
sierra leone,2011,92.1,6,8,7.7,1,10,2,18,JanuaryFebruaryMarchAprilMayJuneJulyAugustSeptemberOctoberNovemberDecemberJanuaryFebruaryMarchAprilMayJuneJulyAugustSeptemberOctoberNovemberDecember,4
kyrgyz republic,2011,91.8,8,7.6,9,1,0,0,0,0,0
congo republic,2011,91.4,7.3,7.3,8.9,1,0,0,0,0,0
malawi,2011,91.2,5.2,8.8,7.9,1,24,20,43,JanuaryFebruaryMarchAprilMayJuneJulyAugustSeptemberOctoberNovemberDecemberJanuaryFebruaryMarchAprilMayJuneJulyAugustSeptemberOctoberNovemberDecember,21
rwanda,2011,91,5.8,7,7.1,1,40,5,117,JanuaryFebruaryMarchAprilMayJuneJulyAugustSeptemberOctoberNovemberDecemberJanuaryFebruaryMarchAprilMayJuneJulyAugustSeptemberOctoberNovemberDecember,6
iran,2011,90.2,8.6,5.4,9.1,1,0,0,0,0,0
togo,2011,89.4,7.3,8,8,1,13,1,14,JanuaryFebruaryMarchAprilMayJuneJulyAugustSeptemberOctoberNovemberDecemberJanuaryFebruaryMarchAprilMayJuneJulyAugustSeptemberOctoberNovemberDecember,1
burkina faso,2011,88.6,7,8,7.7,1,137,10,148,JanuaryFebruaryMarchAprilMayJuneJulyAugustSeptemberOctoberNovemberDecemberJanuaryFebruaryMarchAprilMayJuneJulyAugustSeptemberOctoberNovemberDecember,11
cambodia,2011,88.5,6.2,7.2,8.5,1,0,0,285,JanuaryFebruaryMarchAprilMayJuneJulyAugustSeptemberOctoberNovemberDecemberJanuaryFebruaryMarchAprilMayJuneJulyAugustSeptemberOctoberNovemberDecember,42
tajikistan,2011,88.3,7.4,7.4,8.9,1,0,0,0,0,0
uzbekistan,2011,88.3,8.5,6.8,8.4,1,0,0,0,0,0
equatorial guinea,2011,88.1,8.1,4.5,9.6,1,1,0,1,JanuaryFebruaryMarchAprilMayJuneJulyAugustSeptemberOctoberNovemberDecemberJanuaryFebruaryMarchAprilMayJuneJulyAugustSeptemberOctoberNovemberDecember,0
mauritania,2011,88,7.9,7.3,7.3,1,31,19,40,JanuaryFebruaryMarchAprilMayJuneJulyAugustSeptemberOctoberNovemberDecemberJanuaryFebruaryMarchAprilMayJuneJulyAugustSeptemberOctoberNovemberDecember,19
lebanon,2011,87.7,8.7,5.7,7,1,0,0,0,0,0
colombia,2011,87,7.5,4.1,7.5,1,0,0,0,0,0
egypt,2011,86.8,6.8,6.5,8.6,1,1497,1255,1823,JanuaryFebruaryMarchAprilMayJuneJulyAugustSeptemberOctoberNovemberDecemberJanuaryFebruaryMarchAprilMayJuneJulyAugustSeptemberOctoberNovemberDecember,1428
laos,2011,86.7,7.1,7.2,8,1,0,0,6,JanuaryFebruaryMarchAprilMayJuneJulyAugustSeptemberOctoberNovemberDecemberJanuaryFebruaryMarchAprilMayJuneJulyAugustSeptemberOctoberNovemberDecember,8
georgia,2011,86.4,7.9,6,8.4,1,0,0,0,0,0
solomon islands,2011,85.9,6.7,7.6,7.9,1,0,0,0,0,0
syria,2011,85.9,7.5,5.8,8.3,1,0,0,0,0,0
bhutan,2011,85,6.2,6.9,6.6,1,0,0,0,0,0
philippines,2011,85,8.3,5.6,8.3,1,0,0,0,0,0
angola,2011,84.6,6.2,4.5,8.5,1,18,4,32,JanuaryFebruaryMarchAprilMayJuneJulyAugustSeptemberOctoberNovemberDecemberJanuaryFebruaryMarchAprilMayJuneJulyAugustSeptemberOctoberNovemberDecember,8
israel and west bank,2011,84.4,7,4.3,7.3,1,0,0,0,0,0
papua new guinea,2011,84.2,6.6,6.4,7.5,1,0,0,0,0,0
comoros,2011,83.8,7.5,7.6,8,1,0,0,0,0,0
zambia,2011,83.8,5.3,7.7,7.6,1,33,22,61,JanuaryFebruaryMarchAprilMayJuneJulyAugustSeptemberOctoberNovemberDecemberJanuaryFebruaryMarchAprilMayJuneJulyAugustSeptemberOctoberNovemberDecember,24
mozambique,2011,83.6,7.1,8.2,7.6,1,14,4,27,JanuaryFebruaryMarchAprilMayJuneJulyAugustSeptemberOctoberNovemberDecemberJanuaryFebruaryMarchAprilMayJuneJulyAugustSeptemberOctoberNovemberDecember,8
madagascar,2011,83.2,6.8,7.6,7.1,1,4,0,6,JanuaryFebruaryMarchAprilMayJuneJulyAugustSeptemberOctoberNovemberDecemberJanuaryFebruaryMarchAprilMayJuneJulyAugustSeptemberOctoberNovemberDecember,0
bolivia,2011,82.9,6.5,6.5,6.8,1,0,0,0,0,0
djibouti,2011,82.6,6.2,6,7.2,1,6,3,12,JanuaryFebruaryMarchAprilMayJuneJulyAugustSeptemberOctoberNovemberDecemberJanuaryFebruaryMarchAprilMayJuneJulyAugustSeptemberOctoberNovemberDecember,6
swaziland,2011,82.5,6.6,7.8,8.5,1,0,0,0,0,0
ecuador,2011,82.2,7,6.3,7.5,1,0,0,0,0,0
azerbaijan,2011,81.9,7,5.5,7.7,1,0,0,0,0,0
indonesia,2011,81.6,7.1,6.4,6.7,1,0,0,0,0,0
tanzania,2011,81.3,5.5,7.4,6.5,1,46,36,88,JanuaryFebruaryMarchAprilMayJuneJulyAugustSeptemberOctoberNovemberDecemberJanuaryFebruaryMarchAprilMayJuneJulyAugustSeptemberOctoberNovemberDecember,57
moldova,2011,81.2,7.8,6.7,7.6,1,0,0,0,0,0
nicaragua,2011,81.2,6.2,7.3,7.3,1,0,0,0,0,0
fiji,2011,81.1,7,7,8.6,1,0,0,0,0,0
bosnia and herzegovina,2011,80.9,7,5.2,7.6,1,0,0,0,0,0
gambia,2011,80.9,6.1,7.1,7.5,1,4,0,4,JanuaryFebruaryMarchAprilMayJuneJulyAugustSeptemberOctoberNovemberDecemberJanuaryFebruaryMarchAprilMayJuneJulyAugustSeptemberOctoberNovemberDecember,0
lesotho,2011,80.4,5.5,8.1,6.9,1,4,0,4,JanuaryFebruaryMarchAprilMayJuneJulyAugustSeptemberOctoberNovemberDecemberJanuaryFebruaryMarchAprilMayJuneJulyAugustSeptemberOctoberNovemberDecember,0
china,2011,80.1,5.7,4.4,7.9,1,0,0,0,0,0
guatemala,2011,80.1,7.6,6.5,6.8,1,0,0,0,0,0
benin,2011,80,6,7.9,6.7,0,7,0,12,JanuaryFebruaryMarchAprilMayJuneJulyAugustSeptemberOctoberNovemberDecemberJanuaryFebruaryMarchAprilMayJuneJulyAugustSeptemberOctoberNovemberDecember,0
turkmenistan,2011,79.7,7.5,6,8.4,0,0,0,0,0,0
india,2011,79.3,7.8,5.4,5.8,0,0,0,0,0,0
mali,2011,79.3,7.1,7.8,5.5,0,29,57,50,JanuaryFebruaryMarchAprilMayJuneJulyAugustSeptemberOctoberNovemberDecemberJanuaryFebruaryMarchAprilMayJuneJulyAugustSeptemberOctoberNovemberDecember,76
honduras,2011,78.3,6.5,7,7.3,0,0,0,0,0,0
thailand,2011,78.3,7.6,4,8.4,0,0,0,1755,JanuaryFebruaryMarchAprilMayJuneJulyAugustSeptemberOctoberNovemberDecemberJanuaryFebruaryMarchAprilMayJuneJulyAugustSeptemberOctoberNovemberDecember,617
venezuela,2011,78.2,7,6.1,7.5,0,0,0,0,0,0
algeria,2011,78,7.2,5.2,7.1,0,349,308,539,JanuaryFebruaryMarchAprilMayJuneJulyAugustSeptemberOctoberNovemberDecemberJanuaryFebruaryMarchAprilMayJuneJulyAugustSeptemberOctoberNovemberDecember,329
russia,2011,77.7,7.2,4.6,7.8,0,0,0,0,0,0
belarus,2011,77.6,6.3,6.2,8.8,0,0,0,0,0,0
dominican republic,2011,76.9,5.8,5.6,5.8,0,0,0,0,0,0
senegal,2011,76.8,6.3,6.5,5.9,0,33,46,51,JanuaryFebruaryMarchAprilMayJuneJulyAugustSeptemberOctoberNovemberDecemberJanuaryFebruaryMarchAprilMayJuneJulyAugustSeptemberOctoberNovemberDecember,57
cuba,2011,76.6,6.9,6,6.6,0,0,0,0,0,0
morocco,2011,76.3,5.9,6,6.9,0,198,33,271,JanuaryFebruaryMarchAprilMayJuneJulyAugustSeptemberOctoberNovemberDecemberJanuaryFebruaryMarchAprilMayJuneJulyAugustSeptemberOctoberNovemberDecember,52
vietnam,2011,76.1,6,6.1,7.5,0,0,0,59,JanuaryFebruaryMarchAprilMayJuneJulyAugustSeptemberOctoberNovemberDecemberJanuaryFebruaryMarchAprilMayJuneJulyAugustSeptemberOctoberNovemberDecember,132
el salvador,2011,76,7,6.3,6.5,0,0,0,0,0,0
cape verde,2011,75.8,5.7,6.3,6.9,0,0,0,0,0,0
maldives,2011,75.6,5.7,6.7,7.4,0,0,0,0,0,0
gabon,2011,75.3,5.7,5.5,7.5,0,1,0,2,JanuaryFebruaryMarchAprilMayJuneJulyAugustSeptemberOctoberNovemberDecemberJanuaryFebruaryMarchAprilMayJuneJulyAugustSeptemberOctoberNovemberDecember,0
saudi arabia,2011,75.2,7.5,3.4,7.9,0,0,0,0,0,0
mexico,2011,75.1,7.9,6,6.6,0,0,0,0,0,0
turkey,2011,74.9,7.4,5.5,5.9,0,0,0,0,0,0
jordan,2011,74.5,6,5.8,5.7,0,0,0,0,0,0
sao tome and principe,2011,74.5,5.8,6.9,6.9,0,0,0,0,0,0
serbia,2011,74.4,6.5,5.7,6.5,0,0,0,0,0,0
peru,2011,73.6,7.2,5.1,6.6,0,0,0,0,0,0
guyana,2011,72.6,6.3,6.4,6.5,0,0,0,0,0,0
paraguay,2011,72.4,6.4,5.9,7.9,0,0,0,0,0,0
armenia,2011,72.3,5.2,5.3,6.6,0,0,0,0,0,0
micronesia,2011,71.9,5.4,6.7,6.3,0,0,0,0,0,0
namibia,2011,71.7,5.5,6.3,4.4,0,17,1,27,JanuaryFebruaryMarchAprilMayJuneJulyAugustSeptemberOctoberNovemberDecemberJanuaryFebruaryMarchAprilMayJuneJulyAugustSeptemberOctoberNovemberDecember,2
suriname,2011,71.1,5.8,6.1,6.1,0,0,0,0,0,0
macedonia,2011,71,6,6.2,6.7,0,0,0,0,0,0
kazakhstan,2011,70.2,6.2,6.2,7.2,0,0,0,0,0,0
tunisia,2011,70.1,7,5,7.2,0,605,222,796,JanuaryFebruaryMarchAprilMayJuneJulyAugustSeptemberOctoberNovemberDecemberJanuaryFebruaryMarchAprilMayJuneJulyAugustSeptemberOctoberNovemberDecember,307
samoa,2011,69.5,5.5,5.9,6.2,0,0,0,0,0,0
ukraine,2011,69,4,6,7.4,0,0,0,0,0,0
libya,2011,68.7,5.9,4.6,7.3,0,700,5538,1391,JanuaryFebruaryMarchAprilMayJuneJulyAugustSeptemberOctoberNovemberDecemberJanuaryFebruaryMarchAprilMayJuneJulyAugustSeptemberOctoberNovemberDecember,8418
malaysia,2011,68.7,6,4.9,6,0,0,0,0,0,0
botswana,2011,67.9,4.1,6.3,5,0,4,0,6,JanuaryFebruaryMarchAprilMayJuneJulyAugustSeptemberOctoberNovemberDecemberJanuaryFebruaryMarchAprilMayJuneJulyAugustSeptemberOctoberNovemberDecember,0
belize,2011,67.7,5.5,5.7,6,0,0,0,0,0,0
ghana,2011,67.7,3,6.1,4.8,0,9,5,16,JanuaryFebruaryMarchAprilMayJuneJulyAugustSeptemberOctoberNovemberDecemberJanuaryFebruaryMarchAprilMayJuneJulyAugustSeptemberOctoberNovemberDecember,6
cyprus,2011,67.6,5.3,5,5,0,0,0,0,0,0
south africa,2011,67.6,4.5,5.3,5.5,0,315,49,422,JanuaryFebruaryMarchAprilMayJuneJulyAugustSeptemberOctoberNovemberDecemberJanuaryFebruaryMarchAprilMayJuneJulyAugustSeptemberOctoberNovemberDecember,83
jamaica,2011,67.1,6.3,6.3,6.5,0,0,0,0,0,0
seychelles,2011,67,6.1,5.4,6.8,0,0,0,0,0,0
grenada,2011,66.4,5.3,5.7,6.2,0,0,0,0,0,0
albania,2011,66.1,5.4,5.9,6.4,0,0,0,0,0,0
brunei darussalam,2011,65.8,5.6,3.4,7.7,0,0,0,0,0,0
brazil,2011,65.1,6.5,3.9,5.9,0,0,0,0,0,0
trinidad and tobago,2011,63.7,5.5,4.5,5.5,0,0,0,0,0,0
antigua and barbuda,2011,59.9,4.9,5.1,5.8,0,0,0,0,0,0
romania,2011,59.8,4.1,5.8,5.9,0,0,0,0,0,0
mongolia,2011,59.6,5,5.3,5.9,0,0,0,0,0,0
kuwait,2011,59.5,4.5,4,5.7,0,0,0,0,0,0
bahrain,2011,59,4.8,3.4,6.9,0,0,0,0,0,0
bulgaria,2011,59,4.9,5.3,5.9,0,0,0,0,0,0
panama,2011,57.8,5.7,4.9,4.6,0,0,0,0,0,0
croatia,2011,57.3,4.4,5.9,4.4,0,0,0,0,0,0
bahamas,2011,56.5,4.3,4.8,5.2,0,0,0,0,0,0
montenegro,2011,56.3,4.8,5.2,4.3,0,0,0,0,0,0
latvia,2011,54.2,3.3,5.8,5.3,0,0,0,0,0,0
barbados,2011,52.8,4.2,5,3.9,0,0,0,0,0,0
costa rica,2011,50.6,2.5,4.9,3.5,0,0,0,0,0,0
united arab emirates,2011,50.4,3,4.2,6.5,0,0,0,0,0,0
qatar,2011,49.5,3,3.7,6,0,0,0,0,0,0
estonia,2011,49.3,2.9,4.3,4.1,0,0,0,0,0,0
oman,2011,49.3,5.3,3.8,5.9,0,0,0,0,0,0
hungary,2011,48.7,2.5,5.4,5.4,0,0,0,0,0,0
greece,2011,47.4,3.8,5.1,4.9,0,0,0,0,0,0
slovak republic,2011,47.1,2.3,4.6,3.9,0,0,0,0,0,0
argentina,2011,46.8,2.7,4.4,4,0,0,0,0,0,0
poland,2011,46.8,2.5,4.3,4.2,0,0,0,0,0,0
italy,2011,45.8,4.9,4.2,4.7,0,0,0,0,0,0
malta,2011,45.4,3.7,4.1,3.7,0,0,0,0,0,0
lithuania,2011,45.3,2.5,5.3,3.6,0,0,0,0,0,0
mauritius,2011,44.2,3.6,4.5,4.7,0,0,0,0,0,0
spain,2011,43.1,4.9,4.5,2.1,0,0,0,0,0,0
czech republic,2011,42.4,2.1,4.6,3.7,0,0,0,0,0,0
chile,2011,40.7,2.5,4.6,2.1,0,0,0,0,0,0
uruguay,2011,40.4,3.7,3.8,2.5,0,0,0,0,0,0
south korea,2011,38.8,1.7,2.2,3.7,0,0,0,0,0,0
slovenia,2011,35.5,3,3.7,3,0,0,0,0,0,0
singapore,2011,35.1,1.5,3.6,3.9,0,0,0,0,0,0
united states,2011,34.8,1.6,3.7,2.2,0,0,0,0,0,0
belgium,2011,34.1,2,3.6,2.7,0,0,0,0,0,0
united kingdom,2011,34.1,2.7,3.3,1.4,0,0,0,0,0,0
france,2011,34,1.9,3.5,1.6,0,0,0,0,0,0
germany,2011,33.9,2.2,2.9,1.9,0,0,0,0,0,0
portugal,2011,32.3,1.6,4.8,1.6,0,0,0,0,0,0
japan,2011,31,2,3.5,2,0,0,0,0,0,0
iceland,2011,30.1,1,6.2,2,0,0,0,0,0,0
netherlands,2011,28.3,1.4,3.2,1.1,0,0,0,0,0,0
australia,2011,28.1,1.7,2.9,1.6,0,0,0,0,0,0
canada,2011,27.7,1.5,2.4,1.2,0,0,0,0,0,0
austria,2011,27.3,1.1,2.3,1.2,0,0,0,0,0,0
luxembourg,2011,26.1,2.3,2.3,2.5,0,0,0,0,0,0
ireland,2011,25.3,1.6,3.9,2,0,0,0,0,0,0
new zealand,2011,24.8,1.1,3.8,1.1,0,0,0,0,0,0
denmark,2011,23.8,1.5,2.5,1.2,0,0,0,0,0,0
switzerland,2011,23.2,1.4,2.4,1,0,0,0,0,0,0
sweden,2011,22.8,2.3,1.9,0.9,0,0,0,0,0,0
norway,2011,20.4,1.2,2.9,1,0,0,0,0,0,0
finland,2011,19.7,1,2.8,1,0,0,0,0,0,0
somalia,2012,114.9,10,9.7,9.9,1,2159,3388,4306,JanuaryFebruaryMarchAprilMayJuneJulyAugustSeptemberOctoberNovemberDecemberJanuaryFebruaryMarchAprilMayJuneJulyAugustSeptemberOctoberNovemberDecember,4003
congo democratic republic,2012,111.2,9.7,8.8,9.5,1,0,0,0,0,0
sudan,2012,109.4,9.7,7.3,9.5,1,743,2311,1621,JanuaryFebruaryMarchAprilMayJuneJulyAugustSeptemberOctoberNovemberDecemberJanuaryFebruaryMarchAprilMayJuneJulyAugustSeptemberOctoberNovemberDecember,2647
south sudan,2012,108.4,9.7,7.3,9.1,1,215,1136,503,JanuaryFebruaryMarchAprilMayJuneJulyAugustSeptemberOctoberNovemberDecemberJanuaryFebruaryMarchAprilMayJuneJulyAugustSeptemberOctoberNovemberDecember,7642
chad,2012,107.6,8.9,8.3,9.8,1,8,3,20,JanuaryFebruaryMarchAprilMayJuneJulyAugustSeptemberOctoberNovemberDecemberJanuaryFebruaryMarchAprilMayJuneJulyAugustSeptemberOctoberNovemberDecember,4
zimbabwe,2012,106.3,8.7,8.9,9.4,1,200,14,421,JanuaryFebruaryMarchAprilMayJuneJulyAugustSeptemberOctoberNovemberDecemberJanuaryFebruaryMarchAprilMayJuneJulyAugustSeptemberOctoberNovemberDecember,26
afghanistan,2012,106,9.7,7.7,9.5,1,0,0,0,0,0
haiti,2012,104.9,8.2,9.5,9.3,1,0,0,0,0,0
yemen,2012,104.8,9.7,8.7,9.1,1,0,0,0,0,0
iraq,2012,104.3,9.9,7.7,8.4,1,0,0,0,0,0
central african republic,2012,103.8,9.6,8,8.9,1,156,268,282,JanuaryFebruaryMarchAprilMayJuneJulyAugustSeptemberOctoberNovemberDecemberJanuaryFebruaryMarchAprilMayJuneJulyAugustSeptemberOctoberNovemberDecember,323
cote d'ivoire,2012,103.6,8.9,7.4,9.6,1,0,0,0,0,0
guinea,2012,101.9,9.4,8.9,9.5,1,36,19,64,JanuaryFebruaryMarchAprilMayJuneJulyAugustSeptemberOctoberNovemberDecemberJanuaryFebruaryMarchAprilMayJuneJulyAugustSeptemberOctoberNovemberDecember,27
pakistan,2012,101.6,9.3,7.2,8.3,1,0,0,10055,JanuaryFebruaryMarchAprilMayJuneJulyAugustSeptemberOctoberNovemberDecemberJanuaryFebruaryMarchAprilMayJuneJulyAugustSeptemberOctoberNovemberDecember,8178
nigeria,2012,101.1,9.2,7.5,9.1,1,896,2935,1977,JanuaryFebruaryMarchAprilMayJuneJulyAugustSeptemberOctoberNovemberDecemberJanuaryFebruaryMarchAprilMayJuneJulyAugustSeptemberOctoberNovemberDecember,4943
guinea bissau,2012,99.2,9.4,9,9.3,1,0,0,0,0,0
kenya,2012,98.4,7.6,7.3,8.6,1,390,516,762,JanuaryFebruaryMarchAprilMayJuneJulyAugustSeptemberOctoberNovemberDecemberJanuaryFebruaryMarchAprilMayJuneJulyAugustSeptemberOctoberNovemberDecember,870
ethiopia,2012,97.9,8.1,7.4,7.2,1,163,930,311,JanuaryFebruaryMarchAprilMayJuneJulyAugustSeptemberOctoberNovemberDecemberJanuaryFebruaryMarchAprilMayJuneJulyAugustSeptemberOctoberNovemberDecember,1101
burundi,2012,97.5,7.4,8.8,8.3,1,16,33,34,JanuaryFebruaryMarchAprilMayJuneJulyAugustSeptemberOctoberNovemberDecemberJanuaryFebruaryMarchAprilMayJuneJulyAugustSeptemberOctoberNovemberDecember,50
niger,2012,96.9,8.2,8.6,8.4,1,9,15,20,JanuaryFebruaryMarchAprilMayJuneJulyAugustSeptemberOctoberNovemberDecemberJanuaryFebruaryMarchAprilMayJuneJulyAugustSeptemberOctoberNovemberDecember,23
uganda,2012,96.5,8.3,7.5,8,1,141,20,177,JanuaryFebruaryMarchAprilMayJuneJulyAugustSeptemberOctoberNovemberDecemberJanuaryFebruaryMarchAprilMayJuneJulyAugustSeptemberOctoberNovemberDecember,27
myanmar,2012,96.2,7.5,7.6,9.4,1,0,0,1367,JanuaryFebruaryMarchAprilMayJuneJulyAugustSeptemberOctoberNovemberDecemberJanuaryFebruaryMarchAprilMayJuneJulyAugustSeptemberOctoberNovemberDecember,1176
north korea,2012,95.5,8.1,9.3,9.9,1,0,0,0,0,0
eritrea,2012,94.5,7.8,8.6,8.4,1,6,0,9,JanuaryFebruaryMarchAprilMayJuneJulyAugustSeptemberOctoberNovemberDecemberJanuaryFebruaryMarchAprilMayJuneJulyAugustSeptemberOctoberNovemberDecember,0
syria,2012,94.5,8.5,6.3,9.5,1,0,0,0,0,0
liberia,2012,93.3,7,8.6,6.9,1,19,0,19,JanuaryFebruaryMarchAprilMayJuneJulyAugustSeptemberOctoberNovemberDecemberJanuaryFebruaryMarchAprilMayJuneJulyAugustSeptemberOctoberNovemberDecember,0
cameroon,2012,93.1,7.9,6.5,8.9,1,6,3,15,JanuaryFebruaryMarchAprilMayJuneJulyAugustSeptemberOctoberNovemberDecemberJanuaryFebruaryMarchAprilMayJuneJulyAugustSeptemberOctoberNovemberDecember,5
nepal,2012,93,7.5,7.6,8,1,0,0,647,JanuaryFebruaryMarchAprilMayJuneJulyAugustSeptemberOctoberNovemberDecemberJanuaryFebruaryMarchAprilMayJuneJulyAugustSeptemberOctoberNovemberDecember,33
timor-leste,2012,92.7,8.3,8,8.5,1,0,0,0,0,0
bangladesh,2012,92.2,7.6,7.4,8.2,1,0,0,3348,JanuaryFebruaryMarchAprilMayJuneJulyAugustSeptemberOctoberNovemberDecemberJanuaryFebruaryMarchAprilMayJuneJulyAugustSeptemberOctoberNovemberDecember,739
sri lanka,2012,92.2,8.2,5.6,8.1,1,0,0,339,JanuaryFebruaryMarchAprilMayJuneJulyAugustSeptemberOctoberNovemberDecemberJanuaryFebruaryMarchAprilMayJuneJulyAugustSeptemberOctoberNovemberDecember,45
egypt,2012,90.4,7,7.1,9.2,1,417,244,574,JanuaryFebruaryMarchAprilMayJuneJulyAugustSeptemberOctoberNovemberDecemberJanuaryFebruaryMarchAprilMayJuneJulyAugustSeptemberOctoberNovemberDecember,269
sierra leone,2012,90.4,5.7,8.3,7.6,1,15,3,25,JanuaryFebruaryMarchAprilMayJuneJulyAugustSeptemberOctoberNovemberDecemberJanuaryFebruaryMarchAprilMayJuneJulyAugustSeptemberOctoberNovemberDecember,4
congo republic,2012,90.1,7,7.5,8.6,1,0,0,0,0,0
iran,2012,89.6,8.3,6.4,8.8,1,0,0,0,0,0
rwanda,2012,89.3,5.5,6.8,6.8,1,49,32,110,JanuaryFebruaryMarchAprilMayJuneJulyAugustSeptemberOctoberNovemberDecemberJanuaryFebruaryMarchAprilMayJuneJulyAugustSeptemberOctoberNovemberDecember,55
malawi,2012,88.8,5.1,8.5,8,1,11,0,16,JanuaryFebruaryMarchAprilMayJuneJulyAugustSeptemberOctoberNovemberDecemberJanuaryFebruaryMarchAprilMayJuneJulyAugustSeptemberOctoberNovemberDecember,0
cambodia,2012,88.7,6.5,6.9,8.2,1,0,0,269,JanuaryFebruaryMarchAprilMayJuneJulyAugustSeptemberOctoberNovemberDecemberJanuaryFebruaryMarchAprilMayJuneJulyAugustSeptemberOctoberNovemberDecember,23
mauritania,2012,87.6,7.7,7.6,7.6,1,74,3,86,JanuaryFebruaryMarchAprilMayJuneJulyAugustSeptemberOctoberNovemberDecemberJanuaryFebruaryMarchAprilMayJuneJulyAugustSeptemberOctoberNovemberDecember,6
togo,2012,87.5,7.3,7.7,8.2,1,19,0,21,JanuaryFebruaryMarchAprilMayJuneJulyAugustSeptemberOctoberNovemberDecemberJanuaryFebruaryMarchAprilMayJuneJulyAugustSeptemberOctoberNovemberDecember,0
uzbekistan,2012,87.5,8.2,7.1,8.7,1,0,0,0,0,0
burkina faso,2012,87.4,7.1,7.7,8,1,68,32,85,JanuaryFebruaryMarchAprilMayJuneJulyAugustSeptemberOctoberNovemberDecemberJanuaryFebruaryMarchAprilMayJuneJulyAugustSeptemberOctoberNovemberDecember,38
kyrgyz republic,2012,87.4,7.4,7.9,8.7,1,0,0,0,0,0
equatorial guinea,2012,86.3,7.8,4.8,9.4,1,2,1,2,JanuaryFebruaryMarchAprilMayJuneJulyAugustSeptemberOctoberNovemberDecemberJanuaryFebruaryMarchAprilMayJuneJulyAugustSeptemberOctoberNovemberDecember,1
zambia,2012,85.9,5.3,8.1,8,1,63,12,93,JanuaryFebruaryMarchAprilMayJuneJulyAugustSeptemberOctoberNovemberDecemberJanuaryFebruaryMarchAprilMayJuneJulyAugustSeptemberOctoberNovemberDecember,24
lebanon,2012,85.8,8.4,5.5,7.5,1,0,0,0,0,0
tajikistan,2012,85.7,7.1,7.7,8.8,1,0,0,0,0,0
solomon islands,2012,85.6,6.7,7.9,7.6,1,0,0,0,0,0
laos,2012,85.5,6.9,6.7,8.3,1,0,0,9,JanuaryFebruaryMarchAprilMayJuneJulyAugustSeptemberOctoberNovemberDecemberJanuaryFebruaryMarchAprilMayJuneJulyAugustSeptemberOctoberNovemberDecember,11
angola,2012,85.1,5.9,4.8,8.2,1,14,6,24,JanuaryFebruaryMarchAprilMayJuneJulyAugustSeptemberOctoberNovemberDecemberJanuaryFebruaryMarchAprilMayJuneJulyAugustSeptemberOctoberNovemberDecember,10
libya,2012,84.9,9,5.5,8.1,1,287,548,494,JanuaryFebruaryMarchAprilMayJuneJulyAugustSeptemberOctoberNovemberDecemberJanuaryFebruaryMarchAprilMayJuneJulyAugustSeptemberOctoberNovemberDecember,602
georgia,2012,84.8,7.6,6.3,8.5,1,0,0,0,0,0
colombia,2012,84.4,7,4,7.4,1,0,0,0,0,0
djibouti,2012,83.8,6.5,6.6,7.5,1,2,1,6,JanuaryFebruaryMarchAprilMayJuneJulyAugustSeptemberOctoberNovemberDecemberJanuaryFebruaryMarchAprilMayJuneJulyAugustSeptemberOctoberNovemberDecember,2
papua new guinea,2012,83.7,6.3,6.6,7.6,1,0,0,0,0,0
swaziland,2012,83.5,6.3,8.3,8.6,1,0,0,0,0,0
philippines,2012,83.2,8.4,5.3,7.9,1,0,0,0,0,0
comoros,2012,83,7.5,7.9,7.7,1,0,0,0,0,0
madagascar,2012,82.5,6.9,7.9,7.3,1,85,233,151,JanuaryFebruaryMarchAprilMayJuneJulyAugustSeptemberOctoberNovemberDecemberJanuaryFebruaryMarchAprilMayJuneJulyAugustSeptemberOctoberNovemberDecember,250
bhutan,2012,82.4,5.9,6.6,6.3,1,0,0,0,0,0
mozambique,2012,82.4,6.8,7.9,7.3,1,35,13,65,JanuaryFebruaryMarchAprilMayJuneJulyAugustSeptemberOctoberNovemberDecemberJanuaryFebruaryMarchAprilMayJuneJulyAugustSeptemberOctoberNovemberDecember,20
israel and west bank,2012,82.2,6.8,4,7,1,0,0,0,0,0
bolivia,2012,82.1,6.5,6.5,7.1,1,0,0,0,0,0
gambia,2012,80.6,5.8,7.4,7.8,1,6,8,16,JanuaryFebruaryMarchAprilMayJuneJulyAugustSeptemberOctoberNovemberDecemberJanuaryFebruaryMarchAprilMayJuneJulyAugustSeptemberOctoberNovemberDecember,16
indonesia,2012,80.6,7.1,6,6.7,1,0,0,0,0,0
fiji,2012,80.5,7,7,8.8,1,0,0,0,0,0
tanzania,2012,80.4,5.8,6.9,6.5,1,91,57,182,JanuaryFebruaryMarchAprilMayJuneJulyAugustSeptemberOctoberNovemberDecemberJanuaryFebruaryMarchAprilMayJuneJulyAugustSeptemberOctoberNovemberDecember,101
ecuador,2012,80.1,6.5,5.9,7.5,1,0,0,0,0,0
azerbaijan,2012,79.8,6.7,5.2,8,0,0,0,0,0,0
nicaragua,2012,79.6,5.9,6.9,7.4,0,0,0,0,0,0
guatemala,2012,79.4,7.3,6.1,6.8,0,0,0,0,0,0
senegal,2012,79.3,6.3,6.9,6,0,55,23,85,JanuaryFebruaryMarchAprilMayJuneJulyAugustSeptemberOctoberNovemberDecemberJanuaryFebruaryMarchAprilMayJuneJulyAugustSeptemberOctoberNovemberDecember,26
lesotho,2012,79,5.5,8.6,6.3,0,20,8,49,JanuaryFebruaryMarchAprilMayJuneJulyAugustSeptemberOctoberNovemberDecemberJanuaryFebruaryMarchAprilMayJuneJulyAugustSeptemberOctoberNovemberDecember,14
moldova,2012,78.7,7.5,6.2,7.4,0,0,0,0,0,0
benin,2012,78.6,6,7.6,6.4,0,14,0,15,JanuaryFebruaryMarchAprilMayJuneJulyAugustSeptemberOctoberNovemberDecemberJanuaryFebruaryMarchAprilMayJuneJulyAugustSeptemberOctoberNovemberDecember,0
honduras,2012,78.5,7,7.2,7,0,0,0,0,0,0
china,2012,78.3,6,3.9,7.9,0,0,0,0,0,0
algeria,2012,78.1,7.1,5.5,7.2,0,208,252,341,JanuaryFebruaryMarchAprilMayJuneJulyAugustSeptemberOctoberNovemberDecemberJanuaryFebruaryMarchAprilMayJuneJulyAugustSeptemberOctoberNovemberDecember,256
india,2012,78,7.5,5.5,5.5,0,0,0,0,0,0
bosnia and herzegovina,2012,77.9,6.7,5.5,7,0,0,0,0,0,0
mali,2012,77.9,7.1,7.5,5.3,0,279,528,497,JanuaryFebruaryMarchAprilMayJuneJulyAugustSeptemberOctoberNovemberDecemberJanuaryFebruaryMarchAprilMayJuneJulyAugustSeptemberOctoberNovemberDecember,626
turkmenistan,2012,77.4,7.2,5.7,9,0,0,0,0,0,0
venezuela,2012,77.3,6.7,5.9,7.9,0,0,0,0,0,0
russia,2012,77.1,8.2,4,7.9,0,0,0,0,0,0
thailand,2012,77,7.3,4,6.5,0,0,0,1519,JanuaryFebruaryMarchAprilMayJuneJulyAugustSeptemberOctoberNovemberDecemberJanuaryFebruaryMarchAprilMayJuneJulyAugustSeptemberOctoberNovemberDecember,542
belarus,2012,76.6,6,6.5,9,0,0,0,0,0,0
turkey,2012,76.6,7.7,5.6,6.2,0,0,0,0,0,0
morocco,2012,76.1,6.6,5.6,6.6,0,83,1,111,JanuaryFebruaryMarchAprilMayJuneJulyAugustSeptemberOctoberNovemberDecemberJanuaryFebruaryMarchAprilMayJuneJulyAugustSeptemberOctoberNovemberDecember,2
maldives,2012,75.1,5.7,6.4,7.9,0,0,0,0,0,0
serbia,2012,75,6.4,6.2,6.6,0,0,0,0,0,0
jordan,2012,74.8,5.7,6.4,6.3,0,0,0,0,0,0
cape verde,2012,74.7,5.7,6.6,6.6,0,0,0,0,0,0
gabon,2012,74.6,5.7,5.7,7.8,0,7,0,10,JanuaryFebruaryMarchAprilMayJuneJulyAugustSeptemberOctoberNovemberDecemberJanuaryFebruaryMarchAprilMayJuneJulyAugustSeptemberOctoberNovemberDecember,0
el salvador,2012,74.4,6.7,6,6.2,0,0,0,0,0,0
tunisia,2012,74.2,7.5,5.5,7.8,0,325,13,380,JanuaryFebruaryMarchAprilMayJuneJulyAugustSeptemberOctoberNovemberDecemberJanuaryFebruaryMarchAprilMayJuneJulyAugustSeptemberOctoberNovemberDecember,14
dominican republic,2012,74.1,5.5,5.8,5.7,0,0,0,0,0,0
vietnam,2012,74,5.7,6.1,7.5,0,0,0,63,JanuaryFebruaryMarchAprilMayJuneJulyAugustSeptemberOctoberNovemberDecemberJanuaryFebruaryMarchAprilMayJuneJulyAugustSeptemberOctoberNovemberDecember,6
sao tome and principe,2012,73.9,5.8,7.4,6.7,0,0,0,0,0,0
mexico,2012,73.6,7.7,5.7,6.6,0,0,0,0,0,0
peru,2012,73.5,6.9,4.6,7.1,0,0,0,0,0,0
saudi arabia,2012,73.4,7.2,3.4,7.6,0,0,0,0,0,0
cuba,2012,73.1,6.6,5.5,6.4,0,0,0,0,0,0
armenia,2012,72.2,5.2,5.6,6.8,0,0,0,0,0,0
micronesia,2012,71.9,5.4,7,6.3,0,0,0,0,0,0
guyana,2012,71.4,6.1,6.1,6.5,0,0,0,0,0,0
suriname,2012,71.2,5.8,6.6,6.4,0,0,0,0,0,0
namibia,2012,71,5.2,6.4,4.4,0,98,1,97,JanuaryFebruaryMarchAprilMayJuneJulyAugustSeptemberOctoberNovemberDecemberJanuaryFebruaryMarchAprilMayJuneJulyAugustSeptemberOctoberNovemberDecember,2
kazakhstan,2012,70.9,6.3,6.5,7.5,0,0,0,0,0,0
paraguay,2012,70.9,6.1,5.6,7.6,0,0,0,0,0,0
macedonia,2012,69.1,5.7,5.9,6.4,0,0,0,0,0,0
malaysia,2012,68.5,6.3,4.6,6.5,0,0,0,0,0,0
samoa,2012,68.5,5.5,5.4,6,0,0,0,0,0,0
ghana,2012,67.5,3.3,6,4.8,0,46,20,84,JanuaryFebruaryMarchAprilMayJuneJulyAugustSeptemberOctoberNovemberDecemberJanuaryFebruaryMarchAprilMayJuneJulyAugustSeptemberOctoberNovemberDecember,26
belize,2012,67.2,5.5,5.4,6,0,0,0,0,0,0
ukraine,2012,67.2,4.3,5.7,7.7,0,0,0,0,0,0
cyprus,2012,66.8,5,5.4,5.2,0,0,0,0,0,0
south africa,2012,66.8,4.8,5.6,5.2,0,1055,259,1559,JanuaryFebruaryMarchAprilMayJuneJulyAugustSeptemberOctoberNovemberDecemberJanuaryFebruaryMarchAprilMayJuneJulyAugustSeptemberOctoberNovemberDecember,437
botswana,2012,66.5,3.8,6.5,4.7,0,0,0,0,JanuaryFebruaryMarchAprilMayJuneJulyAugustSeptemberOctoberNovemberDecemberJanuaryFebruaryMarchAprilMayJuneJulyAugustSeptemberOctoberNovemberDecember,0
albania,2012,66.1,5.4,5.6,7.3,0,0,0,0,0,0
jamaica,2012,65.8,6.2,6.6,6.4,0,0,0,0,0,0
seychelles,2012,65.1,6.1,4.9,6.3,0,0,0,0,0,0
grenada,2012,65,5.3,6,6.2,0,0,0,0,0,0
trinidad and tobago,2012,64.4,6,4.7,5.9,0,0,0,0,0,0
brazil,2012,64.1,6.2,3.6,5.6,0,0,0,0,0,0
brunei darussalam,2012,64.1,5.6,3.1,7.4,0,0,0,0,0,0
bahrain,2012,62.2,6,3.1,7.5,0,0,0,0,0,0
romania,2012,59.5,4.4,6,6.3,0,0,0,0,0,0
antigua and barbuda,2012,58.9,4.9,4.8,5.8,0,0,0,0,0,0
kuwait,2012,58.8,4.7,3.7,6.5,0,0,0,0,0,0
mongolia,2012,58.7,4.7,5.2,5.6,0,0,0,0,0,0
bulgaria,2012,56.3,4.6,5,5.1,0,0,0,0,0,0
croatia,2012,56.3,4.7,5.4,4.2,0,0,0,0,0,0
panama,2012,56.1,5.4,4.3,4.6,0,0,0,0,0,0
montenegro,2012,55.5,4.9,4.9,4.5,0,0,0,0,0,0
bahamas,2012,55.1,4.3,4.5,4.9,0,0,0,0,0,0
barbados,2012,52,4.2,5.3,3.6,0,0,0,0,0,0
latvia,2012,51.9,3.6,5.3,4.8,0,0,0,0,0,0
oman,2012,51.7,5.6,4.3,6.2,0,0,0,0,0,0
greece,2012,50.4,4,5.9,5.4,0,0,0,0,0,0
costa rica,2012,49.7,2.8,4.6,3.2,0,0,0,0,0,0
united arab emirates,2012,48.9,3.2,3.9,6.4,0,0,0,0,0,0
hungary,2012,48.3,2.6,5.9,5.8,0,0,0,0,0,0
qatar,2012,48,2.8,3.2,5.9,0,0,0,0,0,0
estonia,2012,47.5,3.2,3.8,3.8,0,0,0,0,0,0
slovak republic,2012,47.4,2.6,5.1,4.2,0,0,0,0,0,0
argentina,2012,46.5,3,4.1,4.3,0,0,0,0,0,0
italy,2012,45.8,4.9,4.6,5,0,0,0,0,0,0
mauritius,2012,44.7,3.6,4.2,4.4,0,0,0,0,0,0
poland,2012,44.3,2.8,4,3.7,0,0,0,0,0,0
lithuania,2012,44.2,2.8,5,3.5,0,0,0,0,0,0
malta,2012,43.8,3.7,3.8,4,0,0,0,0,0,0
chile,2012,43.5,2.8,4.6,3.7,0,0,0,0,0,0
japan,2012,43.5,2,4,2.5,0,0,0,0,0,0
spain,2012,42.8,4.4,5,2.6,0,0,0,0,0,0
uruguay,2012,40.5,4,3.8,2.2,0,0,0,0,0,0
czech republic,2012,39.5,2.1,4.3,3.5,0,0,0,0,0,0
south korea,2012,37.6,2,2.3,3.2,0,0,0,0,0,0
singapore,2012,35.6,1.8,3.3,3.5,0,0,0,0,0,0
united kingdom,2012,35.3,3,3.7,1.9,0,0,0,0,0,0
united states,2012,34.8,1.9,3.4,2.6,0,0,0,0,0,0
portugal,2012,34.2,1.9,5.3,2,0,0,0,0,0,0
slovenia,2012,34,2.8,3.5,2.7,0,0,0,0,0,0
france,2012,33.6,2.2,3.9,1.9,0,0,0,0,0,0
belgium,2012,33.5,2.3,3.6,2.4,0,0,0,0,0,0
germany,2012,31.7,2.5,2.6,1.7,0,0,0,0,0,0
australia,2012,29.2,2,2.6,1.3,0,0,0,0,0,0
iceland,2012,29.1,1.3,5.7,1.7,0,0,0,0,0,0
netherlands,2012,28.1,1.7,3.3,1,0,0,0,0,0,0
austria,2012,27.5,1.4,2,1.3,0,0,0,0,0,0
canada,2012,26.8,1.8,2.1,1,0,0,0,0,0,0
ireland,2012,26.5,1.7,3.8,2.2,0,0,0,0,0,0
new zealand,2012,25.6,1.4,3.9,0.8,0,0,0,0,0,0
luxembourg,2012,25.5,2.3,1.8,2.2,0,0,0,0,0,0
norway,2012,23.9,3,2.4,0.8,0,0,0,0,0,0
switzerland,2012,23.3,1.7,2.2,0.9,0,0,0,0,0,0
denmark,2012,23,1.8,2.2,0.8,0,0,0,0,0,0
sweden,2012,21.3,2.5,1.6,0.8,0,0,0,0,0,0
finland,2012,20,1.3,2.9,0.8,0,0,0,0,0,0
somalia,2013,113.9,9.7,9.4,9.5,1,3141,3163,6595,JanuaryFebruaryMarchAprilMayJuneJulyAugustSeptemberOctoberNovemberDecemberJanuaryFebruaryMarchAprilMayJuneJulyAugustSeptemberOctoberNovemberDecember,3942
congo democratic republic,2013,111.9,10,8.5,9.6,1,0,0,0,0,0
sudan,2013,111,9.8,7.8,9.6,1,1038,6852,2331,JanuaryFebruaryMarchAprilMayJuneJulyAugustSeptemberOctoberNovemberDecemberJanuaryFebruaryMarchAprilMayJuneJulyAugustSeptemberOctoberNovemberDecember,7760
south sudan,2013,110.6,9.6,8.6,9.1,1,427,4518,962,JanuaryFebruaryMarchAprilMayJuneJulyAugustSeptemberOctoberNovemberDecemberJanuaryFebruaryMarchAprilMayJuneJulyAugustSeptemberOctoberNovemberDecember,7335
chad,2013,109,9.4,8,9.7,1,5,5,5,JanuaryFebruaryMarchAprilMayJuneJulyAugustSeptemberOctoberNovemberDecemberJanuaryFebruaryMarchAprilMayJuneJulyAugustSeptemberOctoberNovemberDecember,5
yemen,2013,107,9.8,9.2,9.3,1,0,0,0,0,0
afghanistan,2013,106.7,9.9,8.2,9.4,1,0,0,0,0,0
haiti,2013,105.8,7.9,9.7,8.8,1,0,0,0,0,0
central african republic,2013,105.3,9.7,7.7,9,1,509,2564,1111,JanuaryFebruaryMarchAprilMayJuneJulyAugustSeptemberOctoberNovemberDecemberJanuaryFebruaryMarchAprilMayJuneJulyAugustSeptemberOctoberNovemberDecember,3783
zimbabwe,2013,105.2,8.4,8.6,9.2,1,129,8,238,JanuaryFebruaryMarchAprilMayJuneJulyAugustSeptemberOctoberNovemberDecemberJanuaryFebruaryMarchAprilMayJuneJulyAugustSeptemberOctoberNovemberDecember,16
iraq,2013,103.9,10,7.3,8.6,1,0,0,0,0,0
cote d'ivoire,2013,103.5,9.1,7.7,9.3,1,0,0,0,0,0
pakistan,2013,102.9,9.8,7.5,8.4,1,0,0,8420,JanuaryFebruaryMarchAprilMayJuneJulyAugustSeptemberOctoberNovemberDecemberJanuaryFebruaryMarchAprilMayJuneJulyAugustSeptemberOctoberNovemberDecember,6334
guinea,2013,101.3,9.1,9.2,9.8,1,94,131,137,JanuaryFebruaryMarchAprilMayJuneJulyAugustSeptemberOctoberNovemberDecemberJanuaryFebruaryMarchAprilMayJuneJulyAugustSeptemberOctoberNovemberDecember,132
guinea bissau,2013,101.1,9.5,8.7,9.7,1,0,0,0,0,0
nigeria,2013,100.7,9.5,7.5,8.8,1,1050,4662,2182,JanuaryFebruaryMarchAprilMayJuneJulyAugustSeptemberOctoberNovemberDecemberJanuaryFebruaryMarchAprilMayJuneJulyAugustSeptemberOctoberNovemberDecember,6812
kenya,2013,99.6,8.1,7.6,8.3,1,654,772,1296,JanuaryFebruaryMarchAprilMayJuneJulyAugustSeptemberOctoberNovemberDecemberJanuaryFebruaryMarchAprilMayJuneJulyAugustSeptemberOctoberNovemberDecember,1268
niger,2013,99,8.3,8.4,8.1,1,25,33,36,JanuaryFebruaryMarchAprilMayJuneJulyAugustSeptemberOctoberNovemberDecemberJanuaryFebruaryMarchAprilMayJuneJulyAugustSeptemberOctoberNovemberDecember,37
ethiopia,2013,98.9,8.4,7.7,7.3,1,136,539,273,JanuaryFebruaryMarchAprilMayJuneJulyAugustSeptemberOctoberNovemberDecemberJanuaryFebruaryMarchAprilMayJuneJulyAugustSeptemberOctoberNovemberDecember,715
burundi,2013,97.6,7.7,9.1,8.4,1,11,16,27,JanuaryFebruaryMarchAprilMayJuneJulyAugustSeptemberOctoberNovemberDecemberJanuaryFebruaryMarchAprilMayJuneJulyAugustSeptemberOctoberNovemberDecember,34
syria,2013,97.4,9.8,6.4,9.6,1,0,0,0,0,0
uganda,2013,96.6,8.2,7.4,8.1,1,119,34,172,JanuaryFebruaryMarchAprilMayJuneJulyAugustSeptemberOctoberNovemberDecemberJanuaryFebruaryMarchAprilMayJuneJulyAugustSeptemberOctoberNovemberDecember,44
liberia,2013,95.1,7.1,8.3,6.6,1,66,3,87,JanuaryFebruaryMarchAprilMayJuneJulyAugustSeptemberOctoberNovemberDecemberJanuaryFebruaryMarchAprilMayJuneJulyAugustSeptemberOctoberNovemberDecember,5
north korea,2013,95.1,8.4,9.3,9.8,1,0,0,0,0,0
eritrea,2013,95,7.5,8.3,8.7,1,8,118,10,JanuaryFebruaryMarchAprilMayJuneJulyAugustSeptemberOctoberNovemberDecemberJanuaryFebruaryMarchAprilMayJuneJulyAugustSeptemberOctoberNovemberDecember,156
myanmar,2013,94.6,7.8,7.3,9,1,0,0,1410,JanuaryFebruaryMarchAprilMayJuneJulyAugustSeptemberOctoberNovemberDecemberJanuaryFebruaryMarchAprilMayJuneJulyAugustSeptemberOctoberNovemberDecember,584
cameroon,2013,93.5,8,6.1,8.5,1,41,32,68,JanuaryFebruaryMarchAprilMayJuneJulyAugustSeptemberOctoberNovemberDecemberJanuaryFebruaryMarchAprilMayJuneJulyAugustSeptemberOctoberNovemberDecember,46
sri lanka,2013,92.9,8.5,5.9,8.2,1,0,0,471,JanuaryFebruaryMarchAprilMayJuneJulyAugustSeptemberOctoberNovemberDecemberJanuaryFebruaryMarchAprilMayJuneJulyAugustSeptemberOctoberNovemberDecember,28
bangladesh,2013,92.5,7.7,7.3,8.3,1,0,0,4571,JanuaryFebruaryMarchAprilMayJuneJulyAugustSeptemberOctoberNovemberDecemberJanuaryFebruaryMarchAprilMayJuneJulyAugustSeptemberOctoberNovemberDecember,1091
nepal,2013,91.8,7.6,7.3,8.1,1,0,0,983,JanuaryFebruaryMarchAprilMayJuneJulyAugustSeptemberOctoberNovemberDecemberJanuaryFebruaryMarchAprilMayJuneJulyAugustSeptemberOctoberNovemberDecember,9
mauritania,2013,91.7,7.8,8,7.7,1,58,0,72,JanuaryFebruaryMarchAprilMayJuneJulyAugustSeptemberOctoberNovemberDecemberJanuaryFebruaryMarchAprilMayJuneJulyAugustSeptemberOctoberNovemberDecember,0
timor-leste,2013,91.5,8.3,7.9,8,1,0,0,0,0,0
sierra leone,2013,91.2,5.4,8.6,7.3,1,10,6,19,JanuaryFebruaryMarchAprilMayJuneJulyAugustSeptemberOctoberNovemberDecemberJanuaryFebruaryMarchAprilMayJuneJulyAugustSeptemberOctoberNovemberDecember,9
egypt,2013,90.6,7.3,8.2,8.9,1,2473,2501,3381,JanuaryFebruaryMarchAprilMayJuneJulyAugustSeptemberOctoberNovemberDecemberJanuaryFebruaryMarchAprilMayJuneJulyAugustSeptemberOctoberNovemberDecember,3142
burkina faso,2013,90.2,7.2,7.7,7.7,1,39,8,50,JanuaryFebruaryMarchAprilMayJuneJulyAugustSeptemberOctoberNovemberDecemberJanuaryFebruaryMarchAprilMayJuneJulyAugustSeptemberOctoberNovemberDecember,15
congo republic,2013,90,6.7,7,8.7,1,0,0,0,0,0
iran,2013,89.7,8.6,6.5,8.9,1,0,0,0,0,0
mali,2013,89.3,8.1,8.1,6,1,312,908,577,JanuaryFebruaryMarchAprilMayJuneJulyAugustSeptemberOctoberNovemberDecemberJanuaryFebruaryMarchAprilMayJuneJulyAugustSeptemberOctoberNovemberDecember,1103
rwanda,2013,89.3,5.5,6.7,6.5,1,19,8,41,JanuaryFebruaryMarchAprilMayJuneJulyAugustSeptemberOctoberNovemberDecemberJanuaryFebruaryMarchAprilMayJuneJulyAugustSeptemberOctoberNovemberDecember,15
malawi,2013,89.2,5,8.4,7.5,1,23,2,34,JanuaryFebruaryMarchAprilMayJuneJulyAugustSeptemberOctoberNovemberDecemberJanuaryFebruaryMarchAprilMayJuneJulyAugustSeptemberOctoberNovemberDecember,4
cambodia,2013,88,6.2,6.4,8.3,1,0,0,304,JanuaryFebruaryMarchAprilMayJuneJulyAugustSeptemberOctoberNovemberDecemberJanuaryFebruaryMarchAprilMayJuneJulyAugustSeptemberOctoberNovemberDecember,16
togo,2013,87.8,7.4,7.4,8.3,1,44,8,55,JanuaryFebruaryMarchAprilMayJuneJulyAugustSeptemberOctoberNovemberDecemberJanuaryFebruaryMarchAprilMayJuneJulyAugustSeptemberOctoberNovemberDecember,10
angola,2013,87.1,6.1,5.1,8.6,1,22,6,41,JanuaryFebruaryMarchAprilMayJuneJulyAugustSeptemberOctoberNovemberDecemberJanuaryFebruaryMarchAprilMayJuneJulyAugustSeptemberOctoberNovemberDecember,12
uzbekistan,2013,86.9,7.9,7.2,9,1,0,0,0,0,0
zambia,2013,86.6,5,8.3,8,1,94,13,161,JanuaryFebruaryMarchAprilMayJuneJulyAugustSeptemberOctoberNovemberDecemberJanuaryFebruaryMarchAprilMayJuneJulyAugustSeptemberOctoberNovemberDecember,24
lebanon,2013,86.3,8.5,5.3,7.2,1,0,0,0,0,0
equatorial guinea,2013,86.1,7.5,4.5,9.6,1,1,0,1,JanuaryFebruaryMarchAprilMayJuneJulyAugustSeptemberOctoberNovemberDecemberJanuaryFebruaryMarchAprilMayJuneJulyAugustSeptemberOctoberNovemberDecember,0
kyrgyz republic,2013,85.7,7.4,7.6,8.4,1,0,0,0,0,0
swaziland,2013,85.6,6,8.9,8.7,1,0,0,0,0,0
djibouti,2013,85.5,6.6,6.9,7.8,1,11,6,18,JanuaryFebruaryMarchAprilMayJuneJulyAugustSeptemberOctoberNovemberDecemberJanuaryFebruaryMarchAprilMayJuneJulyAugustSeptemberOctoberNovemberDecember,6
solomon islands,2013,85.2,6.7,7.8,7.3,1,0,0,0,0,0
tajikistan,2013,85.2,7.4,8,9.1,1,0,0,0,0,0
papua new guinea,2013,84.9,6.6,6.9,7.1,1,0,0,0,0,0
libya,2013,84.5,8.9,5,8.4,1,554,443,1026,JanuaryFebruaryMarchAprilMayJuneJulyAugustSeptemberOctoberNovemberDecemberJanuaryFebruaryMarchAprilMayJuneJulyAugustSeptemberOctoberNovemberDecember,616
georgia,2013,84.2,7.9,6.4,8.6,1,0,0,0,0,0
comoros,2013,84,7.5,8.2,7.4,1,0,0,0,0,0
colombia,2013,83.8,6.8,3.8,7.3,1,0,0,0,0,0
laos,2013,83.7,6.6,5.7,8.6,1,0,0,3,JanuaryFebruaryMarchAprilMayJuneJulyAugustSeptemberOctoberNovemberDecemberJanuaryFebruaryMarchAprilMayJuneJulyAugustSeptemberOctoberNovemberDecember,0
mozambique,2013,82.8,6.5,8,7,1,96,144,199,JanuaryFebruaryMarchAprilMayJuneJulyAugustSeptemberOctoberNovemberDecemberJanuaryFebruaryMarchAprilMayJuneJulyAugustSeptemberOctoberNovemberDecember,171
philippines,2013,82.8,8.7,5.6,7.6,1,0,0,0,0,0
madagascar,2013,82.7,7,8.2,7.2,1,71,181,142,JanuaryFebruaryMarchAprilMayJuneJulyAugustSeptemberOctoberNovemberDecemberJanuaryFebruaryMarchAprilMayJuneJulyAugustSeptemberOctoberNovemberDecember,193
bhutan,2013,81.8,5.6,6.3,6,1,0,0,0,0,0
gambia,2013,81.8,5.5,7.8,7.6,1,3,0,1,JanuaryFebruaryMarchAprilMayJuneJulyAugustSeptemberOctoberNovemberDecemberJanuaryFebruaryMarchAprilMayJuneJulyAugustSeptemberOctoberNovemberDecember,0
senegal,2013,81.4,6.2,7.2,5.9,1,61,15,86,JanuaryFebruaryMarchAprilMayJuneJulyAugustSeptemberOctoberNovemberDecemberJanuaryFebruaryMarchAprilMayJuneJulyAugustSeptemberOctoberNovemberDecember,21
tanzania,2013,81.1,5.5,6.8,6.2,1,76,45,154,JanuaryFebruaryMarchAprilMayJuneJulyAugustSeptemberOctoberNovemberDecemberJanuaryFebruaryMarchAprilMayJuneJulyAugustSeptemberOctoberNovemberDecember,72
china,2013,80.9,6.5,3.6,8.1,1,0,0,0,0,0
bolivia,2013,80.8,6.7,6.2,7.2,1,0,0,0,0,0
fiji,2013,80.8,7,7.3,8.8,1,0,0,0,0,0
israel and west bank,2013,80.8,7.1,3.7,6.7,1,0,0,0,0,0
guatemala,2013,80.7,7,6.1,6.9,1,0,0,0,0,0
lesotho,2013,79.4,5.2,8.5,6,0,0,0,0,JanuaryFebruaryMarchAprilMayJuneJulyAugustSeptemberOctoberNovemberDecemberJanuaryFebruaryMarchAprilMayJuneJulyAugustSeptemberOctoberNovemberDecember,0
nicaragua,2013,79.2,5.6,6.8,7.5,0,0,0,0,0,0
algeria,2013,78.7,7.4,5.8,7.4,0,262,333,412,JanuaryFebruaryMarchAprilMayJuneJulyAugustSeptemberOctoberNovemberDecemberJanuaryFebruaryMarchAprilMayJuneJulyAugustSeptemberOctoberNovemberDecember,360
ecuador,2013,78.6,6.7,5.6,7.2,0,0,0,0,0,0
honduras,2013,78.3,6.8,6.9,6.9,0,0,0,0,0,0
azerbaijan,2013,78.2,6.9,4.7,8.2,0,0,0,0,0,0
indonesia,2013,78.2,6.8,5.5,6.4,0,0,0,0,0,0
benin,2013,77.9,5.8,7.1,6,0,10,0,11,JanuaryFebruaryMarchAprilMayJuneJulyAugustSeptemberOctoberNovemberDecemberJanuaryFebruaryMarchAprilMayJuneJulyAugustSeptemberOctoberNovemberDecember,0
india,2013,77.5,7.8,5.4,5.2,0,0,0,0,0,0
russia,2013,77.1,8.5,3.5,8.1,0,0,0,0,0,0
belarus,2013,76.7,6.3,6.2,9,0,0,0,0,0,0
turkmenistan,2013,76.7,7.1,5.4,9.3,0,0,0,0,0,0
bosnia and herzegovina,2013,76.5,6.4,5.2,6.7,0,0,0,0,0,0
moldova,2013,76.5,7.2,6.4,6.9,0,0,0,0,0,0
tunisia,2013,76.5,7.2,6,7.9,0,300,77,414,JanuaryFebruaryMarchAprilMayJuneJulyAugustSeptemberOctoberNovemberDecemberJanuaryFebruaryMarchAprilMayJuneJulyAugustSeptemberOctoberNovemberDecember,82
turkey,2013,75.9,7.9,5.3,5.9,0,0,0,0,0,0
jordan,2013,75.7,5.8,6.5,6.5,0,0,0,0,0,0
maldives,2013,75.4,5.8,6.5,8.3,0,0,0,0,0,0
venezuela,2013,75.3,6.5,5.4,7.6,0,0,0,0,0,0
thailand,2013,75.1,7.8,3.5,6.2,0,0,0,1932,JanuaryFebruaryMarchAprilMayJuneJulyAugustSeptemberOctoberNovemberDecemberJanuaryFebruaryMarchAprilMayJuneJulyAugustSeptemberOctoberNovemberDecember,610
sao tome and principe,2013,74.6,5.8,7.9,6.6,0,0,0,0,0,0
serbia,2013,74.4,6.5,6.5,6.3,0,0,0,0,0,0
morocco,2013,74.3,6.3,5.3,6.7,0,108,5,215,JanuaryFebruaryMarchAprilMayJuneJulyAugustSeptemberOctoberNovemberDecemberJanuaryFebruaryMarchAprilMayJuneJulyAugustSeptemberOctoberNovemberDecember,9
cape verde,2013,73.7,5.7,6.1,6.3,0,0,0,0,0,0
dominican republic,2013,73.2,5.2,5.5,5.4,0,0,0,0,0,0
el salvador,2013,73.2,6.4,6.5,5.9,0,0,0,0,0,0
mexico,2013,73.1,7.9,5.2,6.1,0,0,0,0,0,0
vietnam,2013,73.1,5.4,6.2,7.8,0,0,0,53,JanuaryFebruaryMarchAprilMayJuneJulyAugustSeptemberOctoberNovemberDecemberJanuaryFebruaryMarchAprilMayJuneJulyAugustSeptemberOctoberNovemberDecember,8
gabon,2013,72.9,5.4,5.2,7.6,0,20,0,21,JanuaryFebruaryMarchAprilMayJuneJulyAugustSeptemberOctoberNovemberDecemberJanuaryFebruaryMarchAprilMayJuneJulyAugustSeptemberOctoberNovemberDecember,0
micronesia,2013,72.9,5.4,7.5,6.3,0,0,0,0,0,0
cuba,2013,72.8,6.3,5.2,6.5,0,0,0,0,0,0
saudi arabia,2013,72.7,7.2,3.6,7.8,0,0,0,0,0,0
peru,2013,72.3,7,4.1,7.1,0,0,0,0,0,0
paraguay,2013,71.8,6.1,5.1,7.9,0,0,0,0,0,0
armenia,2013,71.3,5.3,5.9,6.6,0,0,0,0,0,0
suriname,2013,71.2,5.8,7.1,6.1,0,0,0,0,0,0
guyana,2013,70.8,5.8,6.6,6.2,0,0,0,0,0,0
namibia,2013,70.4,4.9,6.7,4.1,0,84,3,105,JanuaryFebruaryMarchAprilMayJuneJulyAugustSeptemberOctoberNovemberDecemberJanuaryFebruaryMarchAprilMayJuneJulyAugustSeptemberOctoberNovemberDecember,6
kazakhstan,2013,69.8,6.4,6.2,7.8,0,0,0,0,0,0
ghana,2013,69.1,3.8,6.1,5.1,0,52,23,104,JanuaryFebruaryMarchAprilMayJuneJulyAugustSeptemberOctoberNovemberDecemberJanuaryFebruaryMarchAprilMayJuneJulyAugustSeptemberOctoberNovemberDecember,38
samoa,2013,68.7,5.5,5.9,6,0,0,0,0,0,0
macedonia,2013,68,6,5.9,6.1,0,0,0,0,0,0
south africa,2013,67.6,5.1,5.9,5.3,0,1040,108,1402,JanuaryFebruaryMarchAprilMayJuneJulyAugustSeptemberOctoberNovemberDecemberJanuaryFebruaryMarchAprilMayJuneJulyAugustSeptemberOctoberNovemberDecember,206
belize,2013,67.2,5.5,5.5,6,0,0,0,0,0,0
cyprus,2013,67,5,5.8,5.5,0,0,0,0,0,0
malaysia,2013,66.1,6,4.1,6.2,0,0,0,0,0,0
ukraine,2013,65.9,4.4,5.4,7.8,0,0,0,0,0,0
jamaica,2013,65.6,6.3,6.6,6.1,0,0,0,0,0,0
albania,2013,65.2,5.5,5.3,7,0,0,0,0,0,0
grenada,2013,64.6,5.3,5.8,6.2,0,0,0,0,0,0
botswana,2013,64,3.5,6.1,4.4,0,1,0,2,JanuaryFebruaryMarchAprilMayJuneJulyAugustSeptemberOctoberNovemberDecemberJanuaryFebruaryMarchAprilMayJuneJulyAugustSeptemberOctoberNovemberDecember,0
seychelles,2013,64,6.4,5.2,6.3,0,0,0,0,0,0
brunei darussalam,2013,63.2,5.6,2.8,7.4,0,0,0,0,0,0
bahrain,2013,62.9,6.1,3.2,7.6,0,0,0,0,0,0
trinidad and tobago,2013,62.6,5.7,4.6,5.6,0,0,0,0,0,0
brazil,2013,62.1,5.9,3.3,5.3,0,0,0,0,0,0
kuwait,2013,59.6,4.4,3.4,7.6,0,0,0,0,0,0
antigua and barbuda,2013,58,4.9,4.5,5.8,0,0,0,0,0,0
mongolia,2013,57.8,4.4,4.7,5.3,0,0,0,0,0,0
romania,2013,57.4,4.1,5.7,6.4,0,0,0,0,0,0
panama,2013,55.8,5.1,3.8,4.7,0,0,0,0,0,0
bulgaria,2013,55,4.7,5,4.8,0,0,0,0,0,0
bahamas,2013,54.7,4.3,4.5,4.9,0,0,0,0,0,0
montenegro,2013,54.4,4.6,4.6,4.2,0,0,0,0,0,0
croatia,2013,54.1,4.8,5.1,3.9,0,0,0,0,0,0
oman,2013,52,5.3,4.5,6.1,0,0,0,0,0,0
barbados,2013,50.8,4.2,5.8,3.6,0,0,0,0,0,0
greece,2013,50.6,3.9,6.4,5.4,0,0,0,0,0,0
costa rica,2013,48.7,2.5,4.3,3.5,0,0,0,0,0,0
latvia,2013,47.9,3.3,4,4.5,0,0,0,0,0,0
hungary,2013,47.6,2.3,6,5.9,0,0,0,0,0,0
united arab emirates,2013,47.3,2.9,3.5,6.5,0,0,0,0,0,0
qatar,2013,47.1,2.5,2.9,5.9,0,0,0,0,0,0
argentina,2013,46.1,3,4,4.4,0,0,0,0,0,0
estonia,2013,45.3,2.9,3.5,3.8,0,0,0,0,0,0
slovak republic,2013,45.3,2.3,5.2,4.3,0,0,0,0,0,0
italy,2013,44.6,5,4.8,4.7,0,0,0,0,0,0
mauritius,2013,44.5,3.3,4.1,4.1,0,0,0,0,0,0
spain,2013,44.4,4.1,5.5,3.3,0,0,0,0,0,0
lithuania,2013,43,2.5,4.5,3.8,0,0,0,0,0,0
malta,2013,42.4,3.7,3.6,4.1,0,0,0,0,0,0
chile,2013,42.3,2.9,4.1,3.8,0,0,0,0,0,0
poland,2013,40.9,2.5,3.5,3.4,0,0,0,0,0,0
czech republic,2013,39.9,2.1,4.5,4.1,0,0,0,0,0,0
uruguay,2013,38.4,3.7,3.6,1.7,0,0,0,0,0,0
japan,2013,36.1,1.7,3.7,2.2,0,0,0,0,0,0
south korea,2013,35.4,2.1,2,2.9,0,0,0,0,0,0
singapore,2013,34,1.5,3,3.2,0,0,0,0,0,0
united states,2013,33.5,2.2,3.2,2.3,0,0,0,0,0,0
united kingdom,2013,33.2,2.7,4.1,1.6,0,0,0,0,0,0
france,2013,32.6,2.3,4,2.2,0,0,0,0,0,0
portugal,2013,32.6,1.6,5.4,2.1,0,0,0,0,0,0
slovenia,2013,32.3,2.5,3.6,2.8,0,0,0,0,0,0
belgium,2013,30.9,2,3.5,2.1,0,0,0,0,0,0
germany,2013,29.7,2.2,2.6,1.4,0,0,0,0,0,0
austria,2013,26.9,1.1,1.9,1.5,0,0,0,0,0,0
netherlands,2013,26.9,1.8,3.5,1,0,0,0,0,0,0
canada,2013,26,1.8,1.8,1.5,0,0,0,0,0,0
australia,2013,25.4,1.7,2.1,1,0,0,0,0,0,0
ireland,2013,24.8,1.8,3.9,1.9,0,0,0,0,0,0
iceland,2013,24.7,1,3.7,1.4,0,0,0,0,0,0
luxembourg,2013,23.3,2.3,1.5,1.9,0,0,0,0,0,0
new zealand,2013,22.7,1.1,3.6,0.5,0,0,0,0,0,0
denmark,2013,21.9,1.5,1.9,1,0,0,0,0,0,0
norway,2013,21.5,2.7,1.9,0.5,0,0,0,0,0,0
switzerland,2013,21.5,1.4,2.3,0.8,0,0,0,0,0,0
sweden,2013,19.7,2.2,1.7,0.5,0,0,0,0,0,0
finland,2013,18,1,3.2,1,0,0,0,0,0,0
south sudan,2014,112.9,9.9,8.8,9.7,1,989,6260,2088,JanuaryFebruaryMarchAprilMayJuneJulyAugustSeptemberOctoberNovemberDecemberJanuaryFebruaryMarchAprilMayJuneJulyAugustSeptemberOctoberNovemberDecember,8417
somalia,2014,112.6,9.4,9.1,9.1,1,2934,4462,6222,JanuaryFebruaryMarchAprilMayJuneJulyAugustSeptemberOctoberNovemberDecemberJanuaryFebruaryMarchAprilMayJuneJulyAugustSeptemberOctoberNovemberDecember,5309
central african republic,2014,110.6,9.9,7.8,9.5,1,1040,3609,2394,JanuaryFebruaryMarchAprilMayJuneJulyAugustSeptemberOctoberNovemberDecemberJanuaryFebruaryMarchAprilMayJuneJulyAugustSeptemberOctoberNovemberDecember,6015
congo democratic republic,2014,110.2,9.4,8.2,9.3,1,0,0,0,0,0
sudan,2014,110.1,9.6,8.1,9.3,1,1364,4184,3113,JanuaryFebruaryMarchAprilMayJuneJulyAugustSeptemberOctoberNovemberDecemberJanuaryFebruaryMarchAprilMayJuneJulyAugustSeptemberOctoberNovemberDecember,5150
chad,2014,108.7,9.1,7.7,9.4,1,20,50,37,JanuaryFebruaryMarchAprilMayJuneJulyAugustSeptemberOctoberNovemberDecemberJanuaryFebruaryMarchAprilMayJuneJulyAugustSeptemberOctoberNovemberDecember,62
afghanistan,2014,106.5,10,8.3,9.5,1,0,0,0,0,0
yemen,2014,105.4,9.5,9.1,8.9,1,0,0,0,0,0
haiti,2014,104.3,7.5,9.4,8.9,1,0,0,0,0,0
pakistan,2014,103,9.9,7.5,8.5,1,0,0,6509,JanuaryFebruaryMarchAprilMayJuneJulyAugustSeptemberOctoberNovemberDecemberJanuaryFebruaryMarchAprilMayJuneJulyAugustSeptemberOctoberNovemberDecember,6631
zimbabwe,2014,102.8,8.1,8.3,9.3,1,199,7,362,JanuaryFebruaryMarchAprilMayJuneJulyAugustSeptemberOctoberNovemberDecemberJanuaryFebruaryMarchAprilMayJuneJulyAugustSeptemberOctoberNovemberDecember,14
guinea,2014,102.7,9.2,8.9,9.9,1,38,13,64,JanuaryFebruaryMarchAprilMayJuneJulyAugustSeptemberOctoberNovemberDecemberJanuaryFebruaryMarchAprilMayJuneJulyAugustSeptemberOctoberNovemberDecember,24
iraq,2014,102.2,10,7,8.7,1,0,0,0,0,0
cote d'ivoire,2014,101.7,8.8,7.4,8.8,1,0,0,0,0,0
syria,2014,101.6,10,6.7,9.8,1,0,0,0,0,0
guinea bissau,2014,100.6,8.6,8.4,9.3,1,0,0,0,0,0
nigeria,2014,99.7,9.5,7.3,8.8,1,1525,11404,3068,JanuaryFebruaryMarchAprilMayJuneJulyAugustSeptemberOctoberNovemberDecemberJanuaryFebruaryMarchAprilMayJuneJulyAugustSeptemberOctoberNovemberDecember,18352
kenya,2014,99,8.2,7.9,8.4,1,474,611,882,JanuaryFebruaryMarchAprilMayJuneJulyAugustSeptemberOctoberNovemberDecemberJanuaryFebruaryMarchAprilMayJuneJulyAugustSeptemberOctoberNovemberDecember,972
ethiopia,2014,97.9,8.1,7.4,7.1,1,132,335,223,JanuaryFebruaryMarchAprilMayJuneJulyAugustSeptemberOctoberNovemberDecemberJanuaryFebruaryMarchAprilMayJuneJulyAugustSeptemberOctoberNovemberDecember,417
niger,2014,97.9,8.4,8.1,7.8,1,20,38,31,JanuaryFebruaryMarchAprilMayJuneJulyAugustSeptemberOctoberNovemberDecemberJanuaryFebruaryMarchAprilMayJuneJulyAugustSeptemberOctoberNovemberDecember,38
burundi,2014,97.1,7.4,8.8,8.1,1,78,136,157,JanuaryFebruaryMarchAprilMayJuneJulyAugustSeptemberOctoberNovemberDecemberJanuaryFebruaryMarchAprilMayJuneJulyAugustSeptemberOctoberNovemberDecember,84
uganda,2014,96,7.9,7.3,7.8,1,114,195,221,JanuaryFebruaryMarchAprilMayJuneJulyAugustSeptemberOctoberNovemberDecemberJanuaryFebruaryMarchAprilMayJuneJulyAugustSeptemberOctoberNovemberDecember,289
eritrea,2014,95.5,7.6,8,8.8,1,3,10,5,JanuaryFebruaryMarchAprilMayJuneJulyAugustSeptemberOctoberNovemberDecemberJanuaryFebruaryMarchAprilMayJuneJulyAugustSeptemberOctoberNovemberDecember,20
liberia,2014,94.3,6.8,8,6.9,1,114,26,171,JanuaryFebruaryMarchAprilMayJuneJulyAugustSeptemberOctoberNovemberDecemberJanuaryFebruaryMarchAprilMayJuneJulyAugustSeptemberOctoberNovemberDecember,31
myanmar,2014,94.3,8,7,9.3,1,0,0,1429,JanuaryFebruaryMarchAprilMayJuneJulyAugustSeptemberOctoberNovemberDecemberJanuaryFebruaryMarchAprilMayJuneJulyAugustSeptemberOctoberNovemberDecember,602
north korea,2014,94,8.5,9,9.9,1,0,0,0,0,0
cameroon,2014,93.1,7.7,5.9,8.2,1,122,1377,244,JanuaryFebruaryMarchAprilMayJuneJulyAugustSeptemberOctoberNovemberDecemberJanuaryFebruaryMarchAprilMayJuneJulyAugustSeptemberOctoberNovemberDecember,1498
mauritania,2014,93,7.7,7.7,7.4,1,50,1,63,JanuaryFebruaryMarchAprilMayJuneJulyAugustSeptemberOctoberNovemberDecemberJanuaryFebruaryMarchAprilMayJuneJulyAugustSeptemberOctoberNovemberDecember,2
bangladesh,2014,92.8,7.8,7,8.4,1,0,0,2282,JanuaryFebruaryMarchAprilMayJuneJulyAugustSeptemberOctoberNovemberDecemberJanuaryFebruaryMarchAprilMayJuneJulyAugustSeptemberOctoberNovemberDecember,540
sri lanka,2014,92.6,8.2,6.2,8.3,1,0,0,247,JanuaryFebruaryMarchAprilMayJuneJulyAugustSeptemberOctoberNovemberDecemberJanuaryFebruaryMarchAprilMayJuneJulyAugustSeptemberOctoberNovemberDecember,9
egypt,2014,91,7.9,7.9,9,1,1573,1351,2378,JanuaryFebruaryMarchAprilMayJuneJulyAugustSeptemberOctoberNovemberDecemberJanuaryFebruaryMarchAprilMayJuneJulyAugustSeptemberOctoberNovemberDecember,1468
nepal,2014,91,7.3,7.1,7.6,1,0,0,304,JanuaryFebruaryMarchAprilMayJuneJulyAugustSeptemberOctoberNovemberDecemberJanuaryFebruaryMarchAprilMayJuneJulyAugustSeptemberOctoberNovemberDecember,10
timor-leste,2014,91,8,8.2,7.7,1,0,0,0,0,0
rwanda,2014,90.5,5.9,6.7,6.5,1,12,4,20,JanuaryFebruaryMarchAprilMayJuneJulyAugustSeptemberOctoberNovemberDecemberJanuaryFebruaryMarchAprilMayJuneJulyAugustSeptemberOctoberNovemberDecember,7
sierra leone,2014,89.9,5.1,8.3,7.2,1,16,2,32,JanuaryFebruaryMarchAprilMayJuneJulyAugustSeptemberOctoberNovemberDecemberJanuaryFebruaryMarchAprilMayJuneJulyAugustSeptemberOctoberNovemberDecember,2
mali,2014,89.8,8,7.9,5.9,1,158,382,287,JanuaryFebruaryMarchAprilMayJuneJulyAugustSeptemberOctoberNovemberDecemberJanuaryFebruaryMarchAprilMayJuneJulyAugustSeptemberOctoberNovemberDecember,430
congo republic,2014,89.6,6.4,6.7,8.4,1,0,0,0,0,0
malawi,2014,89.1,5.1,8.3,7.6,1,35,11,64,JanuaryFebruaryMarchAprilMayJuneJulyAugustSeptemberOctoberNovemberDecemberJanuaryFebruaryMarchAprilMayJuneJulyAugustSeptemberOctoberNovemberDecember,19
burkina faso,2014,89,6.9,7.4,7.8,1,123,36,150,JanuaryFebruaryMarchAprilMayJuneJulyAugustSeptemberOctoberNovemberDecemberJanuaryFebruaryMarchAprilMayJuneJulyAugustSeptemberOctoberNovemberDecember,41
cambodia,2014,88.5,6.3,6.1,8.4,1,0,0,333,JanuaryFebruaryMarchAprilMayJuneJulyAugustSeptemberOctoberNovemberDecemberJanuaryFebruaryMarchAprilMayJuneJulyAugustSeptemberOctoberNovemberDecember,22
libya,2014,87.8,9.2,6.1,8.5,1,1617,3372,3368,JanuaryFebruaryMarchAprilMayJuneJulyAugustSeptemberOctoberNovemberDecemberJanuaryFebruaryMarchAprilMayJuneJulyAugustSeptemberOctoberNovemberDecember,3937
togo,2014,87.8,7.1,7.1,8.4,1,14,0,18,JanuaryFebruaryMarchAprilMayJuneJulyAugustSeptemberOctoberNovemberDecemberJanuaryFebruaryMarchAprilMayJuneJulyAugustSeptemberOctoberNovemberDecember,0
angola,2014,87.4,5.8,5.4,8,1,8,0,15,JanuaryFebruaryMarchAprilMayJuneJulyAugustSeptemberOctoberNovemberDecemberJanuaryFebruaryMarchAprilMayJuneJulyAugustSeptemberOctoberNovemberDecember,0
iran,2014,87.2,8.3,6.4,8.7,1,0,0,0,0,0
djibouti,2014,87.1,6.9,7.2,7.9,1,22,11,44,JanuaryFebruaryMarchAprilMayJuneJulyAugustSeptemberOctoberNovemberDecemberJanuaryFebruaryMarchAprilMayJuneJulyAugustSeptemberOctoberNovemberDecember,14
lebanon,2014,86.9,8.6,5.6,7.3,1,0,0,0,0,0
solomon islands,2014,86.4,6.7,7.5,7,1,0,0,0,0,0
uzbekistan,2014,86.3,7.6,7.1,9.3,1,0,0,0,0,0
zambia,2014,86.2,4.7,8,7.7,1,115,7,178,JanuaryFebruaryMarchAprilMayJuneJulyAugustSeptemberOctoberNovemberDecemberJanuaryFebruaryMarchAprilMayJuneJulyAugustSeptemberOctoberNovemberDecember,14
mozambique,2014,85.9,6.6,8.1,7.5,1,141,57,275,JanuaryFebruaryMarchAprilMayJuneJulyAugustSeptemberOctoberNovemberDecemberJanuaryFebruaryMarchAprilMayJuneJulyAugustSeptemberOctoberNovemberDecember,70
swaziland,2014,85.8,5.7,8.9,8.8,1,0,0,0,0,0
equatorial guinea,2014,85.3,7.2,4.2,9.7,1,2,0,5,JanuaryFebruaryMarchAprilMayJuneJulyAugustSeptemberOctoberNovemberDecemberJanuaryFebruaryMarchAprilMayJuneJulyAugustSeptemberOctoberNovemberDecember,0
philippines,2014,85.3,8.8,5.7,7.3,1,0,0,0,0,0
comoros,2014,85.1,7.5,8.3,7.1,1,0,0,0,0,0
tajikistan,2014,84.6,7.1,7.7,9,1,0,0,0,0,0
laos,2014,84.3,6.3,5.8,8.6,1,0,0,1,JanuaryFebruaryMarchAprilMayJuneJulyAugustSeptemberOctoberNovemberDecemberJanuaryFebruaryMarchAprilMayJuneJulyAugustSeptemberOctoberNovemberDecember,0
papua new guinea,2014,84.1,6.4,6.6,6.6,1,0,0,0,0,0
kyrgyz republic,2014,83.9,7.1,7.3,8.2,1,0,0,0,0,0
colombia,2014,83.1,7,4.1,7.4,1,0,0,0,0,0
gambia,2014,83.1,5.2,7.5,7.5,1,10,3,16,JanuaryFebruaryMarchAprilMayJuneJulyAugustSeptemberOctoberNovemberDecemberJanuaryFebruaryMarchAprilMayJuneJulyAugustSeptemberOctoberNovemberDecember,6
madagascar,2014,83.1,6.8,7.9,7.3,1,133,465,221,JanuaryFebruaryMarchAprilMayJuneJulyAugustSeptemberOctoberNovemberDecemberJanuaryFebruaryMarchAprilMayJuneJulyAugustSeptemberOctoberNovemberDecember,495
senegal,2014,82.8,6.5,7,6,1,129,11,188,JanuaryFebruaryMarchAprilMayJuneJulyAugustSeptemberOctoberNovemberDecemberJanuaryFebruaryMarchAprilMayJuneJulyAugustSeptemberOctoberNovemberDecember,18
georgia,2014,82.7,7.6,6.3,8.7,1,0,0,0,0,0
bhutan,2014,80.9,5.3,6,5.5,1,0,0,0,0,0
tanzania,2014,80.8,5.2,6.7,6,1,69,37,129,JanuaryFebruaryMarchAprilMayJuneJulyAugustSeptemberOctoberNovemberDecemberJanuaryFebruaryMarchAprilMayJuneJulyAugustSeptemberOctoberNovemberDecember,52
guatemala,2014,80.3,6.7,6.1,6.5,1,0,0,0,0,0
israel and west bank,2014,79.5,6.8,4,6.6,0,0,0,0,0,0
china,2014,79,6.2,3.9,7.9,0,0,0,0,0,0
fiji,2014,79,7,7,7.8,0,0,0,0,0,0
bolivia,2014,78.9,6.4,5.9,6.9,0,0,0,0,0,0
algeria,2014,78.8,7.5,6.1,7.5,0,285,228,424,JanuaryFebruaryMarchAprilMayJuneJulyAugustSeptemberOctoberNovemberDecemberJanuaryFebruaryMarchAprilMayJuneJulyAugustSeptemberOctoberNovemberDecember,246
lesotho,2014,78.6,4.9,8.2,5.7,0,10,1,6,JanuaryFebruaryMarchAprilMayJuneJulyAugustSeptemberOctoberNovemberDecemberJanuaryFebruaryMarchAprilMayJuneJulyAugustSeptemberOctoberNovemberDecember,1
nicaragua,2014,78.4,5.3,6.5,7.6,0,0,0,0,0,0
benin,2014,78.2,5.9,6.9,6.1,0,7,0,9,JanuaryFebruaryMarchAprilMayJuneJulyAugustSeptemberOctoberNovemberDecemberJanuaryFebruaryMarchAprilMayJuneJulyAugustSeptemberOctoberNovemberDecember,0
turkmenistan,2014,78.2,6.8,5.3,9.6,0,0,0,0,0,0
honduras,2014,77.9,6.4,6.6,7,0,0,0,0,0,0
azerbaijan,2014,77.8,7,4.4,8.3,0,0,0,0,0,0
tunisia,2014,77.5,7.3,6.3,8,0,302,104,438,JanuaryFebruaryMarchAprilMayJuneJulyAugustSeptemberOctoberNovemberDecemberJanuaryFebruaryMarchAprilMayJuneJulyAugustSeptemberOctoberNovemberDecember,116
ecuador,2014,77.3,6.4,5.6,6.9,0,0,0,0,0,0
thailand,2014,77,7.9,3.6,7.1,0,0,0,2264,JanuaryFebruaryMarchAprilMayJuneJulyAugustSeptemberOctoberNovemberDecemberJanuaryFebruaryMarchAprilMayJuneJulyAugustSeptemberOctoberNovemberDecember,674
india,2014,76.9,7.9,5.7,5.3,0,0,0,0,0,0
indonesia,2014,76.8,6.5,5.5,6.5,0,0,0,0,0,0
jordan,2014,76.7,5.5,6.6,6.4,0,0,0,0,0,0
venezuela,2014,76.7,6.2,5.5,7.7,0,0,0,0,0,0
russia,2014,76.5,8.6,3.6,7.6,0,0,0,0,0,0
bosnia and herzegovina,2014,75.9,6.5,5.5,6.8,0,0,0,0,0,0
sao tome and principe,2014,75.8,5.8,8.1,6.6,0,0,0,0,0,0
maldives,2014,75.4,5.8,6.7,8.4,0,0,0,0,0,0
moldova,2014,75.1,6.9,6.6,6.6,0,0,0,0,0,0
belarus,2014,75,6.1,6,8.8,0,0,0,0,0,0
micronesia,2014,74.6,5.4,7.8,6.3,0,0,0,0,0,0
morocco,2014,74.4,6,5.6,6.6,0,136,4,279,JanuaryFebruaryMarchAprilMayJuneJulyAugustSeptemberOctoberNovemberDecemberJanuaryFebruaryMarchAprilMayJuneJulyAugustSeptemberOctoberNovemberDecember,6
cape verde,2014,74.1,5.7,6.2,6,0,0,0,0,0,0
turkey,2014,74.1,7.4,5.3,6,0,0,0,0,0,0
dominican republic,2014,73.4,4.9,5.5,5.7,0,0,0,0,0,0
saudi arabia,2014,73.1,6.9,3.9,8.1,0,0,0,0,0,0
peru,2014,72.9,6.7,4.2,7.4,0,0,0,0,0,0
vietnam,2014,72.7,5.1,5.7,8,0,0,0,76,JanuaryFebruaryMarchAprilMayJuneJulyAugustSeptemberOctoberNovemberDecemberJanuaryFebruaryMarchAprilMayJuneJulyAugustSeptemberOctoberNovemberDecember,51
gabon,2014,72.2,5.1,5.1,7.7,0,14,2,15,JanuaryFebruaryMarchAprilMayJuneJulyAugustSeptemberOctoberNovemberDecemberJanuaryFebruaryMarchAprilMayJuneJulyAugustSeptemberOctoberNovemberDecember,2
el salvador,2014,72,6.1,6.2,5.6,0,0,0,0,0,0
serbia,2014,72,6.2,6.4,5.8,0,0,0,0,0,0
paraguay,2014,71.6,6.2,5.4,7.4,0,0,0,0,0,0
namibia,2014,71.5,4.6,6.8,4.1,0,64,5,88,JanuaryFebruaryMarchAprilMayJuneJulyAugustSeptemberOctoberNovemberDecemberJanuaryFebruaryMarchAprilMayJuneJulyAugustSeptemberOctoberNovemberDecember,9
armenia,2014,71.3,5.6,5.8,6.7,0,0,0,0,0,0
mexico,2014,71.1,7.6,4.9,5.8,0,0,0,0,0,0
guyana,2014,71,5.5,6.7,5.6,0,0,0,0,0,0
cuba,2014,70.8,6,4.8,6.8,0,0,0,0,0,0
ghana,2014,70.7,4.1,6,4.8,0,49,14,81,JanuaryFebruaryMarchAprilMayJuneJulyAugustSeptemberOctoberNovemberDecemberJanuaryFebruaryMarchAprilMayJuneJulyAugustSeptemberOctoberNovemberDecember,19
suriname,2014,70.6,5.7,7.1,5.8,0,0,0,0,0,0
samoa,2014,69.3,5.5,6.2,6,0,0,0,0,0,0
kazakhstan,2014,68.5,6,5.9,7.7,0,0,0,0,0,0
cyprus,2014,67.9,4.7,6.4,5.6,0,0,0,0,0,0
ukraine,2014,67.2,4.7,5.5,8,0,0,0,0,0,0
belize,2014,67,5.5,5.6,6,0,0,0,0,0,0
south africa,2014,66.6,4.9,5.8,5,0,1091,155,1518,JanuaryFebruaryMarchAprilMayJuneJulyAugustSeptemberOctoberNovemberDecemberJanuaryFebruaryMarchAprilMayJuneJulyAugustSeptemberOctoberNovemberDecember,281
macedonia,2014,66.4,5.7,5.9,5.8,0,0,0,0,0,0
malaysia,2014,66.2,6.5,3.9,6.6,0,0,0,0,0,0
grenada,2014,65.2,5.3,6.1,6.2,0,0,0,0,0,0
jamaica,2014,64.9,6,6.8,5.6,0,0,0,0,0,0
bahrain,2014,64.7,6.2,3.5,7.9,0,0,0,0,0,0
botswana,2014,64.5,3.2,6.4,4.1,0,5,0,7,JanuaryFebruaryMarchAprilMayJuneJulyAugustSeptemberOctoberNovemberDecemberJanuaryFebruaryMarchAprilMayJuneJulyAugustSeptemberOctoberNovemberDecember,0
seychelles,2014,63.7,6.4,4.9,6,0,0,0,0,0,0
albania,2014,63.6,5,5.5,6.5,0,0,0,0,0,0
brunei darussalam,2014,63.6,5.6,3.1,7.1,0,0,0,0,0,0
brazil,2014,61.4,5.6,3.6,5.4,0,0,0,0,0,0
trinidad and tobago,2014,61.3,5.4,4.6,5.3,0,0,0,0,0,0
antigua and barbuda,2014,59,4.9,4.5,5.8,0,0,0,0,0,0
kuwait,2014,59,4.2,3.3,7.3,0,0,0,0,0,0
mongolia,2014,58.1,4.3,4.6,4.8,0,0,0,0,0,0
romania,2014,56.9,3.8,5.7,6.1,0,0,0,0,0,0
montenegro,2014,55.7,4.3,4.9,4.3,0,0,0,0,0,0
panama,2014,55.7,4.8,3.7,4.6,0,0,0,0,0,0
bulgaria,2014,54.4,4.4,5.2,4.9,0,0,0,0,0,0
bahamas,2014,54.1,4.3,4.7,4.6,0,0,0,0,0,0
oman,2014,53.1,5,4.8,6.4,0,0,0,0,0,0
croatia,2014,52.9,4.5,5,3.7,0,0,0,0,0,0
greece,2014,52.1,4.2,6.5,6.4,0,0,0,0,0,0
barbados,2014,51.4,4.2,5.8,3.3,0,0,0,0,0,0
qatar,2014,48.9,2.8,2.9,6.2,0,0,0,0,0,0
costa rica,2014,48.5,2.8,4.6,3.2,0,0,0,0,0,0
hungary,2014,48.3,2.6,5.6,6,0,0,0,0,0,0
latvia,2014,48,3.3,4.3,4.2,0,0,0,0,0,0
united arab emirates,2014,47.6,3.1,3.4,6.7,0,0,0,0,0,0
argentina,2014,47.3,3.3,4.3,4.3,0,0,0,0,0,0
mauritius,2014,46.1,3.1,4.4,3.8,0,0,0,0,0,0
slovak republic,2014,45.3,2.6,5.4,4,0,0,0,0,0,0
estonia,2014,45.2,2.8,3.8,3.5,0,0,0,0,0,0
italy,2014,43.4,4.7,5.1,4.2,0,0,0,0,0,0
lithuania,2014,43.2,2.7,4.8,3.5,0,0,0,0,0,0
spain,2014,43.1,3.6,5.3,3.4,0,0,0,0,0,0
malta,2014,43,3.7,3.9,3.8,0,0,0,0,0,0
poland,2014,42.1,2.6,4,3.5,0,0,0,0,0,0
chile,2014,42,2.8,3.9,3.3,0,0,0,0,0,0
czech republic,2014,39.4,2.3,4.8,4.2,0,0,0,0,0,0
uruguay,2014,37.9,3.4,3.5,1.6,0,0,0,0,0,0
south korea,2014,36.4,2.4,2.3,2.8,0,0,0,0,0,0
japan,2014,36.3,1.9,3.6,2,0,0,0,0,0,0
singapore,2014,35.9,2,2.8,3.5,0,0,0,0,0,0
united states,2014,35.4,2.7,3.1,2.4,0,0,0,0,0,0
france,2014,34.8,2.6,4.5,2.1,0,0,0,0,0,0
united kingdom,2014,34.3,2.8,4,1.7,0,0,0,0,0,0
portugal,2014,33.1,1.9,5.2,2.3,0,0,0,0,0,0
slovenia,2014,32.6,2.4,3.9,2.9,0,0,0,0,0,0
belgium,2014,32,2.3,4,2,0,0,0,0,0,0
germany,2014,30.6,2.4,2.9,1.5,0,0,0,0,0,0
netherlands,2014,28.6,2.1,3.7,1,0,0,0,0,0,0
austria,2014,28.5,1.4,2.2,1.6,0,0,0,0,0,0
canada,2014,27.4,2.1,2.1,1.2,0,0,0,0,0,0
australia,2014,26.3,2,2.4,1,0,0,0,0,0,0
ireland,2014,26.1,2.1,4.2,1.8,0,0,0,0,0,0
iceland,2014,25.9,1.3,3.9,1.2,0,0,0,0,0,0
luxembourg,2014,24.6,2.3,1.8,1.6,0,0,0,0,0,0
new zealand,2014,24.1,1.4,3.9,0.5,0,0,0,0,0,0
switzerland,2014,23.3,1.7,2.2,0.9,0,0,0,0,0,0
norway,2014,23,2.8,2,0.5,0,0,0,0,0,0
denmark,2014,22.8,1.8,2.2,0.8,0,0,0,0,0,0
sweden,2014,21.4,2.4,2,0.8,0,0,0,0,0,0
finland,2014,18.7,1.3,3.5,0.8,0,0,0,0,0,0
south sudan,2015,114.5,10,9,10,1,888,3567,2013,JanuaryFebruaryMarchAprilMayJuneJulyAugustSeptemberOctoberNovemberDecemberJanuaryFebruaryMarchAprilMayJuneJulyAugustSeptemberOctoberNovemberDecember,4827
somalia,2015,114,9.7,9.1,9.3,1,2358,4137,4939,JanuaryFebruaryMarchAprilMayJuneJulyAugustSeptemberOctoberNovemberDecemberJanuaryFebruaryMarchAprilMayJuneJulyAugustSeptemberOctoberNovemberDecember,4805
central african republic,2015,111.9,9.8,8.3,9.5,1,352,523,730,JanuaryFebruaryMarchAprilMayJuneJulyAugustSeptemberOctoberNovemberDecemberJanuaryFebruaryMarchAprilMayJuneJulyAugustSeptemberOctoberNovemberDecember,825
sudan,2015,110.8,9.5,8.6,9.6,1,1368,3456,3329,JanuaryFebruaryMarchAprilMayJuneJulyAugustSeptemberOctoberNovemberDecemberJanuaryFebruaryMarchAprilMayJuneJulyAugustSeptemberOctoberNovemberDecember,4506
congo democratic republic,2015,109.7,9.5,7.9,9,1,0,0,0,0,0
chad,2015,108.4,8.8,7.8,9.3,1,40,429,80,JanuaryFebruaryMarchAprilMayJuneJulyAugustSeptemberOctoberNovemberDecemberJanuaryFebruaryMarchAprilMayJuneJulyAugustSeptemberOctoberNovemberDecember,579
yemen,2015,108.2,10,9.3,9.3,1,0,0,16553,JanuaryFebruaryMarchAprilMayJuneJulyAugustSeptemberOctoberNovemberDecemberJanuaryFebruaryMarchAprilMayJuneJulyAugustSeptemberOctoberNovemberDecember,22116
afghanistan,2015,107.9,10,8.6,9.7,1,0,0,0,0,0
syria,2015,107.8,10,7.5,9.9,1,0,0,0,0,0
guinea,2015,104.9,8.9,9.2,9.9,1,54,34,95,JanuaryFebruaryMarchAprilMayJuneJulyAugustSeptemberOctoberNovemberDecemberJanuaryFebruaryMarchAprilMayJuneJulyAugustSeptemberOctoberNovemberDecember,42
haiti,2015,104.5,7.5,9.1,9.4,1,0,0,0,0,0
iraq,2015,104.4,10,6.9,9.2,1,0,0,0,0,0
pakistan,2015,103,9.6,7.7,8.6,1,0,0,6916,JanuaryFebruaryMarchAprilMayJuneJulyAugustSeptemberOctoberNovemberDecemberJanuaryFebruaryMarchAprilMayJuneJulyAugustSeptemberOctoberNovemberDecember,5405
nigeria,2015,102.5,9.9,7.6,9.1,1,1681,11097,3166,JanuaryFebruaryMarchAprilMayJuneJulyAugustSeptemberOctoberNovemberDecemberJanuaryFebruaryMarchAprilMayJuneJulyAugustSeptemberOctoberNovemberDecember,18104
cote d'ivoire,2015,100.1,8.3,7.1,8.5,1,0,0,0,0,0
zimbabwe,2015,100,7.9,8,9,1,263,19,532,JanuaryFebruaryMarchAprilMayJuneJulyAugustSeptemberOctoberNovemberDecemberJanuaryFebruaryMarchAprilMayJuneJulyAugustSeptemberOctoberNovemberDecember,33
guinea bissau,2015,99.9,8.8,8.7,9,1,0,0,0,0,0
burundi,2015,98,7.7,8.5,8.4,1,1581,1052,3088,JanuaryFebruaryMarchAprilMayJuneJulyAugustSeptemberOctoberNovemberDecemberJanuaryFebruaryMarchAprilMayJuneJulyAugustSeptemberOctoberNovemberDecember,1653
niger,2015,97.8,8.7,8.2,7.5,1,72,988,142,JanuaryFebruaryMarchAprilMayJuneJulyAugustSeptemberOctoberNovemberDecemberJanuaryFebruaryMarchAprilMayJuneJulyAugustSeptemberOctoberNovemberDecember,1148
ethiopia,2015,97.5,8.4,6.9,7.4,1,386,813,793,JanuaryFebruaryMarchAprilMayJuneJulyAugustSeptemberOctoberNovemberDecemberJanuaryFebruaryMarchAprilMayJuneJulyAugustSeptemberOctoberNovemberDecember,1030
kenya,2015,97.3,8.4,7.5,8.1,1,348,527,595,JanuaryFebruaryMarchAprilMayJuneJulyAugustSeptemberOctoberNovemberDecemberJanuaryFebruaryMarchAprilMayJuneJulyAugustSeptemberOctoberNovemberDecember,870
liberia,2015,97.3,6.9,8.6,7.3,1,70,4,94,JanuaryFebruaryMarchAprilMayJuneJulyAugustSeptemberOctoberNovemberDecemberJanuaryFebruaryMarchAprilMayJuneJulyAugustSeptemberOctoberNovemberDecember,8
uganda,2015,97,7.6,7,8,1,215,29,330,JanuaryFebruaryMarchAprilMayJuneJulyAugustSeptemberOctoberNovemberDecemberJanuaryFebruaryMarchAprilMayJuneJulyAugustSeptemberOctoberNovemberDecember,49
eritrea,2015,96.9,7.7,8.3,9.1,1,5,3,10,JanuaryFebruaryMarchAprilMayJuneJulyAugustSeptemberOctoberNovemberDecemberJanuaryFebruaryMarchAprilMayJuneJulyAugustSeptemberOctoberNovemberDecember,3
libya,2015,95.3,9.3,8,9.8,1,1422,3067,2813,JanuaryFebruaryMarchAprilMayJuneJulyAugustSeptemberOctoberNovemberDecemberJanuaryFebruaryMarchAprilMayJuneJulyAugustSeptemberOctoberNovemberDecember,3607
mauritania,2015,94.9,7.4,8,7.9,1,39,1,49,JanuaryFebruaryMarchAprilMayJuneJulyAugustSeptemberOctoberNovemberDecemberJanuaryFebruaryMarchAprilMayJuneJulyAugustSeptemberOctoberNovemberDecember,2
myanmar,2015,94.7,8.3,6.5,9,1,0,0,2102,JanuaryFebruaryMarchAprilMayJuneJulyAugustSeptemberOctoberNovemberDecemberJanuaryFebruaryMarchAprilMayJuneJulyAugustSeptemberOctoberNovemberDecember,1460
cameroon,2015,94.3,7.6,6.2,8.4,1,133,1428,280,JanuaryFebruaryMarchAprilMayJuneJulyAugustSeptemberOctoberNovemberDecemberJanuaryFebruaryMarchAprilMayJuneJulyAugustSeptemberOctoberNovemberDecember,1862
north korea,2015,93.8,8.6,9,10,1,0,0,0,0,0
mali,2015,92.9,8.7,8.2,6,1,176,434,358,JanuaryFebruaryMarchAprilMayJuneJulyAugustSeptemberOctoberNovemberDecemberJanuaryFebruaryMarchAprilMayJuneJulyAugustSeptemberOctoberNovemberDecember,508
sierra leone,2015,91.9,4.8,8.7,6.9,1,26,2,49,JanuaryFebruaryMarchAprilMayJuneJulyAugustSeptemberOctoberNovemberDecemberJanuaryFebruaryMarchAprilMayJuneJulyAugustSeptemberOctoberNovemberDecember,4
bangladesh,2015,91.8,7.7,6.7,8.5,1,0,0,3367,JanuaryFebruaryMarchAprilMayJuneJulyAugustSeptemberOctoberNovemberDecemberJanuaryFebruaryMarchAprilMayJuneJulyAugustSeptemberOctoberNovemberDecember,720
congo republic,2015,90.8,6.7,6.4,8.7,1,0,0,0,0,0
sri lanka,2015,90.7,7.9,5.9,8,1,0,0,370,JanuaryFebruaryMarchAprilMayJuneJulyAugustSeptemberOctoberNovemberDecemberJanuaryFebruaryMarchAprilMayJuneJulyAugustSeptemberOctoberNovemberDecember,16
nepal,2015,90.5,7,6.8,7.1,1,0,0,916,JanuaryFebruaryMarchAprilMayJuneJulyAugustSeptemberOctoberNovemberDecemberJanuaryFebruaryMarchAprilMayJuneJulyAugustSeptemberOctoberNovemberDecember,58
timor-leste,2015,90.5,7.7,8.4,7.4,1,0,0,0,0,0
rwanda,2015,90.2,6.2,6.3,6.5,1,29,4,36,JanuaryFebruaryMarchAprilMayJuneJulyAugustSeptemberOctoberNovemberDecemberJanuaryFebruaryMarchAprilMayJuneJulyAugustSeptemberOctoberNovemberDecember,7
egypt,2015,89.9,8.2,8.1,8.7,1,1217,2853,2212,JanuaryFebruaryMarchAprilMayJuneJulyAugustSeptemberOctoberNovemberDecemberJanuaryFebruaryMarchAprilMayJuneJulyAugustSeptemberOctoberNovemberDecember,3338
burkina faso,2015,89.2,7.4,7.1,8.1,1,116,23,147,JanuaryFebruaryMarchAprilMayJuneJulyAugustSeptemberOctoberNovemberDecemberJanuaryFebruaryMarchAprilMayJuneJulyAugustSeptemberOctoberNovemberDecember,27
lebanon,2015,88.1,8.8,5.9,7.8,1,0,0,0,0,0
djibouti,2015,88,6.9,7.4,7.6,1,9,27,19,JanuaryFebruaryMarchAprilMayJuneJulyAugustSeptemberOctoberNovemberDecemberJanuaryFebruaryMarchAprilMayJuneJulyAugustSeptemberOctoberNovemberDecember,27
angola,2015,87.9,6,5.6,8.3,1,14,23,19,JanuaryFebruaryMarchAprilMayJuneJulyAugustSeptemberOctoberNovemberDecemberJanuaryFebruaryMarchAprilMayJuneJulyAugustSeptemberOctoberNovemberDecember,24
cambodia,2015,87.9,6.7,6.4,8.4,1,0,0,151,JanuaryFebruaryMarchAprilMayJuneJulyAugustSeptemberOctoberNovemberDecemberJanuaryFebruaryMarchAprilMayJuneJulyAugustSeptemberOctoberNovemberDecember,10
iran,2015,87.1,8,6.9,8.9,1,0,0,0,0,0
malawi,2015,86.9,4.8,8.6,6.9,1,53,12,84,JanuaryFebruaryMarchAprilMayJuneJulyAugustSeptemberOctoberNovemberDecemberJanuaryFebruaryMarchAprilMayJuneJulyAugustSeptemberOctoberNovemberDecember,21
mozambique,2015,86.9,7,7.8,7.2,1,44,48,66,JanuaryFebruaryMarchAprilMayJuneJulyAugustSeptemberOctoberNovemberDecemberJanuaryFebruaryMarchAprilMayJuneJulyAugustSeptemberOctoberNovemberDecember,52
togo,2015,86.8,7,6.8,8.1,1,18,8,22,JanuaryFebruaryMarchAprilMayJuneJulyAugustSeptemberOctoberNovemberDecemberJanuaryFebruaryMarchAprilMayJuneJulyAugustSeptemberOctoberNovemberDecember,10
philippines,2015,86.2,9.1,6,7.5,1,0,0,0,0,0
swaziland,2015,86.2,6,9.3,8.5,1,0,0,0,0,0
solomon islands,2015,85.9,6.4,7.6,7.3,1,0,0,0,0,0
gambia,2015,85.4,6,7.8,7.8,1,21,0,32,JanuaryFebruaryMarchAprilMayJuneJulyAugustSeptemberOctoberNovemberDecemberJanuaryFebruaryMarchAprilMayJuneJulyAugustSeptemberOctoberNovemberDecember,0
uzbekistan,2015,85.3,7.6,6.8,9.6,1,0,0,0,0,0
zambia,2015,85.1,5,7.7,7.4,1,107,9,187,JanuaryFebruaryMarchAprilMayJuneJulyAugustSeptemberOctoberNovemberDecemberJanuaryFebruaryMarchAprilMayJuneJulyAugustSeptemberOctoberNovemberDecember,14
equatorial guinea,2015,84.8,7,5.2,9.8,1,1,0,3,JanuaryFebruaryMarchAprilMayJuneJulyAugustSeptemberOctoberNovemberDecemberJanuaryFebruaryMarchAprilMayJuneJulyAugustSeptemberOctoberNovemberDecember,0
laos,2015,84.4,6,5.5,9,1,0,0,18,JanuaryFebruaryMarchAprilMayJuneJulyAugustSeptemberOctoberNovemberDecemberJanuaryFebruaryMarchAprilMayJuneJulyAugustSeptemberOctoberNovemberDecember,7
madagascar,2015,83.6,7.1,7.6,7.2,1,101,192,181,JanuaryFebruaryMarchAprilMayJuneJulyAugustSeptemberOctoberNovemberDecemberJanuaryFebruaryMarchAprilMayJuneJulyAugustSeptemberOctoberNovemberDecember,226
papua new guinea,2015,83.4,6.9,6.2,6.9,1,0,0,0,0,0
tajikistan,2015,83.4,6.8,7.4,9.1,1,0,0,0,0,0
comoros,2015,83.3,7.2,8,6.8,1,0,0,0,0,0
senegal,2015,82.9,6.2,7.3,5.5,1,95,1,112,JanuaryFebruaryMarchAprilMayJuneJulyAugustSeptemberOctoberNovemberDecemberJanuaryFebruaryMarchAprilMayJuneJulyAugustSeptemberOctoberNovemberDecember,2
colombia,2015,82.5,7.3,3.8,7.1,1,0,0,0,0,0
kyrgyz republic,2015,82.2,6.8,7,7.8,1,0,0,0,0,0
tanzania,2015,80.8,5.5,6.7,6,1,76,34,127,JanuaryFebruaryMarchAprilMayJuneJulyAugustSeptemberOctoberNovemberDecemberJanuaryFebruaryMarchAprilMayJuneJulyAugustSeptemberOctoberNovemberDecember,42
guatemala,2015,80.4,7,6,6.6,1,0,0,0,0,0
russia,2015,80,9.1,4.4,7.9,0,0,0,0,0,0
lesotho,2015,79.9,5.6,8.3,6.4,0,6,4,15,JanuaryFebruaryMarchAprilMayJuneJulyAugustSeptemberOctoberNovemberDecemberJanuaryFebruaryMarchAprilMayJuneJulyAugustSeptemberOctoberNovemberDecember,7
algeria,2015,79.6,8,6.4,7.8,0,353,154,428,JanuaryFebruaryMarchAprilMayJuneJulyAugustSeptemberOctoberNovemberDecemberJanuaryFebruaryMarchAprilMayJuneJulyAugustSeptemberOctoberNovemberDecember,156
israel and west bank,2015,79.4,7,3.9,6.3,0,0,0,0,0,0
india,2015,79.3,7.9,5.6,5.2,0,0,0,0,0,0
georgia,2015,79.2,7.3,5.8,8.8,0,0,0,0,0,0
thailand,2015,79.1,8.9,4,8,0,0,0,1301,JanuaryFebruaryMarchAprilMayJuneJulyAugustSeptemberOctoberNovemberDecemberJanuaryFebruaryMarchAprilMayJuneJulyAugustSeptemberOctoberNovemberDecember,378
nicaragua,2015,79,5.6,6.2,7.3,0,0,0,0,0,0
benin,2015,78.8,6.2,6.6,6.2,0,8,3,12,JanuaryFebruaryMarchAprilMayJuneJulyAugustSeptemberOctoberNovemberDecemberJanuaryFebruaryMarchAprilMayJuneJulyAugustSeptemberOctoberNovemberDecember,5
bhutan,2015,78.7,5,5.7,5,0,0,0,0,0,0
venezuela,2015,78.7,6.5,6.5,8.6,0,0,0,0,0,0
bolivia,2015,78.1,6.6,5.4,7,0,0,0,0,0,0
honduras,2015,78.1,6.7,6.3,6.7,0,0,0,0,0,0
bosnia and herzegovina,2015,77.4,6.2,5.8,7,0,0,0,0,0,0
turkmenistan,2015,77.4,6.8,5,9.7,0,0,0,0,0,0
azerbaijan,2015,77.3,6.7,4.1,8.6,0,0,0,0,0,0
jordan,2015,76.9,5.5,6.3,6.1,0,0,0,0,0,0
fiji,2015,76.7,6.7,6.7,7.4,0,0,0,0,0,0
china,2015,76.5,5.9,3.4,8,0,0,0,0,0,0
ukraine,2015,76.3,7.9,6.5,8.5,0,0,0,0,0,0
ecuador,2015,75.9,6.7,5.3,7,0,0,0,0,0,0
tunisia,2015,75.7,7.8,6.6,7,0,467,161,549,JanuaryFebruaryMarchAprilMayJuneJulyAugustSeptemberOctoberNovemberDecemberJanuaryFebruaryMarchAprilMayJuneJulyAugustSeptemberOctoberNovemberDecember,241
belarus,2015,75.6,6.6,6.1,8.6,0,0,0,0,0,0
indonesia,2015,75,6.2,5.2,5.6,0,0,0,851,JanuaryFebruaryMarchAprilMayJuneJulyAugustSeptemberOctoberNovemberDecemberJanuaryFebruaryMarchAprilMayJuneJulyAugustSeptemberOctoberNovemberDecember,153
morocco,2015,74.6,5.7,5.3,6.5,0,126,4,213,JanuaryFebruaryMarchAprilMayJuneJulyAugustSeptemberOctoberNovemberDecemberJanuaryFebruaryMarchAprilMayJuneJulyAugustSeptemberOctoberNovemberDecember,7
turkey,2015,74.6,7.7,5,6.3,0,0,0,0,0,0
maldives,2015,74.3,6.1,6.4,8.5,0,0,0,0,0,0
serbia,2015,73.8,6,6.7,5.7,0,0,0,0,0,0
sao tome and principe,2015,73.7,5.5,8.4,6.1,0,0,0,0,0,0
cape verde,2015,73.5,5.7,6.2,5.7,0,0,0,0,0,0
micronesia,2015,73.5,5.1,8.1,6,0,0,0,0,0,0
moldova,2015,73,6.6,6.3,6.3,0,0,0,0,0,0
vietnam,2015,72.4,5.1,5.8,8.1,0,0,0,155,JanuaryFebruaryMarchAprilMayJuneJulyAugustSeptemberOctoberNovemberDecemberJanuaryFebruaryMarchAprilMayJuneJulyAugustSeptemberOctoberNovemberDecember,6
peru,2015,72,7.1,3.7,7.1,0,0,0,0,0,0
mexico,2015,71.9,8,4.6,5.9,0,0,0,0,0,0
ghana,2015,71.8,4.1,6.3,5,0,92,32,152,JanuaryFebruaryMarchAprilMayJuneJulyAugustSeptemberOctoberNovemberDecemberJanuaryFebruaryMarchAprilMayJuneJulyAugustSeptemberOctoberNovemberDecember,42
saudi arabia,2015,71.6,6.4,4.4,7.8,0,0,0,886,JanuaryFebruaryMarchAprilMayJuneJulyAugustSeptemberOctoberNovemberDecemberJanuaryFebruaryMarchAprilMayJuneJulyAugustSeptemberOctoberNovemberDecember,954
el salvador,2015,71.4,6.5,5.9,4.8,0,0,0,0,0,0
paraguay,2015,71.3,6.5,5.1,7.1,0,0,0,0,0,0
dominican republic,2015,71.2,5.2,5.3,6,0,0,0,0,0,0
gabon,2015,71.2,5,4.8,7.4,0,20,0,24,JanuaryFebruaryMarchAprilMayJuneJulyAugustSeptemberOctoberNovemberDecemberJanuaryFebruaryMarchAprilMayJuneJulyAugustSeptemberOctoberNovemberDecember,0
namibia,2015,70.8,4.9,7.1,3.8,0,74,4,83,JanuaryFebruaryMarchAprilMayJuneJulyAugustSeptemberOctoberNovemberDecemberJanuaryFebruaryMarchAprilMayJuneJulyAugustSeptemberOctoberNovemberDecember,7
guyana,2015,70.5,5.8,6.2,5.9,0,0,0,0,0,0
armenia,2015,69.7,5.3,6,7,0,0,0,0,0,0
suriname,2015,68.4,5.4,6.8,5.5,0,0,0,0,0,0
kazakhstan,2015,68.3,5.7,6.5,8,0,0,0,0,0,0
samoa,2015,68.2,5.2,6.5,6.2,0,0,0,0,0,0
cuba,2015,67.4,5.7,4.5,7,0,0,0,0,0,0
south africa,2015,67,5.3,6.3,5.3,0,1513,212,2159,JanuaryFebruaryMarchAprilMayJuneJulyAugustSeptemberOctoberNovemberDecemberJanuaryFebruaryMarchAprilMayJuneJulyAugustSeptemberOctoberNovemberDecember,391
cyprus,2015,66.2,4.4,6.7,5.3,0,0,0,0,0,0
malaysia,2015,65.9,6.8,3.6,6.9,0,0,0,0,0,0
belize,2015,65.3,5.8,5.9,5.7,0,0,0,0,0,0
jamaica,2015,64.6,6.3,7.1,5.3,0,0,0,0,0,0
macedonia,2015,64.5,5.4,5.7,5.5,0,0,0,0,0,0
bahrain,2015,64.4,6.7,3.2,8.4,0,0,0,0,0,0
grenada,2015,63.5,5.6,5.9,5.9,0,0,0,0,0,0
brunei darussalam,2015,63,5.6,2.8,8,0,0,0,0,0,0
botswana,2015,62.8,3.5,6.3,3.8,0,4,0,5,JanuaryFebruaryMarchAprilMayJuneJulyAugustSeptemberOctoberNovemberDecemberJanuaryFebruaryMarchAprilMayJuneJulyAugustSeptemberOctoberNovemberDecember,0
brazil,2015,62.7,5.9,3.9,5.1,0,0,0,0,0,0
seychelles,2015,62.1,6.6,4.6,5.7,0,0,0,0,0,0
albania,2015,61.9,4.7,5.2,6.2,0,0,0,0,0,0
trinidad and tobago,2015,58.7,5.7,4.3,5,0,0,0,0,0,0
antigua and barbuda,2015,57.8,5.2,5,5.9,0,0,0,0,0,0
kuwait,2015,57.5,3.9,3,7.3,0,0,0,0,0,0
mongolia,2015,57,4,4.3,4.5,0,0,0,0,0,0
bulgaria,2015,55.4,4.1,6.2,5,0,0,0,0,0,0
panama,2015,54.6,5.1,3.4,4,0,0,0,0,0,0
montenegro,2015,54.2,4,4.6,4,0,0,0,0,0,0
romania,2015,54.2,3.5,5.2,5.6,0,0,0,0,0,0
greece,2015,52.6,4.5,6.5,6.5,0,0,0,0,0,0
oman,2015,52,4.7,4.5,6.6,0,0,0,0,0,0
bahamas,2015,51.5,4,4.7,4.3,0,0,0,0,0,0
croatia,2015,51,4,5.3,3.4,0,0,0,0,0,0
barbados,2015,49.3,4.3,5.7,3,0,0,0,0,0,0
hungary,2015,49.1,2.4,5.9,6.6,0,0,0,0,0,0
latvia,2015,48.5,3.5,4,3.9,0,0,0,0,0,0
argentina,2015,47.6,3.6,4.9,4.7,0,0,0,0,0,0
costa rica,2015,46.8,3.1,4.3,2.9,0,0,0,0,0,0
qatar,2015,46.3,2.5,2.6,6,0,0,0,0,0,0
united arab emirates,2015,46.2,3.1,2.9,6.6,0,0,0,0,0,0
mauritius,2015,45.2,2.8,4.7,3.5,0,0,0,0,0,0
estonia,2015,43.7,3.1,3.6,3.2,0,0,0,0,0,0
italy,2015,43.2,4.4,5.6,4.2,0,0,0,0,0,0
lithuania,2015,43,3,5,3.2,0,0,0,0,0,0
slovak republic,2015,42.6,2.3,5.1,3.7,0,0,0,0,0,0
chile,2015,41.5,3.1,3.6,3,0,0,0,0,0,0
malta,2015,40.9,3.4,4.2,3.9,0,0,0,0,0,0
spain,2015,40.9,3.3,5,3.3,0,0,0,0,0,0
poland,2015,39.8,2.3,4.1,3.2,0,0,0,0,0,0
czech republic,2015,37.4,2.6,4.8,4.2,0,0,0,0,0,0
uruguay,2015,36.4,3.7,3.2,1.4,0,0,0,0,0,0
south korea,2015,36.3,2.1,2,3.3,0,0,0,0,0,0
japan,2015,36,1.4,4.6,1.7,0,0,0,0,0,0
united states,2015,35.4,2.8,2.8,2.4,0,0,0,0,0,0
singapore,2015,34.4,1.6,2.5,3.8,0,0,0,0,0,0
france,2015,33.7,2.3,4.8,1.8,0,0,0,0,0,0
united kingdom,2015,33.4,2.5,3.9,2,0,0,0,0,0,0
slovenia,2015,31.5,2.1,4.2,2.6,0,0,0,0,0,0
belgium,2015,30.5,2,4.5,1.9,0,0,0,0,0,0
portugal,2015,29.7,1.6,5.1,1.8,0,0,0,0,0,0
germany,2015,28.1,2.1,2.9,1.2,0,0,0,0,0,0
netherlands,2015,26.9,1.8,3.4,1,0,0,0,0,0,0
austria,2015,25.8,1.1,2.2,1.4,0,0,0,0,0,0
canada,2015,25.6,2.2,1.8,0.9,0,0,0,0,0,0
ireland,2015,24.6,1.8,4.1,1.5,0,0,0,0,0,0
australia,2015,24.3,2.1,2.1,1.1,0,0,0,0,0,0
iceland,2015,23.4,1,3.6,0.9,0,0,0,0,0,0
new zealand,2015,22.6,1.1,3.9,0.5,0,0,0,0,0,0
switzerland,2015,22.3,1.4,2,1,0,0,0,0,0,0
luxembourg,2015,22.1,2,1.5,1.3,0,0,0,0,0,0
denmark,2015,21.4,1.5,2.5,0.5,0,0,0,0,0,0
norway,2015,20.9,2.5,1.7,0.4,0,0,0,0,0,0
sweden,2015,20.2,2.1,2.3,1,0,0,0,0,0,0
finland,2015,17.7,1.4,3.8,0.5,0,0,0,0,0,0
somalia,2016,114,9.7,9,9.5,1,2720,6014,5569,JanuaryFebruaryMarchAprilMayJuneJulyAugustSeptemberOctoberNovemberDecemberJanuaryFebruaryMarchAprilMayJuneJulyAugustSeptemberOctoberNovemberDecember,6870
south sudan,2016,113.8,10,9.3,9.7,1,1043,3858,2257,JanuaryFebruaryMarchAprilMayJuneJulyAugustSeptemberOctoberNovemberDecemberJanuaryFebruaryMarchAprilMayJuneJulyAugustSeptemberOctoberNovemberDecember,4678
central african republic,2016,112.1,9.2,8.6,9.8,1,303,748,626,JanuaryFebruaryMarchAprilMayJuneJulyAugustSeptemberOctoberNovemberDecemberJanuaryFebruaryMarchAprilMayJuneJulyAugustSeptemberOctoberNovemberDecember,1030
sudan,2016,111.5,9.2,8.7,9.8,1,1422,3888,3285,JanuaryFebruaryMarchAprilMayJuneJulyAugustSeptemberOctoberNovemberDecemberJanuaryFebruaryMarchAprilMayJuneJulyAugustSeptemberOctoberNovemberDecember,4799
yemen,2016,111.5,10,9.4,9.4,1,0,0,18474,JanuaryFebruaryMarchAprilMayJuneJulyAugustSeptemberOctoberNovemberDecemberJanuaryFebruaryMarchAprilMayJuneJulyAugustSeptemberOctoberNovemberDecember,17976
syria,2016,110.8,10,7.8,10,1,0,0,0,0,0
chad,2016,110.1,9.1,8,9.2,1,40,45,61,JanuaryFebruaryMarchAprilMayJuneJulyAugustSeptemberOctoberNovemberDecemberJanuaryFebruaryMarchAprilMayJuneJulyAugustSeptemberOctoberNovemberDecember,57
congo democratic republic,2016,110,9.2,8.1,9.3,1,0,0,0,0,0
afghanistan,2016,107.9,10,8.5,9.1,1,0,0,0,0,0
haiti,2016,105.1,7.9,8.9,9.4,1,0,0,0,0,0
iraq,2016,104.7,10,6.8,9.2,1,0,0,21642,JanuaryFebruaryMarchAprilMayJuneJulyAugustSeptemberOctoberNovemberDecemberJanuaryFebruaryMarchAprilMayJuneJulyAugustSeptemberOctoberNovemberDecember,66662
guinea,2016,103.8,9,9.4,9.8,1,48,6,77,JanuaryFebruaryMarchAprilMayJuneJulyAugustSeptemberOctoberNovemberDecemberJanuaryFebruaryMarchAprilMayJuneJulyAugustSeptemberOctoberNovemberDecember,7
nigeria,2016,103.5,9.7,7.7,8.8,1,1434,4936,2531,JanuaryFebruaryMarchAprilMayJuneJulyAugustSeptemberOctoberNovemberDecemberJanuaryFebruaryMarchAprilMayJuneJulyAugustSeptemberOctoberNovemberDecember,7108
pakistan,2016,101.7,9.3,7.4,8.3,1,0,0,5615,JanuaryFebruaryMarchAprilMayJuneJulyAugustSeptemberOctoberNovemberDecemberJanuaryFebruaryMarchAprilMayJuneJulyAugustSeptemberOctoberNovemberDecember,2823
burundi,2016,100.7,9,8.2,9,1,1191,452,2628,JanuaryFebruaryMarchAprilMayJuneJulyAugustSeptemberOctoberNovemberDecemberJanuaryFebruaryMarchAprilMayJuneJulyAugustSeptemberOctoberNovemberDecember,857
zimbabwe,2016,100.5,7.8,8.3,8.9,1,230,7,408,JanuaryFebruaryMarchAprilMayJuneJulyAugustSeptemberOctoberNovemberDecemberJanuaryFebruaryMarchAprilMayJuneJulyAugustSeptemberOctoberNovemberDecember,14
guinea bissau,2016,99.8,9.1,8.5,8.9,1,0,0,0,0,0
eritrea,2016,98.6,7.4,8.3,9.5,1,7,37,14,JanuaryFebruaryMarchAprilMayJuneJulyAugustSeptemberOctoberNovemberDecemberJanuaryFebruaryMarchAprilMayJuneJulyAugustSeptemberOctoberNovemberDecember,39
niger,2016,98.4,8.9,8,7.8,1,82,367,144,JanuaryFebruaryMarchAprilMayJuneJulyAugustSeptemberOctoberNovemberDecemberJanuaryFebruaryMarchAprilMayJuneJulyAugustSeptemberOctoberNovemberDecember,396
kenya,2016,98.3,8.5,7.4,7.8,1,313,252,533,JanuaryFebruaryMarchAprilMayJuneJulyAugustSeptemberOctoberNovemberDecemberJanuaryFebruaryMarchAprilMayJuneJulyAugustSeptemberOctoberNovemberDecember,351
cote d'ivoire,2016,97.9,7.7,6.8,8.1,1,0,0,0,0,0
cameroon,2016,97.8,8.1,6.3,8.7,1,306,724,632,JanuaryFebruaryMarchAprilMayJuneJulyAugustSeptemberOctoberNovemberDecemberJanuaryFebruaryMarchAprilMayJuneJulyAugustSeptemberOctoberNovemberDecember,1051
uganda,2016,97.7,7.3,6.7,8.3,1,246,278,360,JanuaryFebruaryMarchAprilMayJuneJulyAugustSeptemberOctoberNovemberDecemberJanuaryFebruaryMarchAprilMayJuneJulyAugustSeptemberOctoberNovemberDecember,306
ethiopia,2016,97.2,8.1,6.7,7.7,1,1218,2591,2342,JanuaryFebruaryMarchAprilMayJuneJulyAugustSeptemberOctoberNovemberDecemberJanuaryFebruaryMarchAprilMayJuneJulyAugustSeptemberOctoberNovemberDecember,3765
libya,2016,96.4,9.6,8,9.5,1,1179,3373,2358,JanuaryFebruaryMarchAprilMayJuneJulyAugustSeptemberOctoberNovemberDecemberJanuaryFebruaryMarchAprilMayJuneJulyAugustSeptemberOctoberNovemberDecember,3790
myanmar,2016,96.3,8.4,6.4,8.7,1,0,0,2036,JanuaryFebruaryMarchAprilMayJuneJulyAugustSeptemberOctoberNovemberDecemberJanuaryFebruaryMarchAprilMayJuneJulyAugustSeptemberOctoberNovemberDecember,914
liberia,2016,95.5,6.6,8.3,7,1,62,8,102,JanuaryFebruaryMarchAprilMayJuneJulyAugustSeptemberOctoberNovemberDecemberJanuaryFebruaryMarchAprilMayJuneJulyAugustSeptemberOctoberNovemberDecember,12
mauritania,2016,95.4,7.1,7.9,8.2,1,24,0,29,JanuaryFebruaryMarchAprilMayJuneJulyAugustSeptemberOctoberNovemberDecemberJanuaryFebruaryMarchAprilMayJuneJulyAugustSeptemberOctoberNovemberDecember,0
mali,2016,95.2,9.2,7.9,6.3,1,171,322,344,JanuaryFebruaryMarchAprilMayJuneJulyAugustSeptemberOctoberNovemberDecemberJanuaryFebruaryMarchAprilMayJuneJulyAugustSeptemberOctoberNovemberDecember,409
north korea,2016,93.9,8.5,8.9,10,1,0,0,0,0,0
congo republic,2016,92.2,6.7,6.7,9.1,1,0,0,0,0,0
rwanda,2016,91.3,5.9,6.2,6.8,1,9,8,17,JanuaryFebruaryMarchAprilMayJuneJulyAugustSeptemberOctoberNovemberDecemberJanuaryFebruaryMarchAprilMayJuneJulyAugustSeptemberOctoberNovemberDecember,10
nepal,2016,91.2,6.7,7,7.1,1,0,0,446,JanuaryFebruaryMarchAprilMayJuneJulyAugustSeptemberOctoberNovemberDecemberJanuaryFebruaryMarchAprilMayJuneJulyAugustSeptemberOctoberNovemberDecember,11
sierra leone,2016,91,4.5,8.8,7.1,1,24,7,35,JanuaryFebruaryMarchAprilMayJuneJulyAugustSeptemberOctoberNovemberDecemberJanuaryFebruaryMarchAprilMayJuneJulyAugustSeptemberOctoberNovemberDecember,8
timor-leste,2016,90.8,7.4,8.1,7.1,1,0,0,0,0,0
bangladesh,2016,90.7,7.8,6.3,8,1,0,0,1528,JanuaryFebruaryMarchAprilMayJuneJulyAugustSeptemberOctoberNovemberDecemberJanuaryFebruaryMarchAprilMayJuneJulyAugustSeptemberOctoberNovemberDecember,550
angola,2016,90.5,6.2,6.1,8.8,1,48,115,96,JanuaryFebruaryMarchAprilMayJuneJulyAugustSeptemberOctoberNovemberDecemberJanuaryFebruaryMarchAprilMayJuneJulyAugustSeptemberOctoberNovemberDecember,139
egypt,2016,90.2,8.3,8.4,8.4,1,746,1733,1321,JanuaryFebruaryMarchAprilMayJuneJulyAugustSeptemberOctoberNovemberDecemberJanuaryFebruaryMarchAprilMayJuneJulyAugustSeptemberOctoberNovemberDecember,1880
djibouti,2016,89.7,6.6,7.1,7.9,1,5,0,14,JanuaryFebruaryMarchAprilMayJuneJulyAugustSeptemberOctoberNovemberDecemberJanuaryFebruaryMarchAprilMayJuneJulyAugustSeptemberOctoberNovemberDecember,0
lebanon,2016,89.6,8.9,6.1,7.8,1,0,0,1351,JanuaryFebruaryMarchAprilMayJuneJulyAugustSeptemberOctoberNovemberDecemberJanuaryFebruaryMarchAprilMayJuneJulyAugustSeptemberOctoberNovemberDecember,254
burkina faso,2016,89.4,8.1,6.5,7.3,1,106,82,159,JanuaryFebruaryMarchAprilMayJuneJulyAugustSeptemberOctoberNovemberDecemberJanuaryFebruaryMarchAprilMayJuneJulyAugustSeptemberOctoberNovemberDecember,122
mozambique,2016,87.8,6.7,7.7,6.7,1,128,106,258,JanuaryFebruaryMarchAprilMayJuneJulyAugustSeptemberOctoberNovemberDecemberJanuaryFebruaryMarchAprilMayJuneJulyAugustSeptemberOctoberNovemberDecember,163
sri lanka,2016,87.7,7.6,5.6,7.4,1,0,0,443,JanuaryFebruaryMarchAprilMayJuneJulyAugustSeptemberOctoberNovemberDecemberJanuaryFebruaryMarchAprilMayJuneJulyAugustSeptemberOctoberNovemberDecember,7
malawi,2016,87.6,4.5,8.6,6.6,1,63,23,102,JanuaryFebruaryMarchAprilMayJuneJulyAugustSeptemberOctoberNovemberDecemberJanuaryFebruaryMarchAprilMayJuneJulyAugustSeptemberOctoberNovemberDecember,46
swaziland,2016,87.6,6,9.4,8.8,1,0,0,0,0,0
cambodia,2016,87.4,6.4,5.9,8.5,1,0,0,227,JanuaryFebruaryMarchAprilMayJuneJulyAugustSeptemberOctoberNovemberDecemberJanuaryFebruaryMarchAprilMayJuneJulyAugustSeptemberOctoberNovemberDecember,6
iran,2016,86.9,7.7,6.6,9.2,1,0,0,1832,JanuaryFebruaryMarchAprilMayJuneJulyAugustSeptemberOctoberNovemberDecemberJanuaryFebruaryMarchAprilMayJuneJulyAugustSeptemberOctoberNovemberDecember,286
gambia,2016,86.8,6,8.1,8.1,1,16,4,20,JanuaryFebruaryMarchAprilMayJuneJulyAugustSeptemberOctoberNovemberDecemberJanuaryFebruaryMarchAprilMayJuneJulyAugustSeptemberOctoberNovemberDecember,8
zambia,2016,86.3,4.7,8.1,7.2,1,126,5,196,JanuaryFebruaryMarchAprilMayJuneJulyAugustSeptemberOctoberNovemberDecemberJanuaryFebruaryMarchAprilMayJuneJulyAugustSeptemberOctoberNovemberDecember,10
papua new guinea,2016,86.2,7.2,5.8,7,1,0,0,0,0,0
togo,2016,85.8,6.7,6.5,8,1,10,5,18,JanuaryFebruaryMarchAprilMayJuneJulyAugustSeptemberOctoberNovemberDecemberJanuaryFebruaryMarchAprilMayJuneJulyAugustSeptemberOctoberNovemberDecember,6
solomon islands,2016,85.3,6.1,7.3,7,1,0,0,0,0,0
equatorial guinea,2016,85.2,6.7,6.2,9.9,1,8,0,10,JanuaryFebruaryMarchAprilMayJuneJulyAugustSeptemberOctoberNovemberDecemberJanuaryFebruaryMarchAprilMayJuneJulyAugustSeptemberOctoberNovemberDecember,0
philippines,2016,84.7,9.4,5.7,7.2,1,0,0,9004,JanuaryFebruaryMarchAprilMayJuneJulyAugustSeptemberOctoberNovemberDecemberJanuaryFebruaryMarchAprilMayJuneJulyAugustSeptemberOctoberNovemberDecember,8125
laos,2016,84.4,5.7,5.4,9.3,1,0,0,22,JanuaryFebruaryMarchAprilMayJuneJulyAugustSeptemberOctoberNovemberDecemberJanuaryFebruaryMarchAprilMayJuneJulyAugustSeptemberOctoberNovemberDecember,14
madagascar,2016,84.2,7.3,7.8,7.3,1,107,180,183,JanuaryFebruaryMarchAprilMayJuneJulyAugustSeptemberOctoberNovemberDecemberJanuaryFebruaryMarchAprilMayJuneJulyAugustSeptemberOctoberNovemberDecember,228
comoros,2016,83.8,6.9,8.2,6.8,1,0,0,0,0,0
tajikistan,2016,83.8,6.9,7.5,9.3,1,0,0,0,0,0
senegal,2016,83.6,5.9,7.6,5.2,1,55,18,82,JanuaryFebruaryMarchAprilMayJuneJulyAugustSeptemberOctoberNovemberDecemberJanuaryFebruaryMarchAprilMayJuneJulyAugustSeptemberOctoberNovemberDecember,25
uzbekistan,2016,83.5,7.3,6.5,9.7,1,0,0,0,0,0
guatemala,2016,83.2,7.3,5.7,6.7,1,0,0,0,0,0
tanzania,2016,81.8,5.2,6.4,6.1,1,55,47,80,JanuaryFebruaryMarchAprilMayJuneJulyAugustSeptemberOctoberNovemberDecemberJanuaryFebruaryMarchAprilMayJuneJulyAugustSeptemberOctoberNovemberDecember,68
venezuela,2016,81.6,6.8,7,8.7,1,0,0,0,0,0
kyrgyz republic,2016,81.1,6.5,7.2,7.9,1,0,0,0,0,0
russia,2016,81,9.2,5.4,8.2,1,0,0,0,0,0
lesotho,2016,80.9,5.9,8.2,6.1,1,5,4,15,JanuaryFebruaryMarchAprilMayJuneJulyAugustSeptemberOctoberNovemberDecemberJanuaryFebruaryMarchAprilMayJuneJulyAugustSeptemberOctoberNovemberDecember,8
colombia,2016,80.2,7,3.9,6.5,1,0,0,0,0,0
honduras,2016,79.8,7,6.6,7,0,0,0,0,0,0
israel and west bank,2016,79.7,7.1,4,6.6,0,0,0,0,0,0
india,2016,79.6,7.6,5.3,4.9,0,0,0,17067,JanuaryFebruaryMarchAprilMayJuneJulyAugustSeptemberOctoberNovemberDecemberJanuaryFebruaryMarchAprilMayJuneJulyAugustSeptemberOctoberNovemberDecember,2089
nicaragua,2016,79,5.7,5.9,7.6,0,0,0,0,0,0
benin,2016,78.9,5.9,6.3,5.9,0,17,22,32,JanuaryFebruaryMarchAprilMayJuneJulyAugustSeptemberOctoberNovemberDecemberJanuaryFebruaryMarchAprilMayJuneJulyAugustSeptemberOctoberNovemberDecember,25
georgia,2016,78.9,7,5.6,8.5,0,0,0,0,0,0
thailand,2016,78.8,9.2,3.8,7.7,0,0,0,1416,JanuaryFebruaryMarchAprilMayJuneJulyAugustSeptemberOctoberNovemberDecemberJanuaryFebruaryMarchAprilMayJuneJulyAugustSeptemberOctoberNovemberDecember,401
bolivia,2016,78.5,6.7,5.1,7,0,0,0,0,0,0
algeria,2016,78.3,7.7,6.8,7.8,0,381,132,414,JanuaryFebruaryMarchAprilMayJuneJulyAugustSeptemberOctoberNovemberDecemberJanuaryFebruaryMarchAprilMayJuneJulyAugustSeptemberOctoberNovemberDecember,133
jordan,2016,78,5.2,6.6,6.4,0,0,0,132,JanuaryFebruaryMarchAprilMayJuneJulyAugustSeptemberOctoberNovemberDecemberJanuaryFebruaryMarchAprilMayJuneJulyAugustSeptemberOctoberNovemberDecember,69
bhutan,2016,77.6,4.7,5.2,4.5,0,0,0,0,0,0
turkey,2016,77.3,7.8,4.8,6.6,0,0,0,6108,JanuaryFebruaryMarchAprilMayJuneJulyAugustSeptemberOctoberNovemberDecemberJanuaryFebruaryMarchAprilMayJuneJulyAugustSeptemberOctoberNovemberDecember,4930
micronesia,2016,77.1,4.8,9,5.7,0,0,0,0,0,0
azerbaijan,2016,76.3,6.4,3.8,8.9,0,0,0,0,0,0
fiji,2016,76.2,6.8,6.7,7.1,0,0,0,0,0,0
turkmenistan,2016,76,6.5,5.1,9.8,0,0,0,0,0,0
ecuador,2016,75.6,6.5,5.5,6.7,0,0,0,0,0,0
ukraine,2016,75.5,7.8,7,8.4,0,0,0,0,0,0
china,2016,74.9,5.6,4.1,8.3,0,0,0,0,0,0
indonesia,2016,74.9,5.9,5.5,5.3,0,0,0,599,JanuaryFebruaryMarchAprilMayJuneJulyAugustSeptemberOctoberNovemberDecemberJanuaryFebruaryMarchAprilMayJuneJulyAugustSeptemberOctoberNovemberDecember,70
bosnia and herzegovina,2016,74.6,5.9,5.7,6.7,0,0,0,0,0,0
tunisia,2016,74.6,7.9,6.9,6.7,0,751,120,856,JanuaryFebruaryMarchAprilMayJuneJulyAugustSeptemberOctoberNovemberDecemberJanuaryFebruaryMarchAprilMayJuneJulyAugustSeptemberOctoberNovemberDecember,126
morocco,2016,74.2,5.4,5,6.8,0,113,6,160,JanuaryFebruaryMarchAprilMayJuneJulyAugustSeptemberOctoberNovemberDecemberJanuaryFebruaryMarchAprilMayJuneJulyAugustSeptemberOctoberNovemberDecember,9
maldives,2016,74,6.6,6.1,8.7,0,0,0,0,0,0
belarus,2016,73.9,6.3,6.2,8.9,0,0,0,0,0,0
moldova,2016,73.2,6.3,6.6,6.8,0,0,0,0,0,0
sao tome and principe,2016,72.9,5.2,8.7,5.8,0,0,0,0,0,0
paraguay,2016,72.6,6.8,5.2,7.2,0,0,0,0,0,0
el salvador,2016,72.5,7,5.6,5,0,0,0,0,0,0
saudi arabia,2016,72.2,6.5,4.7,8.1,0,0,0,1400,JanuaryFebruaryMarchAprilMayJuneJulyAugustSeptemberOctoberNovemberDecemberJanuaryFebruaryMarchAprilMayJuneJulyAugustSeptemberOctoberNovemberDecember,1269
gabon,2016,72,4.7,5,7.7,0,26,7,31,JanuaryFebruaryMarchAprilMayJuneJulyAugustSeptemberOctoberNovemberDecemberJanuaryFebruaryMarchAprilMayJuneJulyAugustSeptemberOctoberNovemberDecember,10
peru,2016,72,7.3,3.4,7.4,0,0,0,0,0,0
serbia,2016,72,5.7,6.6,5.4,0,0,0,0,0,0
cape verde,2016,71.5,5.4,5.7,5.5,0,0,0,0,0,0
ghana,2016,71.2,3.8,6.6,4.7,0,121,42,177,JanuaryFebruaryMarchAprilMayJuneJulyAugustSeptemberOctoberNovemberDecemberJanuaryFebruaryMarchAprilMayJuneJulyAugustSeptemberOctoberNovemberDecember,51
namibia,2016,71.1,5.2,7,3.5,0,46,0,56,JanuaryFebruaryMarchAprilMayJuneJulyAugustSeptemberOctoberNovemberDecemberJanuaryFebruaryMarchAprilMayJuneJulyAugustSeptemberOctoberNovemberDecember,0
guyana,2016,70.9,6.1,6.1,5.6,0,0,0,0,0,0
dominican republic,2016,70.8,5.5,5.2,5.7,0,0,0,0,0,0
vietnam,2016,70.7,4.8,5.3,8.4,0,0,0,100,JanuaryFebruaryMarchAprilMayJuneJulyAugustSeptemberOctoberNovemberDecemberJanuaryFebruaryMarchAprilMayJuneJulyAugustSeptemberOctoberNovemberDecember,4
mexico,2016,70.4,8,4.4,6.2,0,0,0,0,0,0
south africa,2016,69.9,5.8,6.6,5,0,1439,141,1814,JanuaryFebruaryMarchAprilMayJuneJulyAugustSeptemberOctoberNovemberDecemberJanuaryFebruaryMarchAprilMayJuneJulyAugustSeptemberOctoberNovemberDecember,244
armenia,2016,69.6,5,6.5,7.2,0,0,0,0,0,0
samoa,2016,67.6,4.9,6.5,5.7,0,0,0,0,0,0
macedonia,2016,67,5.7,6,6,0,0,0,0,0,0
suriname,2016,66.7,5.1,6.8,5.2,0,0,0,0,0,0
kazakhstan,2016,66.5,5.4,6.6,8,0,0,0,0,0,0
cuba,2016,66.3,5.4,4.2,7.3,0,0,0,0,0,0
malaysia,2016,66.1,6.5,3.3,7.4,0,0,0,0,0,0
belize,2016,66,6.1,6.4,5.4,0,0,0,0,0,0
brazil,2016,65.3,6.4,4.5,5.9,0,0,0,0,0,0
jamaica,2016,65,6.6,7.1,5,0,0,0,0,0,0
cyprus,2016,64,4.1,6.4,5,0,0,0,0,0,0
botswana,2016,63.5,3.8,6,3.5,0,6,1,10,JanuaryFebruaryMarchAprilMayJuneJulyAugustSeptemberOctoberNovemberDecemberJanuaryFebruaryMarchAprilMayJuneJulyAugustSeptemberOctoberNovemberDecember,2
bahrain,2016,63.4,6.4,3.5,8.4,0,0,0,3186,JanuaryFebruaryMarchAprilMayJuneJulyAugustSeptemberOctoberNovemberDecemberJanuaryFebruaryMarchAprilMayJuneJulyAugustSeptemberOctoberNovemberDecember,4
grenada,2016,63,5.9,6.2,5.6,0,0,0,0,0,0
brunei darussalam,2016,62,5.3,3,8.3,0,0,0,0,0,0
albania,2016,61.2,4.4,5.5,5.9,0,0,0,0,0,0
seychelles,2016,60.2,6.3,4.3,5.7,0,0,0,0,0,0
kuwait,2016,58.5,4.2,2.7,7.4,0,0,0,12,JanuaryFebruaryMarchAprilMayJuneJulyAugustSeptemberOctoberNovemberDecemberJanuaryFebruaryMarchAprilMayJuneJulyAugustSeptemberOctoberNovemberDecember,0
trinidad and tobago,2016,57.8,6,4.6,4.7,0,0,0,0,0,0
mongolia,2016,56.6,3.7,5,4.2,0,0,0,0,0,0
antigua and barbuda,2016,56.2,5.4,4.7,5.6,0,0,0,0,0,0
greece,2016,55.9,4.2,7,6.2,0,0,0,0,0,0
montenegro,2016,55.2,3.7,4.9,4.8,0,0,0,0,0,0
bulgaria,2016,53.7,3.8,5.9,4.7,0,0,0,0,0,0
panama,2016,53.2,5.4,3.1,3.7,0,0,0,0,0,0
romania,2016,52.9,3.2,4.9,5.7,0,0,0,0,0,0
hungary,2016,52.7,2.4,5.6,6.3,0,0,0,0,0,0
croatia,2016,52.4,3.7,5.5,3.1,0,0,0,0,0,0
bahamas,2016,51.6,4.3,4.5,4,0,0,0,0,0,0
oman,2016,51.6,4.4,4.2,6.5,0,0,0,0,JanuaryFebruaryMarchAprilMayJuneJulyAugustSeptemberOctoberNovemberDecemberJanuaryFebruaryMarchAprilMayJuneJulyAugustSeptemberOctoberNovemberDecember,0
barbados,2016,49,4.4,6,2.7,0,0,0,0,0,0
argentina,2016,48.4,4,5.5,5,0,0,0,0,0,0
latvia,2016,47.4,3.2,3.7,3.6,0,0,0,0,0,0
costa rica,2016,45.1,3.3,4.2,2.6,0,0,0,0,0,0
qatar,2016,45.1,2.3,2.3,6.3,0,0,0,0,JanuaryFebruaryMarchAprilMayJuneJulyAugustSeptemberOctoberNovemberDecemberJanuaryFebruaryMarchAprilMayJuneJulyAugustSeptemberOctoberNovemberDecember,0
slovak republic,2016,44.9,2,4.8,4.5,0,0,0,0,0,0
united arab emirates,2016,44.5,2.8,2.6,6.9,0,0,0,0,0,0
estonia,2016,43.4,2.9,3.7,2.9,0,0,0,0,0,0
mauritius,2016,43.2,2.5,4.2,3.2,0,0,0,0,0,0
italy,2016,43.1,4.2,5.5,3.9,0,0,0,0,0,0
lithuania,2016,42.4,3.1,4.7,2.9,0,0,0,0,0,0
chile,2016,41.9,2.9,3.3,3.5,0,0,0,0,0,0
czech republic,2016,40.8,2.3,4.3,4.9,0,0,0,0,0,0
poland,2016,40.7,2,3.8,3.5,0,0,0,0,0,0
spain,2016,39.8,3,5.2,3,0,0,0,0,0,0
malta,2016,39.6,3.3,4.2,3.8,0,0,0,0,0,0
uruguay,2016,36.2,3.5,3.3,1.1,0,0,0,0,0,0
south korea,2016,36.1,1.8,2.1,3.4,0,0,0,0,0,0
japan,2016,35.1,1.3,4.3,1.4,0,0,0,0,0,0
france,2016,34.5,3,4.5,1.5,0,0,0,0,0,0
united states,2016,34,2.9,2.5,2.1,0,0,0,0,0,0
slovenia,2016,33.9,1.8,4,2.9,0,0,0,0,0,0
singapore,2016,32.9,1.7,2.2,3.9,0,0,0,0,0,0
united kingdom,2016,32.4,2.4,3.8,1.7,0,0,0,0,0,0
portugal,2016,29.2,1.5,5,1.8,0,0,0,0,0,0
belgium,2016,29,1.9,4.4,1.6,0,0,0,0,0,0
germany,2016,28.6,1.8,2.4,1,0,0,0,0,0,0
netherlands,2016,28.2,1.7,2.9,1.5,0,0,0,0,0,0
austria,2016,27.5,1.2,1.9,1.1,0,0,0,0,0,0
luxembourg,2016,24.1,1.9,1.2,1,0,0,0,0,0,0
canada,2016,23.8,1.9,1.9,1,0,0,0,0,0,0
iceland,2016,22.8,1.2,3.5,1,0,0,0,0,0,0
sweden,2016,22.6,1.8,2,1,0,0,0,0,0,0
australia,2016,22.5,1.8,1.8,1,0,0,0,0,0,0
ireland,2016,22.5,1.8,3.6,1.2,0,0,0,0,0,0
switzerland,2016,21.8,1.3,2.5,1,0,0,0,0,0,0
denmark,2016,21.5,1.4,2.2,0.6,0,0,0,0,0,0
new zealand,2016,21.3,1.4,3.8,0.6,0,0,0,0,0,0
norway,2016,21.2,2.2,1.7,0.5,0,0,0,0,0,0
finland,2016,18.8,1.4,3.7,0.6,0,0,0,0,0,0
south sudan,2017,113.9,10,10,10,1,1218,4716,2657,JanuaryFebruaryMarchAprilMayJuneJulyAugustSeptemberOctoberNovemberDecemberJanuaryFebruaryMarchAprilMayJuneJulyAugustSeptemberOctoberNovemberDecember,6294
somalia,2017,113.4,9.4,8.9,9.3,1,3037,6086,6365,JanuaryFebruaryMarchAprilMayJuneJulyAugustSeptemberOctoberNovemberDecemberJanuaryFebruaryMarchAprilMayJuneJulyAugustSeptemberOctoberNovemberDecember,7925
central african republic,2017,112.6,9,9.1,9.7,1,461,1974,928,JanuaryFebruaryMarchAprilMayJuneJulyAugustSeptemberOctoberNovemberDecemberJanuaryFebruaryMarchAprilMayJuneJulyAugustSeptemberOctoberNovemberDecember,2397
yemen,2017,111.1,9.8,9.3,9.7,1,0,0,17310,JanuaryFebruaryMarchAprilMayJuneJulyAugustSeptemberOctoberNovemberDecemberJanuaryFebruaryMarchAprilMayJuneJulyAugustSeptemberOctoberNovemberDecember,19459
sudan,2017,110.6,9,8.5,9.8,1,823,1275,1772,JanuaryFebruaryMarchAprilMayJuneJulyAugustSeptemberOctoberNovemberDecemberJanuaryFebruaryMarchAprilMayJuneJulyAugustSeptemberOctoberNovemberDecember,1712
syria,2017,110.6,9.8,8.1,9.9,1,0,0,69617,JanuaryFebruaryMarchAprilMayJuneJulyAugustSeptemberOctoberNovemberDecemberJanuaryFebruaryMarchAprilMayJuneJulyAugustSeptemberOctoberNovemberDecember,73715
congo democratic republic,2017,110,9,8.4,9.6,1,0,0,0,0,0
chad,2017,109.4,9.4,8.5,9.1,1,26,296,60,JanuaryFebruaryMarchAprilMayJuneJulyAugustSeptemberOctoberNovemberDecemberJanuaryFebruaryMarchAprilMayJuneJulyAugustSeptemberOctoberNovemberDecember,310
afghanistan,2017,107.3,10,8.3,9.1,1,0,0,25943,JanuaryFebruaryMarchAprilMayJuneJulyAugustSeptemberOctoberNovemberDecemberJanuaryFebruaryMarchAprilMayJuneJulyAugustSeptemberOctoberNovemberDecember,37794
iraq,2017,105.4,10,6.6,9.5,1,0,0,11009,JanuaryFebruaryMarchAprilMayJuneJulyAugustSeptemberOctoberNovemberDecemberJanuaryFebruaryMarchAprilMayJuneJulyAugustSeptemberOctoberNovemberDecember,39284
haiti,2017,105.3,7.7,8.7,9.7,1,0,0,0,0,0
guinea,2017,102.4,8.8,9.2,9.6,1,67,45,92,JanuaryFebruaryMarchAprilMayJuneJulyAugustSeptemberOctoberNovemberDecemberJanuaryFebruaryMarchAprilMayJuneJulyAugustSeptemberOctoberNovemberDecember,53
nigeria,2017,101.6,9.2,8,8.6,1,1667,5126,3041,JanuaryFebruaryMarchAprilMayJuneJulyAugustSeptemberOctoberNovemberDecemberJanuaryFebruaryMarchAprilMayJuneJulyAugustSeptemberOctoberNovemberDecember,7293
zimbabwe,2017,101.6,8.1,8.6,9.2,1,302,9,658,JanuaryFebruaryMarchAprilMayJuneJulyAugustSeptemberOctoberNovemberDecemberJanuaryFebruaryMarchAprilMayJuneJulyAugustSeptemberOctoberNovemberDecember,12
ethiopia,2017,101.1,8.4,7,8.2,1,505,1281,948,JanuaryFebruaryMarchAprilMayJuneJulyAugustSeptemberOctoberNovemberDecemberJanuaryFebruaryMarchAprilMayJuneJulyAugustSeptemberOctoberNovemberDecember,1766
guinea bissau,2017,99.5,8.9,8.3,9.2,1,0,0,0,0,0
burundi,2017,98.9,8.8,8,8.8,1,841,283,2198,JanuaryFebruaryMarchAprilMayJuneJulyAugustSeptemberOctoberNovemberDecemberJanuaryFebruaryMarchAprilMayJuneJulyAugustSeptemberOctoberNovemberDecember,555
pakistan,2017,98.9,9.1,6.9,8.1,1,0,0,5711,JanuaryFebruaryMarchAprilMayJuneJulyAugustSeptemberOctoberNovemberDecemberJanuaryFebruaryMarchAprilMayJuneJulyAugustSeptemberOctoberNovemberDecember,2272
eritrea,2017,98.1,7.2,8.1,9.3,1,7,1,7,JanuaryFebruaryMarchAprilMayJuneJulyAugustSeptemberOctoberNovemberDecemberJanuaryFebruaryMarchAprilMayJuneJulyAugustSeptemberOctoberNovemberDecember,2
niger,2017,97.4,8.7,7.5,7.3,1,57,240,105,JanuaryFebruaryMarchAprilMayJuneJulyAugustSeptemberOctoberNovemberDecemberJanuaryFebruaryMarchAprilMayJuneJulyAugustSeptemberOctoberNovemberDecember,278
cote d'ivoire,2017,96.5,7.7,6.6,7.9,1,0,0,0,0,0
kenya,2017,96.4,8.3,6.9,7.6,1,968,776,1716,JanuaryFebruaryMarchAprilMayJuneJulyAugustSeptemberOctoberNovemberDecemberJanuaryFebruaryMarchAprilMayJuneJulyAugustSeptemberOctoberNovemberDecember,1133
libya,2017,96.3,9.6,8.5,9.5,1,1035,1665,1976,JanuaryFebruaryMarchAprilMayJuneJulyAugustSeptemberOctoberNovemberDecemberJanuaryFebruaryMarchAprilMayJuneJulyAugustSeptemberOctoberNovemberDecember,2046
uganda,2017,96,7.1,5.5,8.6,1,229,72,387,JanuaryFebruaryMarchAprilMayJuneJulyAugustSeptemberOctoberNovemberDecemberJanuaryFebruaryMarchAprilMayJuneJulyAugustSeptemberOctoberNovemberDecember,101
myanmar,2017,95.7,8.9,5.9,8.6,1,0,0,2054,JanuaryFebruaryMarchAprilMayJuneJulyAugustSeptemberOctoberNovemberDecemberJanuaryFebruaryMarchAprilMayJuneJulyAugustSeptemberOctoberNovemberDecember,2497
cameroon,2017,95.6,7.9,6.6,8.4,1,413,739,936,JanuaryFebruaryMarchAprilMayJuneJulyAugustSeptemberOctoberNovemberDecemberJanuaryFebruaryMarchAprilMayJuneJulyAugustSeptemberOctoberNovemberDecember,1159
liberia,2017,93.8,6.4,8.1,6.8,1,57,7,87,JanuaryFebruaryMarchAprilMayJuneJulyAugustSeptemberOctoberNovemberDecemberJanuaryFebruaryMarchAprilMayJuneJulyAugustSeptemberOctoberNovemberDecember,14
mauritania,2017,93.7,6.9,7.7,8,1,58,2,72,JanuaryFebruaryMarchAprilMayJuneJulyAugustSeptemberOctoberNovemberDecemberJanuaryFebruaryMarchAprilMayJuneJulyAugustSeptemberOctoberNovemberDecember,2
congo republic,2017,93.4,7.2,7,8.9,1,0,0,0,0,0
north korea,2017,93.3,8.3,8.9,10,1,0,0,0,0,0
mali,2017,92.9,9,7.7,6.1,1,471,944,1007,JanuaryFebruaryMarchAprilMayJuneJulyAugustSeptemberOctoberNovemberDecemberJanuaryFebruaryMarchAprilMayJuneJulyAugustSeptemberOctoberNovemberDecember,1198
angola,2017,91.1,6.5,6.4,8.6,1,89,67,179,JanuaryFebruaryMarchAprilMayJuneJulyAugustSeptemberOctoberNovemberDecemberJanuaryFebruaryMarchAprilMayJuneJulyAugustSeptemberOctoberNovemberDecember,79
nepal,2017,91,6.5,7.5,7.4,1,0,0,863,JanuaryFebruaryMarchAprilMayJuneJulyAugustSeptemberOctoberNovemberDecemberJanuaryFebruaryMarchAprilMayJuneJulyAugustSeptemberOctoberNovemberDecember,24
rwanda,2017,90.8,6.2,6,7.1,1,7,4,13,JanuaryFebruaryMarchAprilMayJuneJulyAugustSeptemberOctoberNovemberDecemberJanuaryFebruaryMarchAprilMayJuneJulyAugustSeptemberOctoberNovemberDecember,8
timor-leste,2017,90.5,7.2,7.9,6.9,1,0,0,0,0,0
egypt,2017,89.8,8.1,8.2,8.2,1,592,1549,1078,JanuaryFebruaryMarchAprilMayJuneJulyAugustSeptemberOctoberNovemberDecemberJanuaryFebruaryMarchAprilMayJuneJulyAugustSeptemberOctoberNovemberDecember,2055
gambia,2017,89.4,6.3,8.4,8.6,1,38,6,47,JanuaryFebruaryMarchAprilMayJuneJulyAugustSeptemberOctoberNovemberDecemberJanuaryFebruaryMarchAprilMayJuneJulyAugustSeptemberOctoberNovemberDecember,10
sierra leone,2017,89.3,4.3,8.6,6.9,1,38,5,64,JanuaryFebruaryMarchAprilMayJuneJulyAugustSeptemberOctoberNovemberDecemberJanuaryFebruaryMarchAprilMayJuneJulyAugustSeptemberOctoberNovemberDecember,9
bangladesh,2017,89.1,7.6,5.8,7.8,1,0,0,927,JanuaryFebruaryMarchAprilMayJuneJulyAugustSeptemberOctoberNovemberDecemberJanuaryFebruaryMarchAprilMayJuneJulyAugustSeptemberOctoberNovemberDecember,290
mozambique,2017,89,6.7,8,6.5,1,97,128,251,JanuaryFebruaryMarchAprilMayJuneJulyAugustSeptemberOctoberNovemberDecemberJanuaryFebruaryMarchAprilMayJuneJulyAugustSeptemberOctoberNovemberDecember,212
djibouti,2017,88.9,6.5,7,8.2,1,5,0,12,JanuaryFebruaryMarchAprilMayJuneJulyAugustSeptemberOctoberNovemberDecemberJanuaryFebruaryMarchAprilMayJuneJulyAugustSeptemberOctoberNovemberDecember,0
swaziland,2017,88.8,6.3,9.7,8.8,1,0,0,0,0,0
lebanon,2017,88.2,8.7,6.4,7.6,1,0,0,980,JanuaryFebruaryMarchAprilMayJuneJulyAugustSeptemberOctoberNovemberDecemberJanuaryFebruaryMarchAprilMayJuneJulyAugustSeptemberOctoberNovemberDecember,410
burkina faso,2017,88,8.4,6.3,7.1,1,205,117,331,JanuaryFebruaryMarchAprilMayJuneJulyAugustSeptemberOctoberNovemberDecemberJanuaryFebruaryMarchAprilMayJuneJulyAugustSeptemberOctoberNovemberDecember,184
malawi,2017,88,4.8,8.4,6.4,1,48,19,101,JanuaryFebruaryMarchAprilMayJuneJulyAugustSeptemberOctoberNovemberDecemberJanuaryFebruaryMarchAprilMayJuneJulyAugustSeptemberOctoberNovemberDecember,37
zambia,2017,87.8,4.6,7.9,7.7,1,37,2,58,JanuaryFebruaryMarchAprilMayJuneJulyAugustSeptemberOctoberNovemberDecemberJanuaryFebruaryMarchAprilMayJuneJulyAugustSeptemberOctoberNovemberDecember,4
sri lanka,2017,86.6,7.4,5.4,6.9,1,0,0,444,JanuaryFebruaryMarchAprilMayJuneJulyAugustSeptemberOctoberNovemberDecemberJanuaryFebruaryMarchAprilMayJuneJulyAugustSeptemberOctoberNovemberDecember,2
papua new guinea,2017,86.4,7.2,6.1,6.8,1,0,0,0,0,0
iran,2017,85.8,7.5,6.4,9,1,0,0,2655,JanuaryFebruaryMarchAprilMayJuneJulyAugustSeptemberOctoberNovemberDecemberJanuaryFebruaryMarchAprilMayJuneJulyAugustSeptemberOctoberNovemberDecember,207
cambodia,2017,85.7,6.7,5.7,8.3,1,0,0,130,JanuaryFebruaryMarchAprilMayJuneJulyAugustSeptemberOctoberNovemberDecemberJanuaryFebruaryMarchAprilMayJuneJulyAugustSeptemberOctoberNovemberDecember,4
equatorial guinea,2017,85,6.5,6.5,9.8,1,10,6,20,JanuaryFebruaryMarchAprilMayJuneJulyAugustSeptemberOctoberNovemberDecemberJanuaryFebruaryMarchAprilMayJuneJulyAugustSeptemberOctoberNovemberDecember,10
comoros,2017,84.8,6.7,8,7.3,1,0,0,0,0,0
solomon islands,2017,84.8,5.9,7.1,6.8,1,0,0,0,0,0
philippines,2017,84.4,9.7,5.5,7,1,0,0,7451,JanuaryFebruaryMarchAprilMayJuneJulyAugustSeptemberOctoberNovemberDecemberJanuaryFebruaryMarchAprilMayJuneJulyAugustSeptemberOctoberNovemberDecember,6677
madagascar,2017,84,7.1,7.6,7.1,1,171,209,389,JanuaryFebruaryMarchAprilMayJuneJulyAugustSeptemberOctoberNovemberDecemberJanuaryFebruaryMarchAprilMayJuneJulyAugustSeptemberOctoberNovemberDecember,300
togo,2017,83.9,6.5,6.4,7.8,1,59,44,91,JanuaryFebruaryMarchAprilMayJuneJulyAugustSeptemberOctoberNovemberDecemberJanuaryFebruaryMarchAprilMayJuneJulyAugustSeptemberOctoberNovemberDecember,68
guatemala,2017,83.1,7.6,5.5,6.5,1,0,0,0,0,0
venezuela,2017,82.9,7.3,7.3,8.5,1,0,0,0,0,0
laos,2017,82.4,5.5,5.2,9.1,1,0,0,17,JanuaryFebruaryMarchAprilMayJuneJulyAugustSeptemberOctoberNovemberDecemberJanuaryFebruaryMarchAprilMayJuneJulyAugustSeptemberOctoberNovemberDecember,7
senegal,2017,82.3,6.2,7.4,4.7,1,53,1,67,JanuaryFebruaryMarchAprilMayJuneJulyAugustSeptemberOctoberNovemberDecemberJanuaryFebruaryMarchAprilMayJuneJulyAugustSeptemberOctoberNovemberDecember,1
tajikistan,2017,81.8,6.7,7.3,9.1,1,0,0,0,0,0
lesotho,2017,81.7,6.2,8.1,5.9,1,4,4,5,JanuaryFebruaryMarchAprilMayJuneJulyAugustSeptemberOctoberNovemberDecemberJanuaryFebruaryMarchAprilMayJuneJulyAugustSeptemberOctoberNovemberDecember,5
uzbekistan,2017,81.5,7.1,6.3,9.5,1,0,0,0,0,0
turkey,2017,80.8,8.3,4.6,7.6,1,0,0,2659,JanuaryFebruaryMarchAprilMayJuneJulyAugustSeptemberOctoberNovemberDecemberJanuaryFebruaryMarchAprilMayJuneJulyAugustSeptemberOctoberNovemberDecember,2772
kyrgyz republic,2017,80.3,6.5,7,7.7,1,0,0,0,0,0
tanzania,2017,80.3,5.5,6.2,5.9,1,86,279,218,JanuaryFebruaryMarchAprilMayJuneJulyAugustSeptemberOctoberNovemberDecemberJanuaryFebruaryMarchAprilMayJuneJulyAugustSeptemberOctoberNovemberDecember,520
russia,2017,79.2,8.9,5.2,8.5,0,0,0,0,0,0
honduras,2017,79.1,7.3,6.4,6.8,0,0,0,0,0,0
colombia,2017,78.9,6.9,4.2,6.3,0,0,0,0,0,0
israel and west bank,2017,78.9,6.9,3.8,6.4,0,0,0,0,0,0
jordan,2017,78.7,5.7,6.4,6.3,0,0,0,156,JanuaryFebruaryMarchAprilMayJuneJulyAugustSeptemberOctoberNovemberDecemberJanuaryFebruaryMarchAprilMayJuneJulyAugustSeptemberOctoberNovemberDecember,63
india,2017,77.9,7.4,5.1,4.7,0,0,0,17642,JanuaryFebruaryMarchAprilMayJuneJulyAugustSeptemberOctoberNovemberDecemberJanuaryFebruaryMarchAprilMayJuneJulyAugustSeptemberOctoberNovemberDecember,1786
benin,2017,77.6,6.2,6.6,5.4,0,39,15,49,JanuaryFebruaryMarchAprilMayJuneJulyAugustSeptemberOctoberNovemberDecemberJanuaryFebruaryMarchAprilMayJuneJulyAugustSeptemberOctoberNovemberDecember,22
nicaragua,2017,77.4,5.6,5.7,7.9,0,0,0,0,0,0
ecuador,2017,77.3,6.8,6,6.5,0,0,0,0,0,0
fiji,2017,76.9,7.1,6.5,6.9,0,0,0,0,0,0
algeria,2017,76.8,7.2,6.6,6.9,0,527,142,697,JanuaryFebruaryMarchAprilMayJuneJulyAugustSeptemberOctoberNovemberDecemberJanuaryFebruaryMarchAprilMayJuneJulyAugustSeptemberOctoberNovemberDecember,164
bolivia,2017,76.8,6.5,5.4,6.5,0,0,0,0,0,0
georgia,2017,76.5,6.8,5.5,8.3,0,0,0,0,0,0
micronesia,2017,76.4,4.6,8.8,5.5,0,0,0,0,0,0
azerbaijan,2017,76.3,6.2,4.1,8.8,0,0,0,0,0,0
thailand,2017,76.2,9,3.3,7.5,0,0,0,894,JanuaryFebruaryMarchAprilMayJuneJulyAugustSeptemberOctoberNovemberDecemberJanuaryFebruaryMarchAprilMayJuneJulyAugustSeptemberOctoberNovemberDecember,235
bhutan,2017,76,4.5,4.7,4.3,0,0,0,0,0,0
morocco,2017,74.9,5.8,4.8,6.7,0,190,4,221,JanuaryFebruaryMarchAprilMayJuneJulyAugustSeptemberOctoberNovemberDecemberJanuaryFebruaryMarchAprilMayJuneJulyAugustSeptemberOctoberNovemberDecember,5
china,2017,74.7,5.9,4.4,8.6,0,0,0,0,0,0
maldives,2017,74.4,6.4,5.9,8.5,0,0,0,0,0,0
turkmenistan,2017,74.4,6.3,4.9,9.7,0,0,0,0,0,0
mexico,2017,74.3,8.4,4.9,6.5,0,0,0,0,0,0
tunisia,2017,74.2,8.3,6.7,6.5,0,771,27,879,JanuaryFebruaryMarchAprilMayJuneJulyAugustSeptemberOctoberNovemberDecemberJanuaryFebruaryMarchAprilMayJuneJulyAugustSeptemberOctoberNovemberDecember,33
ukraine,2017,74,7.6,6.8,8.2,0,0,0,0,0,0
gabon,2017,73.8,5.2,5.5,8.2,0,19,0,26,JanuaryFebruaryMarchAprilMayJuneJulyAugustSeptemberOctoberNovemberDecemberJanuaryFebruaryMarchAprilMayJuneJulyAugustSeptemberOctoberNovemberDecember,0
el salvador,2017,73.1,7.3,5.4,4.8,0,0,0,0,0,0
bosnia and herzegovina,2017,73,5.7,5.7,6.5,0,0,0,0,0,0
indonesia,2017,72.9,6.2,4.5,5.1,0,0,0,490,JanuaryFebruaryMarchAprilMayJuneJulyAugustSeptemberOctoberNovemberDecemberJanuaryFebruaryMarchAprilMayJuneJulyAugustSeptemberOctoberNovemberDecember,73
belarus,2017,72.4,6.1,6,8.7,0,0,0,0,0,0
south africa,2017,72.3,6.1,7.1,6.5,0,1053,115,1313,JanuaryFebruaryMarchAprilMayJuneJulyAugustSeptemberOctoberNovemberDecemberJanuaryFebruaryMarchAprilMayJuneJulyAugustSeptemberOctoberNovemberDecember,208
sao tome and principe,2017,72.1,5,8.5,5.6,0,0,0,0,0,0
moldova,2017,72,6.1,6.4,6.6,0,0,0,0,0,0
paraguay,2017,71.6,6.6,5,7,0,0,0,0,0,0
guyana,2017,71.3,6.4,6,5.4,0,0,0,0,0,0
saudi arabia,2017,71.2,6.3,4.5,8,0,0,0,1501,JanuaryFebruaryMarchAprilMayJuneJulyAugustSeptemberOctoberNovemberDecemberJanuaryFebruaryMarchAprilMayJuneJulyAugustSeptemberOctoberNovemberDecember,1443
armenia,2017,71,5.5,6.3,7.6,0,0,0,0,0,0
namibia,2017,70.4,5.5,6.8,3.3,0,27,2,34,JanuaryFebruaryMarchAprilMayJuneJulyAugustSeptemberOctoberNovemberDecemberJanuaryFebruaryMarchAprilMayJuneJulyAugustSeptemberOctoberNovemberDecember,3
peru,2017,70.3,7.1,3.2,7.2,0,0,0,0,0,0
vietnam,2017,70.2,4.6,5.1,8.3,0,0,0,98,JanuaryFebruaryMarchAprilMayJuneJulyAugustSeptemberOctoberNovemberDecemberJanuaryFebruaryMarchAprilMayJuneJulyAugustSeptemberOctoberNovemberDecember,6
cape verde,2017,70.1,5.4,5.2,5.3,0,0,0,0,0,0
serbia,2017,70,5.5,6.4,5.2,0,0,0,0,0,0
ghana,2017,69.7,3.8,6.1,4.2,0,115,89,181,JanuaryFebruaryMarchAprilMayJuneJulyAugustSeptemberOctoberNovemberDecemberJanuaryFebruaryMarchAprilMayJuneJulyAugustSeptemberOctoberNovemberDecember,137
dominican republic,2017,69,5.8,5.5,5.5,0,0,0,0,0,0
brazil,2017,68.2,6.7,4.8,6.2,0,0,0,0,0,0
samoa,2017,67.1,4.7,6.3,5.5,0,0,0,0,0,0
macedonia,2017,66.1,5.6,5.8,5.8,0,0,0,0,0,0
kazakhstan,2017,65.9,5.2,6.4,8.3,0,0,0,0,0,0
suriname,2017,65.9,4.9,7.1,5,0,0,0,0,0,0
belize,2017,65.5,6.4,6.7,5.2,0,0,0,0,0,0
malaysia,2017,65.4,6.3,3.1,7.7,0,0,0,0,0,0
jamaica,2017,65.2,6.9,6.9,4.8,0,0,0,0,0,0
bahrain,2017,64.9,6.9,3.8,8.2,0,0,0,3795,JanuaryFebruaryMarchAprilMayJuneJulyAugustSeptemberOctoberNovemberDecemberJanuaryFebruaryMarchAprilMayJuneJulyAugustSeptemberOctoberNovemberDecember,22
cuba,2017,64.6,5.2,4,7.6,0,0,0,0,0,0
botswana,2017,63.8,4.1,5.8,3.3,0,5,0,8,JanuaryFebruaryMarchAprilMayJuneJulyAugustSeptemberOctoberNovemberDecemberJanuaryFebruaryMarchAprilMayJuneJulyAugustSeptemberOctoberNovemberDecember,0
cyprus,2017,62.6,4.4,6,4.8,0,0,0,0,0,0
brunei darussalam,2017,61.6,5.1,3.5,8.3,0,0,0,0,0,0
grenada,2017,61.5,5.7,6,5.4,0,0,0,0,0,0
albania,2017,60.5,4.7,5.4,5.7,0,0,0,0,0,0
seychelles,2017,59.4,6.1,4.1,5.5,0,0,0,0,0,0
kuwait,2017,58.5,4.2,3,7.2,0,0,0,4,JanuaryFebruaryMarchAprilMayJuneJulyAugustSeptemberOctoberNovemberDecemberJanuaryFebruaryMarchAprilMayJuneJulyAugustSeptemberOctoberNovemberDecember,0
greece,2017,57.5,4.5,6.5,6.7,0,0,0,0,0,0
mongolia,2017,56.7,3.6,5,4,0,0,0,0,0,0
trinidad and tobago,2017,56.7,6.3,4.4,4.5,0,0,0,0,0,0
montenegro,2017,55.7,4,5.2,4.6,0,0,0,0,0,0
antigua and barbuda,2017,54.8,5.7,4.5,5.4,0,0,0,0,0,0
bulgaria,2017,53.7,4.3,5.7,4.5,0,0,0,0,0,0
oman,2017,52.5,4.2,4.1,6.8,0,0,0,0,JanuaryFebruaryMarchAprilMayJuneJulyAugustSeptemberOctoberNovemberDecemberJanuaryFebruaryMarchAprilMayJuneJulyAugustSeptemberOctoberNovemberDecember,0
bahamas,2017,52.4,4.6,4.8,3.8,0,0,0,0,0,0
hungary,2017,52,2.7,5.4,6.1,0,0,0,0,0,0
romania,2017,50.9,3,4.7,5.2,0,0,0,0,0,0
panama,2017,50.7,5.4,2.6,3.2,0,0,0,0,0,0
croatia,2017,50.6,3.5,5.3,2.9,0,0,0,0,0,0
barbados,2017,49.6,4.4,5.9,2.5,0,0,0,0,0,0
argentina,2017,48.2,4.3,4.3,4.8,0,0,0,0,0,0
latvia,2017,46.4,3,3.5,3.4,0,0,0,0,0,0
italy,2017,45.2,4.5,5.4,3.7,0,0,0,0,0,0
estonia,2017,44.7,3.3,3.5,2.7,0,0,0,0,0,0
slovak republic,2017,44.3,1.8,4.6,4.3,0,0,0,0,0,0
costa rica,2017,44.1,3.6,4,2.4,0,0,0,0,0,0
qatar,2017,44,2.6,2.1,6.3,0,0,0,0,JanuaryFebruaryMarchAprilMayJuneJulyAugustSeptemberOctoberNovemberDecemberJanuaryFebruaryMarchAprilMayJuneJulyAugustSeptemberOctoberNovemberDecember,0
united arab emirates,2017,43.7,3.1,2.4,6.7,0,0,0,1,JanuaryFebruaryMarchAprilMayJuneJulyAugustSeptemberOctoberNovemberDecemberJanuaryFebruaryMarchAprilMayJuneJulyAugustSeptemberOctoberNovemberDecember,0
lithuania,2017,41.7,3.1,4.5,2.7,0,0,0,0,0,0
mauritius,2017,41.7,2.3,4,3,0,0,0,0,0,0
chile,2017,41.1,3.2,3.2,3.3,0,0,0,0,0,0
poland,2017,40.8,1.8,3.6,3.3,0,0,0,0,0,0
czech republic,2017,40.1,2.6,4.6,4.7,0,0,0,0,0,0
malta,2017,38.6,3.6,4,3.6,0,0,0,0,0,0
south korea,2017,38.1,2.1,2,4.4,0,0,0,0,0,0
spain,2017,37.9,2.8,5.2,2.8,0,0,0,0,0,0
japan,2017,37.4,1.6,4.1,1.2,0,0,0,0,0,0
uruguay,2017,36.8,3.8,3.6,1,0,0,0,0,0,0
united states,2017,35.6,3.2,2.4,1.9,0,0,0,0,0,0
france,2017,33.5,3.3,4.3,1.3,0,0,0,0,0,0
united kingdom,2017,33.2,2.7,3.6,1.5,0,0,0,0,0,0
singapore,2017,32.5,1.6,2,3.9,0,0,0,0,0,0
slovenia,2017,32.4,1.6,3.8,2.7,0,0,0,0,0,0
belgium,2017,30.8,2.4,4.2,1.4,0,0,0,0,0,0
portugal,2017,29,1.3,5.3,1.6,0,0,0,0,0,0
germany,2017,28.1,2.1,2.2,1,0,0,0,0,0,0
austria,2017,27.7,1,2.2,1.4,0,0,0,0,0,0
netherlands,2017,27.4,1.5,2.7,1.3,0,0,0,0,0,0
luxembourg,2017,23.4,1.7,1.2,1,0,0,0,0,0,0
canada,2017,22.6,2.2,1.8,1,0,0,0,0,0,0
new zealand,2017,22.6,1.2,3.6,0.9,0,0,0,0,0,0
iceland,2017,22.5,1,3.3,1.3,0,0,0,0,0,0
australia,2017,22.3,2.1,1.7,1,0,0,0,0,0,0
ireland,2017,22.3,2.1,3.4,1,0,0,0,0,0,0
sweden,2017,22.1,2.1,1.8,1,0,0,0,0,0,0
denmark,2017,21.5,1.7,2,0.9,0,0,0,0,0,0
switzerland,2017,21.1,1.1,2.3,1,0,0,0,0,0,0
norway,2017,20.5,2,2.2,0.8,0,0,0,0,0,0
finland,2017,18.7,1.7,3.5,0.9,0,0,0,0,0,0
south sudan,2018,113.3573152,10,10,10,1,885,1728,1914,JanuaryFebruaryMarchAprilMayJuneJulyAugustSeptemberOctoberNovemberDecemberJanuaryFebruaryMarchAprilMayJuneJulyAugustSeptemberOctoberNovemberDecember,2274
somalia,2018,113.2007961,9.7,8.9,9.119044573,1,3233,5816,6696,JanuaryFebruaryMarchAprilMayJuneJulyAugustSeptemberOctoberNovemberDecemberJanuaryFebruaryMarchAprilMayJuneJulyAugustSeptemberOctoberNovemberDecember,6501
yemen,2018,112.6715038,9.9,9.6,9.728507787,1,0,0,23388,JanuaryFebruaryMarchAprilMayJuneJulyAugustSeptemberOctoberNovemberDecemberJanuaryFebruaryMarchAprilMayJuneJulyAugustSeptemberOctoberNovemberDecember,36669
syria,2018,111.3930311,9.9,8.5,9.893031104,1,0,0,42466,JanuaryFebruaryMarchAprilMayJuneJulyAugustSeptemberOctoberNovemberDecemberJanuaryFebruaryMarchAprilMayJuneJulyAugustSeptemberOctoberNovemberDecember,40259
central african republic,2018,111.1263446,9.1,8.8,9.4,1,620,1021,1217,JanuaryFebruaryMarchAprilMayJuneJulyAugustSeptemberOctoberNovemberDecemberJanuaryFebruaryMarchAprilMayJuneJulyAugustSeptemberOctoberNovemberDecember,1683
congo democratic republic,2018,110.6703648,9.1,8.1,9.6,1,0,0,0,0,0
sudan,2018,108.6631944,8.7,8,9.749239725,1,740,1055,1527,JanuaryFebruaryMarchAprilMayJuneJulyAugustSeptemberOctoberNovemberDecemberJanuaryFebruaryMarchAprilMayJuneJulyAugustSeptemberOctoberNovemberDecember,1379
chad,2018,108.3118705,9.5,9,8.8,1,84,264,149,JanuaryFebruaryMarchAprilMayJuneJulyAugustSeptemberOctoberNovemberDecemberJanuaryFebruaryMarchAprilMayJuneJulyAugustSeptemberOctoberNovemberDecember,300
afghanistan,2018,106.6207681,10,8.314048279,9.073801436,1,0,0,28241,JanuaryFebruaryMarchAprilMayJuneJulyAugustSeptemberOctoberNovemberDecemberJanuaryFebruaryMarchAprilMayJuneJulyAugustSeptemberOctoberNovemberDecember,44576
zimbabwe,2018,102.2937525,9.1,8.6,9.7,1,359,28,762,JanuaryFebruaryMarchAprilMayJuneJulyAugustSeptemberOctoberNovemberDecemberJanuaryFebruaryMarchAprilMayJuneJulyAugustSeptemberOctoberNovemberDecember,40
iraq,2018,102.2056854,8.986362347,6.303366594,9.2,1,0,0,7133,JanuaryFebruaryMarchAprilMayJuneJulyAugustSeptemberOctoberNovemberDecemberJanuaryFebruaryMarchAprilMayJuneJulyAugustSeptemberOctoberNovemberDecember,6021
haiti,2018,101.9695521,7.4,8.4,8.7,1,0,0,827,JanuaryFebruaryMarchAprilMayJuneJulyAugustSeptemberOctoberNovemberDecemberJanuaryFebruaryMarchAprilMayJuneJulyAugustSeptemberOctoberNovemberDecember,455
guinea,2018,101.6167425,8.9,8.9,9.7,1,145,41,213,JanuaryFebruaryMarchAprilMayJuneJulyAugustSeptemberOctoberNovemberDecemberJanuaryFebruaryMarchAprilMayJuneJulyAugustSeptemberOctoberNovemberDecember,58
nigeria,2018,99.90823161,8.9,8.044997615,8.3,1,2025,6109,4123,JanuaryFebruaryMarchAprilMayJuneJulyAugustSeptemberOctoberNovemberDecemberJanuaryFebruaryMarchAprilMayJuneJulyAugustSeptemberOctoberNovemberDecember,9243
ethiopia,2018,99.56909778,8.7,6.7,8.5,1,876,1584,1656,JanuaryFebruaryMarchAprilMayJuneJulyAugustSeptemberOctoberNovemberDecemberJanuaryFebruaryMarchAprilMayJuneJulyAugustSeptemberOctoberNovemberDecember,2276
guinea bissau,2018,98.09458991,8.6,8,9.2,1,0,0,0,0,0
kenya,2018,97.38051499,8.4,7,8.1,1,656,450,1228,JanuaryFebruaryMarchAprilMayJuneJulyAugustSeptemberOctoberNovemberDecemberJanuaryFebruaryMarchAprilMayJuneJulyAugustSeptemberOctoberNovemberDecember,698
burundi,2018,97.36424028,8.5,8.052373117,8.891895937,1,957,328,2458,JanuaryFebruaryMarchAprilMayJuneJulyAugustSeptemberOctoberNovemberDecemberJanuaryFebruaryMarchAprilMayJuneJulyAugustSeptemberOctoberNovemberDecember,618
eritrea,2018,97.20823904,6.9,7.8,9.421749864,1,6,1,7,JanuaryFebruaryMarchAprilMayJuneJulyAugustSeptemberOctoberNovemberDecemberJanuaryFebruaryMarchAprilMayJuneJulyAugustSeptemberOctoberNovemberDecember,2
pakistan,2018,96.33806006,8.8,6.6,7.8,1,0,0,7924,JanuaryFebruaryMarchAprilMayJuneJulyAugustSeptemberOctoberNovemberDecemberJanuaryFebruaryMarchAprilMayJuneJulyAugustSeptemberOctoberNovemberDecember,1781
niger,2018,96.15290344,8.4,7.282442209,7,1,171,565,318,JanuaryFebruaryMarchAprilMayJuneJulyAugustSeptemberOctoberNovemberDecemberJanuaryFebruaryMarchAprilMayJuneJulyAugustSeptemberOctoberNovemberDecember,658
myanmar,2018,96.09231014,9,5.6,8.6,1,0,0,2034,JanuaryFebruaryMarchAprilMayJuneJulyAugustSeptemberOctoberNovemberDecemberJanuaryFebruaryMarchAprilMayJuneJulyAugustSeptemberOctoberNovemberDecember,362
cameroon,2018,95.31218119,8,6.686671121,8.476434394,1,827,1673,1769,JanuaryFebruaryMarchAprilMayJuneJulyAugustSeptemberOctoberNovemberDecemberJanuaryFebruaryMarchAprilMayJuneJulyAugustSeptemberOctoberNovemberDecember,2239
uganda,2018,95.14379555,7.140182746,6,8.3,1,364,141,685,JanuaryFebruaryMarchAprilMayJuneJulyAugustSeptemberOctoberNovemberDecemberJanuaryFebruaryMarchAprilMayJuneJulyAugustSeptemberOctoberNovemberDecember,250
libya,2018,94.6,9.3,8,9.8,1,796,1228,1502,JanuaryFebruaryMarchAprilMayJuneJulyAugustSeptemberOctoberNovemberDecemberJanuaryFebruaryMarchAprilMayJuneJulyAugustSeptemberOctoberNovemberDecember,1512
cote d'ivoire,2018,94.56151917,7.7,6.78351182,7.6,1,0,0,0,0,0
mali,2018,93.58132106,9.3,7.56149703,6.082858981,1,755,1794,1537,JanuaryFebruaryMarchAprilMayJuneJulyAugustSeptemberOctoberNovemberDecemberJanuaryFebruaryMarchAprilMayJuneJulyAugustSeptemberOctoberNovemberDecember,2610
north korea,2018,93.2,8.3,8.9,10,1,0,0,9,JanuaryFebruaryMarchAprilMayJuneJulyAugustSeptemberOctoberNovemberDecemberJanuaryFebruaryMarchAprilMayJuneJulyAugustSeptemberOctoberNovemberDecember,0
congo republic,2018,93.12762986,6.984110126,7.3,8.983897028,1,0,0,0,0,0
liberia,2018,92.56025079,6.660250792,8,7.1,1,43,3,60,JanuaryFebruaryMarchAprilMayJuneJulyAugustSeptemberOctoberNovemberDecemberJanuaryFebruaryMarchAprilMayJuneJulyAugustSeptemberOctoberNovemberDecember,6
mauritania,2018,92.15282858,6.6,7.4,8.155497786,1,69,3,71,JanuaryFebruaryMarchAprilMayJuneJulyAugustSeptemberOctoberNovemberDecemberJanuaryFebruaryMarchAprilMayJuneJulyAugustSeptemberOctoberNovemberDecember,3
bangladesh,2018,90.31281723,7.9,5.8,7.5,1,0,0,2453,JanuaryFebruaryMarchAprilMayJuneJulyAugustSeptemberOctoberNovemberDecemberJanuaryFebruaryMarchAprilMayJuneJulyAugustSeptemberOctoberNovemberDecember,416
angola,2018,89.44029612,6.8,6.3,8.540296121,1,75,42,117,JanuaryFebruaryMarchAprilMayJuneJulyAugustSeptemberOctoberNovemberDecemberJanuaryFebruaryMarchAprilMayJuneJulyAugustSeptemberOctoberNovemberDecember,76
rwanda,2018,89.28772432,6.039639853,6.3,6.959216731,1,34,49,71,JanuaryFebruaryMarchAprilMayJuneJulyAugustSeptemberOctoberNovemberDecemberJanuaryFebruaryMarchAprilMayJuneJulyAugustSeptemberOctoberNovemberDecember,74
sierra leone,2018,89.08699645,4.335691151,8.3670282,6.6,1,107,10,208,JanuaryFebruaryMarchAprilMayJuneJulyAugustSeptemberOctoberNovemberDecemberJanuaryFebruaryMarchAprilMayJuneJulyAugustSeptemberOctoberNovemberDecember,15
egypt,2018,88.73736288,8.2,7.9,8.337362877,1,494,1116,908,JanuaryFebruaryMarchAprilMayJuneJulyAugustSeptemberOctoberNovemberDecemberJanuaryFebruaryMarchAprilMayJuneJulyAugustSeptemberOctoberNovemberDecember,1176
mozambique,2018,88.6541345,6.726179737,8.3,6.499175738,1,148,213,312,JanuaryFebruaryMarchAprilMayJuneJulyAugustSeptemberOctoberNovemberDecemberJanuaryFebruaryMarchAprilMayJuneJulyAugustSeptemberOctoberNovemberDecember,383
timor-leste,2018,88.25683064,6.9,7.6,6.4,1,0,0,0,0,0
nepal,2018,87.87642694,6.2,6.104263923,7.1,1,0,0,2330,JanuaryFebruaryMarchAprilMayJuneJulyAugustSeptemberOctoberNovemberDecemberJanuaryFebruaryMarchAprilMayJuneJulyAugustSeptemberOctoberNovemberDecember,32
swaziland,2018,87.54065036,6,9.8,8.567996467,1,0,0,0,0,0
zambia,2018,87.22404971,4.9,7.8,8,1,60,18,107,JanuaryFebruaryMarchAprilMayJuneJulyAugustSeptemberOctoberNovemberDecemberJanuaryFebruaryMarchAprilMayJuneJulyAugustSeptemberOctoberNovemberDecember,31
djibouti,2018,87.11477755,6.2,6.711583891,8.101691292,1,3,0,1,JanuaryFebruaryMarchAprilMayJuneJulyAugustSeptemberOctoberNovemberDecemberJanuaryFebruaryMarchAprilMayJuneJulyAugustSeptemberOctoberNovemberDecember,0
gambia,2018,87.06418532,6.6,8.7,8.3,1,12,3,17,JanuaryFebruaryMarchAprilMayJuneJulyAugustSeptemberOctoberNovemberDecemberJanuaryFebruaryMarchAprilMayJuneJulyAugustSeptemberOctoberNovemberDecember,3
lebanon,2018,86.81328587,8.4,6.1,7.336455805,1,0,0,696,JanuaryFebruaryMarchAprilMayJuneJulyAugustSeptemberOctoberNovemberDecemberJanuaryFebruaryMarchAprilMayJuneJulyAugustSeptemberOctoberNovemberDecember,41
burkina faso,2018,86.52363751,8.5,6.6,6.8,1,415,474,704,JanuaryFebruaryMarchAprilMayJuneJulyAugustSeptemberOctoberNovemberDecemberJanuaryFebruaryMarchAprilMayJuneJulyAugustSeptemberOctoberNovemberDecember,480
venezuela,2018,86.20692502,7.378925018,8.3,9,1,0,0,7072,JanuaryFebruaryMarchAprilMayJuneJulyAugustSeptemberOctoberNovemberDecemberJanuaryFebruaryMarchAprilMayJuneJulyAugustSeptemberOctoberNovemberDecember,4366
philippines,2018,85.49988187,9.8,5.2,7.5,1,0,0,5074,JanuaryFebruaryMarchAprilMayJuneJulyAugustSeptemberOctoberNovemberDecemberJanuaryFebruaryMarchAprilMayJuneJulyAugustSeptemberOctoberNovemberDecember,3601
malawi,2018,85.48762156,4.5,8.1,6.4,1,48,16,97,JanuaryFebruaryMarchAprilMayJuneJulyAugustSeptemberOctoberNovemberDecemberJanuaryFebruaryMarchAprilMayJuneJulyAugustSeptemberOctoberNovemberDecember,31
togo,2018,85.15884543,6.8,6.7,8.1,1,47,6,52,JanuaryFebruaryMarchAprilMayJuneJulyAugustSeptemberOctoberNovemberDecemberJanuaryFebruaryMarchAprilMayJuneJulyAugustSeptemberOctoberNovemberDecember,8
sri lanka,2018,84.89668809,7.1,5.487433465,6.6,1,0,0,727,JanuaryFebruaryMarchAprilMayJuneJulyAugustSeptemberOctoberNovemberDecemberJanuaryFebruaryMarchAprilMayJuneJulyAugustSeptemberOctoberNovemberDecember,43
papua new guinea,2018,84.7702658,6.909127932,6.074506024,6.5,1,0,0,0,0,0
iran,2018,84.27111517,7.2,6.4,9.2,1,0,0,3344,JanuaryFebruaryMarchAprilMayJuneJulyAugustSeptemberOctoberNovemberDecemberJanuaryFebruaryMarchAprilMayJuneJulyAugustSeptemberOctoberNovemberDecember,321
cambodia,2018,84.04889219,6.485043111,5.495624345,8.532207168,1,0,0,88,JanuaryFebruaryMarchAprilMayJuneJulyAugustSeptemberOctoberNovemberDecemberJanuaryFebruaryMarchAprilMayJuneJulyAugustSeptemberOctoberNovemberDecember,23
madagascar,2018,83.57162962,7.2,7.55462877,6.8,1,123,143,239,JanuaryFebruaryMarchAprilMayJuneJulyAugustSeptemberOctoberNovemberDecemberJanuaryFebruaryMarchAprilMayJuneJulyAugustSeptemberOctoberNovemberDecember,193
equatorial guinea,2018,83.39889584,6.2,6.223092511,9.785562547,1,7,3,16,JanuaryFebruaryMarchAprilMayJuneJulyAugustSeptemberOctoberNovemberDecemberJanuaryFebruaryMarchAprilMayJuneJulyAugustSeptemberOctoberNovemberDecember,6
solomon islands,2018,83.10491832,5.9,7.4,6.5,1,0,0,0,0,0
comoros,2018,82.62279134,6.4,7.9,7,1,0,0,0,0,0
turkey,2018,82.219036,8.003110904,4.5,7.7,1,0,0,4024,JanuaryFebruaryMarchAprilMayJuneJulyAugustSeptemberOctoberNovemberDecemberJanuaryFebruaryMarchAprilMayJuneJulyAugustSeptemberOctoberNovemberDecember,1030
guatemala,2018,81.83670919,7.323366144,5.4177501,6.6,1,0,0,2338,JanuaryFebruaryMarchAprilMayJuneJulyAugustSeptemberOctoberNovemberDecemberJanuaryFebruaryMarchAprilMayJuneJulyAugustSeptemberOctoberNovemberDecember,1109
laos,2018,80.72431004,5.2,5.5,8.881260954,1,0,0,4,JanuaryFebruaryMarchAprilMayJuneJulyAugustSeptemberOctoberNovemberDecemberJanuaryFebruaryMarchAprilMayJuneJulyAugustSeptemberOctoberNovemberDecember,0
lesotho,2018,80.13336188,6.192950348,8.4,5.6,1,3,0,1,JanuaryFebruaryMarchAprilMayJuneJulyAugustSeptemberOctoberNovemberDecemberJanuaryFebruaryMarchAprilMayJuneJulyAugustSeptemberOctoberNovemberDecember,0
senegal,2018,79.62828847,5.9,7.209201411,4.4,0,89,29,106,JanuaryFebruaryMarchAprilMayJuneJulyAugustSeptemberOctoberNovemberDecemberJanuaryFebruaryMarchAprilMayJuneJulyAugustSeptemberOctoberNovemberDecember,47
tajikistan,2018,79.50203763,6.4,7,9.090538284,0,0,0,48,JanuaryFebruaryMarchAprilMayJuneJulyAugustSeptemberOctoberNovemberDecemberJanuaryFebruaryMarchAprilMayJuneJulyAugustSeptemberOctoberNovemberDecember,75
tanzania,2018,79.38569085,5.407508539,6.26057603,5.811595834,0,55,41,119,JanuaryFebruaryMarchAprilMayJuneJulyAugustSeptemberOctoberNovemberDecemberJanuaryFebruaryMarchAprilMayJuneJulyAugustSeptemberOctoberNovemberDecember,59
uzbekistan,2018,79.1,7.1,6.1,9.5,0,0,0,54,JanuaryFebruaryMarchAprilMayJuneJulyAugustSeptemberOctoberNovemberDecemberJanuaryFebruaryMarchAprilMayJuneJulyAugustSeptemberOctoberNovemberDecember,4
kyrgyz republic,2018,78.63412191,6.8,6.7,7.4,0,0,0,0,0,0
israel and west bank,2018,78.53374003,6.6,4.052983203,6.5,0,0,0,0,0,0
honduras,2018,77.26244167,7.131939587,6.400894552,6.9,0,0,0,2508,JanuaryFebruaryMarchAprilMayJuneJulyAugustSeptemberOctoberNovemberDecemberJanuaryFebruaryMarchAprilMayJuneJulyAugustSeptemberOctoberNovemberDecember,1503
russia,2018,77.16545659,8.6,4.9,8.465456594,0,0,0,2001,JanuaryFebruaryMarchAprilMayJuneJulyAugustSeptemberOctoberNovemberDecemberJanuaryFebruaryMarchAprilMayJuneJulyAugustSeptemberOctoberNovemberDecember,136
jordan,2018,76.75207114,5.608645755,6.69936506,6.146483524,0,0,0,880,JanuaryFebruaryMarchAprilMayJuneJulyAugustSeptemberOctoberNovemberDecemberJanuaryFebruaryMarchAprilMayJuneJulyAugustSeptemberOctoberNovemberDecember,22
colombia,2018,76.62792958,6.6,4.5,6,0,0,0,5228,JanuaryFebruaryMarchAprilMayJuneJulyAugustSeptemberOctoberNovemberDecemberJanuaryFebruaryMarchAprilMayJuneJulyAugustSeptemberOctoberNovemberDecember,2526
india,2018,76.30850994,7.1,5.021057245,4.4,0,0,0,24409,JanuaryFebruaryMarchAprilMayJuneJulyAugustSeptemberOctoberNovemberDecemberJanuaryFebruaryMarchAprilMayJuneJulyAugustSeptemberOctoberNovemberDecember,2823
algeria,2018,75.78505154,6.9,6.3,7.2,0,699,68,725,JanuaryFebruaryMarchAprilMayJuneJulyAugustSeptemberOctoberNovemberDecemberJanuaryFebruaryMarchAprilMayJuneJulyAugustSeptemberOctoberNovemberDecember,80
benin,2018,75.6900969,6.199977172,6.5,5.1,0,40,31,82,JanuaryFebruaryMarchAprilMayJuneJulyAugustSeptemberOctoberNovemberDecemberJanuaryFebruaryMarchAprilMayJuneJulyAugustSeptemberOctoberNovemberDecember,53
nicaragua,2018,75.3293213,5.3,5.633633466,7.6,0,0,0,1569,JanuaryFebruaryMarchAprilMayJuneJulyAugustSeptemberOctoberNovemberDecemberJanuaryFebruaryMarchAprilMayJuneJulyAugustSeptemberOctoberNovemberDecember,578
bolivia,2018,75.22337886,6.2,5.377027123,6.6,0,0,0,371,JanuaryFebruaryMarchAprilMayJuneJulyAugustSeptemberOctoberNovemberDecemberJanuaryFebruaryMarchAprilMayJuneJulyAugustSeptemberOctoberNovemberDecember,40
thailand,2018,74.98003133,8.7,3.41573656,7.572674992,0,0,0,768,JanuaryFebruaryMarchAprilMayJuneJulyAugustSeptemberOctoberNovemberDecemberJanuaryFebruaryMarchAprilMayJuneJulyAugustSeptemberOctoberNovemberDecember,184
azerbaijan,2018,74.63031998,6.1,4.1,8.830319978,0,0,0,16805,JanuaryFebruaryMarchAprilMayJuneJulyAugustSeptemberOctoberNovemberDecemberJanuaryFebruaryMarchAprilMayJuneJulyAugustSeptemberOctoberNovemberDecember,52
fiji,2018,74.51822129,7.1,6.235548067,6.6,0,0,0,0,0,0
micronesia,2018,74.43708792,4.3,8.5,5.2,0,0,0,0,0,0
bhutan,2018,74.27398471,4.2,4.950010444,4,0,0,0,0,0,0
ecuador,2018,74.23122556,6.5,6,6.2,0,0,0,200,JanuaryFebruaryMarchAprilMayJuneJulyAugustSeptemberOctoberNovemberDecemberJanuaryFebruaryMarchAprilMayJuneJulyAugustSeptemberOctoberNovemberDecember,21
morocco,2018,74.00415255,5.5,5.1,6.882656354,0,243,7,264,JanuaryFebruaryMarchAprilMayJuneJulyAugustSeptemberOctoberNovemberDecemberJanuaryFebruaryMarchAprilMayJuneJulyAugustSeptemberOctoberNovemberDecember,11
georgia,2018,74.00003923,6.5,5.8,8,0,0,0,820,JanuaryFebruaryMarchAprilMayJuneJulyAugustSeptemberOctoberNovemberDecemberJanuaryFebruaryMarchAprilMayJuneJulyAugustSeptemberOctoberNovemberDecember,6
south africa,2018,72.9,6.4,7.1,6.8,0,1102,116,1379,JanuaryFebruaryMarchAprilMayJuneJulyAugustSeptemberOctoberNovemberDecemberJanuaryFebruaryMarchAprilMayJuneJulyAugustSeptemberOctoberNovemberDecember,213
turkmenistan,2018,72.62111504,6,4.765778423,9.671757114,0,0,0,11,JanuaryFebruaryMarchAprilMayJuneJulyAugustSeptemberOctoberNovemberDecemberJanuaryFebruaryMarchAprilMayJuneJulyAugustSeptemberOctoberNovemberDecember,25
ukraine,2018,72.56161245,7.401954629,6.561231058,7.9,0,0,0,28396,JanuaryFebruaryMarchAprilMayJuneJulyAugustSeptemberOctoberNovemberDecemberJanuaryFebruaryMarchAprilMayJuneJulyAugustSeptemberOctoberNovemberDecember,947
gabon,2018,72.47628284,4.7,5.8,7.9,0,30,0,33,JanuaryFebruaryMarchAprilMayJuneJulyAugustSeptemberOctoberNovemberDecemberJanuaryFebruaryMarchAprilMayJuneJulyAugustSeptemberOctoberNovemberDecember,0
maldives,2018,72.4,6.1,5.6,8.3,0,0,0,0,0,0
china,2018,72.39504123,5.872797245,4.1,8.6,0,0,0,4879,JanuaryFebruaryMarchAprilMayJuneJulyAugustSeptemberOctoberNovemberDecemberJanuaryFebruaryMarchAprilMayJuneJulyAugustSeptemberOctoberNovemberDecember,76
indonesia,2018,72.29772814,6.21562045,4.782107687,4.8,0,0,0,1334,JanuaryFebruaryMarchAprilMayJuneJulyAugustSeptemberOctoberNovemberDecemberJanuaryFebruaryMarchAprilMayJuneJulyAugustSeptemberOctoberNovemberDecember,271
sao tome and principe,2018,72.13078165,5,8.490278745,5.3,0,0,0,0,0,0
tunisia,2018,72.07067457,8,6.6,6.6,0,738,36,771,JanuaryFebruaryMarchAprilMayJuneJulyAugustSeptemberOctoberNovemberDecemberJanuaryFebruaryMarchAprilMayJuneJulyAugustSeptemberOctoberNovemberDecember,42
mexico,2018,71.51814359,8.5,4.718143592,6.2,0,0,0,27023,JanuaryFebruaryMarchAprilMayJuneJulyAugustSeptemberOctoberNovemberDecemberJanuaryFebruaryMarchAprilMayJuneJulyAugustSeptemberOctoberNovemberDecember,17087
bosnia and herzegovina,2018,71.33654614,5.4,6,6.236546138,0,0,0,297,JanuaryFebruaryMarchAprilMayJuneJulyAugustSeptemberOctoberNovemberDecemberJanuaryFebruaryMarchAprilMayJuneJulyAugustSeptemberOctoberNovemberDecember,2
el salvador,2018,71.16006105,7.216717903,5.343343147,4.5,0,0,0,2130,JanuaryFebruaryMarchAprilMayJuneJulyAugustSeptemberOctoberNovemberDecemberJanuaryFebruaryMarchAprilMayJuneJulyAugustSeptemberOctoberNovemberDecember,1483
belarus,2018,70.54071433,5.8,5.540714332,8.7,0,0,0,142,JanuaryFebruaryMarchAprilMayJuneJulyAugustSeptemberOctoberNovemberDecemberJanuaryFebruaryMarchAprilMayJuneJulyAugustSeptemberOctoberNovemberDecember,0
guyana,2018,70.35847016,6.626777418,6.082149789,5.1,0,0,0,112,JanuaryFebruaryMarchAprilMayJuneJulyAugustSeptemberOctoberNovemberDecemberJanuaryFebruaryMarchAprilMayJuneJulyAugustSeptemberOctoberNovemberDecember,2
saudi arabia,2018,70.23498732,6,4.424190793,8.3,0,0,0,1580,JanuaryFebruaryMarchAprilMayJuneJulyAugustSeptemberOctoberNovemberDecemberJanuaryFebruaryMarchAprilMayJuneJulyAugustSeptemberOctoberNovemberDecember,1520
peru,2018,70.07298207,6.8,3.5,6.9,0,0,0,470,JanuaryFebruaryMarchAprilMayJuneJulyAugustSeptemberOctoberNovemberDecemberJanuaryFebruaryMarchAprilMayJuneJulyAugustSeptemberOctoberNovemberDecember,26
paraguay,2018,69.75151701,6.302589396,5.023718631,7.1,0,0,0,332,JanuaryFebruaryMarchAprilMayJuneJulyAugustSeptemberOctoberNovemberDecemberJanuaryFebruaryMarchAprilMayJuneJulyAugustSeptemberOctoberNovemberDecember,11
moldova,2018,69.54603614,5.8,6.1,6.6,0,0,0,194,JanuaryFebruaryMarchAprilMayJuneJulyAugustSeptemberOctoberNovemberDecemberJanuaryFebruaryMarchAprilMayJuneJulyAugustSeptemberOctoberNovemberDecember,0
armenia,2018,69.54522382,5.2,6.6,8.1,0,0,0,3136,JanuaryFebruaryMarchAprilMayJuneJulyAugustSeptemberOctoberNovemberDecemberJanuaryFebruaryMarchAprilMayJuneJulyAugustSeptemberOctoberNovemberDecember,8
dominican republic,2018,69.19632519,6.1,5.2,6.5,0,0,0,154,JanuaryFebruaryMarchAprilMayJuneJulyAugustSeptemberOctoberNovemberDecemberJanuaryFebruaryMarchAprilMayJuneJulyAugustSeptemberOctoberNovemberDecember,38
namibia,2018,68.81558957,5.2,7.1,3.003586878,0,33,1,35,JanuaryFebruaryMarchAprilMayJuneJulyAugustSeptemberOctoberNovemberDecemberJanuaryFebruaryMarchAprilMayJuneJulyAugustSeptemberOctoberNovemberDecember,2
brazil,2018,68.71313081,6.8,4.5,6.7,0,0,0,29049,JanuaryFebruaryMarchAprilMayJuneJulyAugustSeptemberOctoberNovemberDecemberJanuaryFebruaryMarchAprilMayJuneJulyAugustSeptemberOctoberNovemberDecember,11055
vietnam,2018,68.39565234,4.3,4.8,8.326326058,0,0,0,78,JanuaryFebruaryMarchAprilMayJuneJulyAugustSeptemberOctoberNovemberDecemberJanuaryFebruaryMarchAprilMayJuneJulyAugustSeptemberOctoberNovemberDecember,6
ghana,2018,68.12218632,4.3,6,3.9,0,102,23,172,JanuaryFebruaryMarchAprilMayJuneJulyAugustSeptemberOctoberNovemberDecemberJanuaryFebruaryMarchAprilMayJuneJulyAugustSeptemberOctoberNovemberDecember,39
serbia,2018,68.06006237,5.2,6.353714455,5.2,0,0,0,271,JanuaryFebruaryMarchAprilMayJuneJulyAugustSeptemberOctoberNovemberDecemberJanuaryFebruaryMarchAprilMayJuneJulyAugustSeptemberOctoberNovemberDecember,10
cape verde,2018,68,5.1,5.5,5,0,0,0,0,0,0
samoa,2018,65.53086972,4.4,6.564840981,5.2,0,0,0,0,0,0
macedonia,2018,64.79715789,5.3,6.1,5.5,0,0,0,0,0,0
bahrain,2018,64.38675795,6.6,3.769459011,8.367130365,0,0,0,1641,JanuaryFebruaryMarchAprilMayJuneJulyAugustSeptemberOctoberNovemberDecemberJanuaryFebruaryMarchAprilMayJuneJulyAugustSeptemberOctoberNovemberDecember,0
suriname,2018,64.01235952,4.630399093,7.2,4.7,0,0,0,37,JanuaryFebruaryMarchAprilMayJuneJulyAugustSeptemberOctoberNovemberDecemberJanuaryFebruaryMarchAprilMayJuneJulyAugustSeptemberOctoberNovemberDecember,1
belize,2018,63.71214889,6.692505462,6.641161788,4.9,0,0,0,446,JanuaryFebruaryMarchAprilMayJuneJulyAugustSeptemberOctoberNovemberDecemberJanuaryFebruaryMarchAprilMayJuneJulyAugustSeptemberOctoberNovemberDecember,159
malaysia,2018,63.59483708,6,3.394837078,7.4,0,0,0,233,JanuaryFebruaryMarchAprilMayJuneJulyAugustSeptemberOctoberNovemberDecemberJanuaryFebruaryMarchAprilMayJuneJulyAugustSeptemberOctoberNovemberDecember,20
kazakhstan,2018,63.43851484,4.9,5.9,8.438514843,0,0,0,204,JanuaryFebruaryMarchAprilMayJuneJulyAugustSeptemberOctoberNovemberDecemberJanuaryFebruaryMarchAprilMayJuneJulyAugustSeptemberOctoberNovemberDecember,4
jamaica,2018,63.11945865,6.840975701,6.661029254,4.5,0,0,0,540,JanuaryFebruaryMarchAprilMayJuneJulyAugustSeptemberOctoberNovemberDecemberJanuaryFebruaryMarchAprilMayJuneJulyAugustSeptemberOctoberNovemberDecember,375
cuba,2018,62.89031679,4.9,4.00816687,7.582149923,0,0,0,14,JanuaryFebruaryMarchAprilMayJuneJulyAugustSeptemberOctoberNovemberDecemberJanuaryFebruaryMarchAprilMayJuneJulyAugustSeptemberOctoberNovemberDecember,0
botswana,2018,61.98745014,4.1,5.686038881,3,0,12,2,18,JanuaryFebruaryMarchAprilMayJuneJulyAugustSeptemberOctoberNovemberDecemberJanuaryFebruaryMarchAprilMayJuneJulyAugustSeptemberOctoberNovemberDecember,4
cyprus,2018,60.28630696,4.363995994,5.7,4.5,0,0,0,105,JanuaryFebruaryMarchAprilMayJuneJulyAugustSeptemberOctoberNovemberDecemberJanuaryFebruaryMarchAprilMayJuneJulyAugustSeptemberOctoberNovemberDecember,0
albania,2018,60.07930844,4.843614763,5.7,6,0,0,0,246,JanuaryFebruaryMarchAprilMayJuneJulyAugustSeptemberOctoberNovemberDecemberJanuaryFebruaryMarchAprilMayJuneJulyAugustSeptemberOctoberNovemberDecember,1
grenada,2018,59.9,5.5,5.8,5.2,0,0,0,10,JanuaryFebruaryMarchAprilMayJuneJulyAugustSeptemberOctoberNovemberDecemberJanuaryFebruaryMarchAprilMayJuneJulyAugustSeptemberOctoberNovemberDecember,0
brunei darussalam,2018,59.80623958,4.8,3.8,8,0,0,0,0,0,0
seychelles,2018,56.75415569,6.1,3.8,5.2,0,0,0,0,0,0
kuwait,2018,55.89148719,3.9,2.7,7.291487188,0,0,0,5,JanuaryFebruaryMarchAprilMayJuneJulyAugustSeptemberOctoberNovemberDecemberJanuaryFebruaryMarchAprilMayJuneJulyAugustSeptemberOctoberNovemberDecember,0
antigua and barbuda,2018,55.61104073,5.7,4.8,5.1,0,0,0,26,JanuaryFebruaryMarchAprilMayJuneJulyAugustSeptemberOctoberNovemberDecemberJanuaryFebruaryMarchAprilMayJuneJulyAugustSeptemberOctoberNovemberDecember,0
montenegro,2018,55.33841976,4.3,5.5,4.3,0,0,0,130,JanuaryFebruaryMarchAprilMayJuneJulyAugustSeptemberOctoberNovemberDecemberJanuaryFebruaryMarchAprilMayJuneJulyAugustSeptemberOctoberNovemberDecember,4
greece,2018,55.2824101,4.418852145,6.2,6.4,0,0,0,498,JanuaryFebruaryMarchAprilMayJuneJulyAugustSeptemberOctoberNovemberDecemberJanuaryFebruaryMarchAprilMayJuneJulyAugustSeptemberOctoberNovemberDecember,18
mongolia,2018,54.87347129,3.3,4.9,4,0,0,0,75,JanuaryFebruaryMarchAprilMayJuneJulyAugustSeptemberOctoberNovemberDecemberJanuaryFebruaryMarchAprilMayJuneJulyAugustSeptemberOctoberNovemberDecember,2
trinidad and tobago,2018,54.60573984,6.499420759,4.5,4.2,0,0,0,900,JanuaryFebruaryMarchAprilMayJuneJulyAugustSeptemberOctoberNovemberDecemberJanuaryFebruaryMarchAprilMayJuneJulyAugustSeptemberOctoberNovemberDecember,417
oman,2018,52.6498016,3.9,4.6,7.1,0,0,0,3,JanuaryFebruaryMarchAprilMayJuneJulyAugustSeptemberOctoberNovemberDecemberJanuaryFebruaryMarchAprilMayJuneJulyAugustSeptemberOctoberNovemberDecember,0
bulgaria,2018,51.65420796,4.6,5.538034641,4.2,0,0,0,378,JanuaryFebruaryMarchAprilMayJuneJulyAugustSeptemberOctoberNovemberDecemberJanuaryFebruaryMarchAprilMayJuneJulyAugustSeptemberOctoberNovemberDecember,0
hungary,2018,50.20431327,3,5.104313269,6.1,0,0,0,0,0,0
bahamas,2018,49.99124185,4.6,4.5,3.3,0,0,0,22,JanuaryFebruaryMarchAprilMayJuneJulyAugustSeptemberOctoberNovemberDecemberJanuaryFebruaryMarchAprilMayJuneJulyAugustSeptemberOctoberNovemberDecember,0
panama,2018,49.48072268,5.512953766,2.9,3.031674532,0,0,0,538,JanuaryFebruaryMarchAprilMayJuneJulyAugustSeptemberOctoberNovemberDecemberJanuaryFebruaryMarchAprilMayJuneJulyAugustSeptemberOctoberNovemberDecember,3
romania,2018,49.36140868,2.7,4.620465684,5.5,0,0,0,557,JanuaryFebruaryMarchAprilMayJuneJulyAugustSeptemberOctoberNovemberDecemberJanuaryFebruaryMarchAprilMayJuneJulyAugustSeptemberOctoberNovemberDecember,0
croatia,2018,48.7164183,3.2,5.6,2.6,0,0,0,194,JanuaryFebruaryMarchAprilMayJuneJulyAugustSeptemberOctoberNovemberDecemberJanuaryFebruaryMarchAprilMayJuneJulyAugustSeptemberOctoberNovemberDecember,0
barbados,2018,48.18332937,4.422489136,5.6,2.2,0,0,0,4,JanuaryFebruaryMarchAprilMayJuneJulyAugustSeptemberOctoberNovemberDecemberJanuaryFebruaryMarchAprilMayJuneJulyAugustSeptemberOctoberNovemberDecember,0
qatar,2018,48.06415434,2.3,1.8,6.334261418,0,0,0,0,JanuaryFebruaryMarchAprilMayJuneJulyAugustSeptemberOctoberNovemberDecemberJanuaryFebruaryMarchAprilMayJuneJulyAugustSeptemberOctoberNovemberDecember,0
argentina,2018,46.06992257,4.6,4.2,4.5,0,0,0,2280,JanuaryFebruaryMarchAprilMayJuneJulyAugustSeptemberOctoberNovemberDecemberJanuaryFebruaryMarchAprilMayJuneJulyAugustSeptemberOctoberNovemberDecember,43
latvia,2018,44.89992174,2.7,3.764033879,3.1,0,0,0,0,0,0
italy,2018,43.8,4.8,5.1,3.7,0,0,0,0,0,0
costa rica,2018,43.23672394,3.547397858,4.3,2.1,0,0,0,327,JanuaryFebruaryMarchAprilMayJuneJulyAugustSeptemberOctoberNovemberDecemberJanuaryFebruaryMarchAprilMayJuneJulyAugustSeptemberOctoberNovemberDecember,4
estonia,2018,42.99005364,3,3.440499334,2.4,0,0,0,0,0,0
united arab emirates,2018,42.82924451,3.4,2.5,6.618284381,0,0,0,3,JanuaryFebruaryMarchAprilMayJuneJulyAugustSeptemberOctoberNovemberDecemberJanuaryFebruaryMarchAprilMayJuneJulyAugustSeptemberOctoberNovemberDecember,0
slovak republic,2018,42.47488888,2.1,4.323669754,4.3,0,0,0,0,0,0
poland,2018,41.46116976,2.1,3.9,3.6,0,0,0,0,0,0
spain,2018,41.38298112,3.1,4.9,6.8,0,0,0,0,0,0
chile,2018,40.69103612,3.5,3.5,3,0,0,0,1533,JanuaryFebruaryMarchAprilMayJuneJulyAugustSeptemberOctoberNovemberDecemberJanuaryFebruaryMarchAprilMayJuneJulyAugustSeptemberOctoberNovemberDecember,8
mauritius,2018,40.49020054,2,4.3,2.7,0,0,0,0,0,0
lithuania,2018,39.40955429,2.884212474,4.2,2.4,0,0,0,0,0,0
czech republic,2018,39.04760146,2.9,4.3,5,0,0,0,0,0,0
united states,2018,37.7,3.464329019,2.258378098,2.4,0,0,0,0,0,0
malta,2018,36.20624478,3.3,4,3.6,0,0,0,0,0,0
south korea,2018,35.73391459,2.4,1.969176079,3.9,0,0,0,4023,JanuaryFebruaryMarchAprilMayJuneJulyAugustSeptemberOctoberNovemberDecemberJanuaryFebruaryMarchAprilMayJuneJulyAugustSeptemberOctoberNovemberDecember,0
uruguay,2018,35.44474842,4.1,3.5,0.7,0,0,0,56,JanuaryFebruaryMarchAprilMayJuneJulyAugustSeptemberOctoberNovemberDecemberJanuaryFebruaryMarchAprilMayJuneJulyAugustSeptemberOctoberNovemberDecember,0
japan,2018,34.47489967,1.9,3.8,0.9,0,0,0,1667,JanuaryFebruaryMarchAprilMayJuneJulyAugustSeptemberOctoberNovemberDecemberJanuaryFebruaryMarchAprilMayJuneJulyAugustSeptemberOctoberNovemberDecember,0
united kingdom,2018,34.29882224,3.2,3.6,1.8,0,0,0,0,0,0
france,2018,32.2270111,3.2,4,0.970850032,0,0,0,0,0,0
singapore,2018,30.42120273,1.3,1.7,3.921202731,0,0,0,0,0,0
slovenia,2018,30.33350186,1.3,3.504515186,2.4,0,0,0,0,0,0
belgium,2018,29.65365045,2.3,4.5,1.7,0,0,0,0,0,0
portugal,2018,27.27345054,1,4.8,1.3,0,0,0,0,0,0
austria,2018,26.1818803,1.3,1.909051157,1.4,0,0,0,0,0,0
netherlands,2018,26.16998873,1.8,2.4,1,0,0,0,0,0,0
germany,2018,25.83337236,2,1.9,0.7,0,0,0,0,0,0
canada,2018,21.50558394,2.5,1.776141204,0.7,0,0,0,0,0,0
new zealand,2018,20.88869978,1.5,3.3,0.6,0,0,0,0,0,0
sweden,2018,20.81881233,2.4,1.6,0.8,0,0,0,0,0,0
australia,2018,20.770766,2.4,1.857739096,0.7,0,0,0,0,0,0
luxembourg,2018,20.75727646,1.4,1.298284459,0.7,0,0,0,0,0,0
ireland,2018,20.73930478,2.4,3.1,0.7,0,0,0,0,0,0
iceland,2018,20.3,0.8,3.2,1,0,0,0,0,0,0
denmark,2018,19.78517723,1.4,1.733860103,0.9,0,0,0,0,0,0
switzerland,2018,19.20952631,1.4,2,0.7,0,0,0,0,0,0
norway,2018,18.25872157,1.8,2,0.6,0,0,0,0,0,0
finland,2018,17.93425193,2.2,3.2,0.9,0,0,0,0,0,0
yemen,2019,113.5,10,9.7,9.8,1,0,0,22768,JanuaryFebruaryMarchAprilMayJuneJulyAugustSeptemberOctoberNovemberDecemberJanuaryFebruaryMarchAprilMayJuneJulyAugustSeptemberOctoberNovemberDecember,29144
somalia,2019,112.3,9.6,8.8,9,1,3115,5035,6539,JanuaryFebruaryMarchAprilMayJuneJulyAugustSeptemberOctoberNovemberDecemberJanuaryFebruaryMarchAprilMayJuneJulyAugustSeptemberOctoberNovemberDecember,6032
south sudan,2019,112.2,9.7,9.8,10,1,567,1764,1379,JanuaryFebruaryMarchAprilMayJuneJulyAugustSeptemberOctoberNovemberDecemberJanuaryFebruaryMarchAprilMayJuneJulyAugustSeptemberOctoberNovemberDecember,2779
syria,2019,111.5,9.8,8.8,9.9,1,0,0,40662,JanuaryFebruaryMarchAprilMayJuneJulyAugustSeptemberOctoberNovemberDecemberJanuaryFebruaryMarchAprilMayJuneJulyAugustSeptemberOctoberNovemberDecember,19922
congo democratic republic,2019,110.2,8.8,8.3,9.4,1,0,0,0,0,0
central african republic,2019,108.9,8.6,8.7,9.1,1,304,595,539,JanuaryFebruaryMarchAprilMayJuneJulyAugustSeptemberOctoberNovemberDecemberJanuaryFebruaryMarchAprilMayJuneJulyAugustSeptemberOctoberNovemberDecember,841
chad,2019,108.5,9.5,9,9.6,1,210,560,370,JanuaryFebruaryMarchAprilMayJuneJulyAugustSeptemberOctoberNovemberDecemberJanuaryFebruaryMarchAprilMayJuneJulyAugustSeptemberOctoberNovemberDecember,640
sudan,2019,108,8.4,8.1,9.8,1,1590,781,2424,JanuaryFebruaryMarchAprilMayJuneJulyAugustSeptemberOctoberNovemberDecemberJanuaryFebruaryMarchAprilMayJuneJulyAugustSeptemberOctoberNovemberDecember,1192
afghanistan,2019,105,10,8.6,9,1,0,0,28157,JanuaryFebruaryMarchAprilMayJuneJulyAugustSeptemberOctoberNovemberDecemberJanuaryFebruaryMarchAprilMayJuneJulyAugustSeptemberOctoberNovemberDecember,42901
zimbabwe,2019,99.5,8.8,8.1,9.4,1,197,41,369,JanuaryFebruaryMarchAprilMayJuneJulyAugustSeptemberOctoberNovemberDecemberJanuaryFebruaryMarchAprilMayJuneJulyAugustSeptemberOctoberNovemberDecember,65
guinea,2019,99.4,8.6,8.6,9.8,1,242,45,303,JanuaryFebruaryMarchAprilMayJuneJulyAugustSeptemberOctoberNovemberDecemberJanuaryFebruaryMarchAprilMayJuneJulyAugustSeptemberOctoberNovemberDecember,66
haiti,2019,99.3,7.2,8.4,8.8,1,0,0,1686,JanuaryFebruaryMarchAprilMayJuneJulyAugustSeptemberOctoberNovemberDecemberJanuaryFebruaryMarchAprilMayJuneJulyAugustSeptemberOctoberNovemberDecember,691
iraq,2019,99.1,8.7,5.9,8.9,1,0,0,6301,JanuaryFebruaryMarchAprilMayJuneJulyAugustSeptemberOctoberNovemberDecemberJanuaryFebruaryMarchAprilMayJuneJulyAugustSeptemberOctoberNovemberDecember,4014
nigeria,2019,98.5,9,7.8,8,1,2433,5833,4834,JanuaryFebruaryMarchAprilMayJuneJulyAugustSeptemberOctoberNovemberDecemberJanuaryFebruaryMarchAprilMayJuneJulyAugustSeptemberOctoberNovemberDecember,8367
burundi,2019,98.2,8.6,8.4,9,1,795,303,1932,JanuaryFebruaryMarchAprilMayJuneJulyAugustSeptemberOctoberNovemberDecemberJanuaryFebruaryMarchAprilMayJuneJulyAugustSeptemberOctoberNovemberDecember,496
cameroon,2019,97,8.5,6.5,9.2,1,889,1303,1938,JanuaryFebruaryMarchAprilMayJuneJulyAugustSeptemberOctoberNovemberDecemberJanuaryFebruaryMarchAprilMayJuneJulyAugustSeptemberOctoberNovemberDecember,1907
eritrea,2019,96.4,6.6,7.7,9.4,1,4,0,0,JanuaryFebruaryMarchAprilMayJuneJulyAugustSeptemberOctoberNovemberDecemberJanuaryFebruaryMarchAprilMayJuneJulyAugustSeptemberOctoberNovemberDecember,0
niger,2019,96.2,8.7,7.1,7.3,1,372,670,769,JanuaryFebruaryMarchAprilMayJuneJulyAugustSeptemberOctoberNovemberDecemberJanuaryFebruaryMarchAprilMayJuneJulyAugustSeptemberOctoberNovemberDecember,931
guinea bissau,2019,95.5,8.3,7.7,8.9,1,0,0,0,0,0
uganda,2019,95.3,7.5,6.3,8.6,1,368,162,752,JanuaryFebruaryMarchAprilMayJuneJulyAugustSeptemberOctoberNovemberDecemberJanuaryFebruaryMarchAprilMayJuneJulyAugustSeptemberOctoberNovemberDecember,286
mali,2019,94.5,9.5,7.4,6.5,1,826,1834,1661,JanuaryFebruaryMarchAprilMayJuneJulyAugustSeptemberOctoberNovemberDecemberJanuaryFebruaryMarchAprilMayJuneJulyAugustSeptemberOctoberNovemberDecember,2749
myanmar,2019,94.3,8.7,5.3,8.3,1,0,0,3369,JanuaryFebruaryMarchAprilMayJuneJulyAugustSeptemberOctoberNovemberDecemberJanuaryFebruaryMarchAprilMayJuneJulyAugustSeptemberOctoberNovemberDecember,1842
pakistan,2019,94.2,8.5,6.3,7.9,1,0,0,9218,JanuaryFebruaryMarchAprilMayJuneJulyAugustSeptemberOctoberNovemberDecemberJanuaryFebruaryMarchAprilMayJuneJulyAugustSeptemberOctoberNovemberDecember,1566
ethiopia,2019,94.2,8.2,6.4,8,1,318,667,513,JanuaryFebruaryMarchAprilMayJuneJulyAugustSeptemberOctoberNovemberDecemberJanuaryFebruaryMarchAprilMayJuneJulyAugustSeptemberOctoberNovemberDecember,1010
kenya,2019,93.5,7.9,6.6,8.2,1,513,388,966,JanuaryFebruaryMarchAprilMayJuneJulyAugustSeptemberOctoberNovemberDecemberJanuaryFebruaryMarchAprilMayJuneJulyAugustSeptemberOctoberNovemberDecember,623
north korea,2019,92.7,8.3,8.9,10,1,0,0,12,JanuaryFebruaryMarchAprilMayJuneJulyAugustSeptemberOctoberNovemberDecemberJanuaryFebruaryMarchAprilMayJuneJulyAugustSeptemberOctoberNovemberDecember,18
congo republic,2019,92.5,7,7.6,9,1,0,0,0,0,0
libya,2019,92.2,9,7.7,9.7,1,1477,2301,2934,JanuaryFebruaryMarchAprilMayJuneJulyAugustSeptemberOctoberNovemberDecemberJanuaryFebruaryMarchAprilMayJuneJulyAugustSeptemberOctoberNovemberDecember,2877
cote d'ivoire,2019,92.1,7.4,6.7,7.3,1,0,0,0,0,0
liberia,2019,90.2,6.7,7.9,6.6,1,79,11,115,JanuaryFebruaryMarchAprilMayJuneJulyAugustSeptemberOctoberNovemberDecemberJanuaryFebruaryMarchAprilMayJuneJulyAugustSeptemberOctoberNovemberDecember,21
mauritania,2019,90.1,6.3,7.1,8.3,1,127,3,137,JanuaryFebruaryMarchAprilMayJuneJulyAugustSeptemberOctoberNovemberDecemberJanuaryFebruaryMarchAprilMayJuneJulyAugustSeptemberOctoberNovemberDecember,6
venezuela,2019,89.3,7.4,8.6,9.3,1,0,0,8783,JanuaryFebruaryMarchAprilMayJuneJulyAugustSeptemberOctoberNovemberDecemberJanuaryFebruaryMarchAprilMayJuneJulyAugustSeptemberOctoberNovemberDecember,4861
mozambique,2019,88.7,6.7,8.6,6.8,1,354,693,891,JanuaryFebruaryMarchAprilMayJuneJulyAugustSeptemberOctoberNovemberDecemberJanuaryFebruaryMarchAprilMayJuneJulyAugustSeptemberOctoberNovemberDecember,1058
egypt,2019,88.4,8.2,7.9,8.6,1,699,985,1305,JanuaryFebruaryMarchAprilMayJuneJulyAugustSeptemberOctoberNovemberDecemberJanuaryFebruaryMarchAprilMayJuneJulyAugustSeptemberOctoberNovemberDecember,1117
angola,2019,87.8,6.9,6.6,8,1,63,23,100,JanuaryFebruaryMarchAprilMayJuneJulyAugustSeptemberOctoberNovemberDecemberJanuaryFebruaryMarchAprilMayJuneJulyAugustSeptemberOctoberNovemberDecember,35
bangladesh,2019,87.7,7.6,6.1,7.6,1,0,0,2899,JanuaryFebruaryMarchAprilMayJuneJulyAugustSeptemberOctoberNovemberDecemberJanuaryFebruaryMarchAprilMayJuneJulyAugustSeptemberOctoberNovemberDecember,666
rwanda,2019,87.5,6,6.2,6.8,1,53,85,144,JanuaryFebruaryMarchAprilMayJuneJulyAugustSeptemberOctoberNovemberDecemberJanuaryFebruaryMarchAprilMayJuneJulyAugustSeptemberOctoberNovemberDecember,144
togo,2019,87.4,7,7,8.5,1,29,9,47,JanuaryFebruaryMarchAprilMayJuneJulyAugustSeptemberOctoberNovemberDecemberJanuaryFebruaryMarchAprilMayJuneJulyAugustSeptemberOctoberNovemberDecember,14
sierra leone,2019,86.8,4.4,8.6,6.3,1,125,13,208,JanuaryFebruaryMarchAprilMayJuneJulyAugustSeptemberOctoberNovemberDecemberJanuaryFebruaryMarchAprilMayJuneJulyAugustSeptemberOctoberNovemberDecember,14
zambia,2019,85.7,5.1,7.5,8.1,1,38,10,74,JanuaryFebruaryMarchAprilMayJuneJulyAugustSeptemberOctoberNovemberDecemberJanuaryFebruaryMarchAprilMayJuneJulyAugustSeptemberOctoberNovemberDecember,20
timor-leste,2019,85.5,6.6,7.5,6.1,1,0,0,0,0,0
eswatini,2019,85.3,5.7,9.8,8.5,1,31,3,43,JanuaryFebruaryMarchAprilMayJuneJulyAugustSeptemberOctoberNovemberDecemberJanuaryFebruaryMarchAprilMayJuneJulyAugustSeptemberOctoberNovemberDecember,6
djibouti,2019,85.1,5.9,7,8.1,1,18,4,32,JanuaryFebruaryMarchAprilMayJuneJulyAugustSeptemberOctoberNovemberDecemberJanuaryFebruaryMarchAprilMayJuneJulyAugustSeptemberOctoberNovemberDecember,8
lebanon,2019,85,8.1,6,7.1,1,0,0,3673,JanuaryFebruaryMarchAprilMayJuneJulyAugustSeptemberOctoberNovemberDecemberJanuaryFebruaryMarchAprilMayJuneJulyAugustSeptemberOctoberNovemberDecember,27
nepal,2019,84.7,5.9,5.6,6.6,1,0,0,3709,JanuaryFebruaryMarchAprilMayJuneJulyAugustSeptemberOctoberNovemberDecemberJanuaryFebruaryMarchAprilMayJuneJulyAugustSeptemberOctoberNovemberDecember,82
sri lanka,2019,84,6.8,5.5,6.9,1,0,0,1199,JanuaryFebruaryMarchAprilMayJuneJulyAugustSeptemberOctoberNovemberDecemberJanuaryFebruaryMarchAprilMayJuneJulyAugustSeptemberOctoberNovemberDecember,578
burkina faso,2019,83.9,8.2,6.9,6.5,1,884,2063,1784,JanuaryFebruaryMarchAprilMayJuneJulyAugustSeptemberOctoberNovemberDecemberJanuaryFebruaryMarchAprilMayJuneJulyAugustSeptemberOctoberNovemberDecember,3568
gambia,2019,83.9,6.3,8.4,7.8,1,18,2,25,JanuaryFebruaryMarchAprilMayJuneJulyAugustSeptemberOctoberNovemberDecemberJanuaryFebruaryMarchAprilMayJuneJulyAugustSeptemberOctoberNovemberDecember,3
malawi,2019,83.3,4.8,8,6.1,1,119,27,167,JanuaryFebruaryMarchAprilMayJuneJulyAugustSeptemberOctoberNovemberDecemberJanuaryFebruaryMarchAprilMayJuneJulyAugustSeptemberOctoberNovemberDecember,49
papua new guinea,2019,83.1,6.7,6.4,6.2,1,0,0,0,0,0
philippines,2019,83.1,9.5,4.9,7.2,1,0,0,4407,JanuaryFebruaryMarchAprilMayJuneJulyAugustSeptemberOctoberNovemberDecemberJanuaryFebruaryMarchAprilMayJuneJulyAugustSeptemberOctoberNovemberDecember,2881
iran,2019,83,6.9,6.9,9,1,0,0,2634,JanuaryFebruaryMarchAprilMayJuneJulyAugustSeptemberOctoberNovemberDecemberJanuaryFebruaryMarchAprilMayJuneJulyAugustSeptemberOctoberNovemberDecember,477
equatorial guinea,2019,82.6,5.9,5.9,9.8,1,3,1,7,JanuaryFebruaryMarchAprilMayJuneJulyAugustSeptemberOctoberNovemberDecemberJanuaryFebruaryMarchAprilMayJuneJulyAugustSeptemberOctoberNovemberDecember,2
cambodia,2019,82.5,6.4,5.3,8.7,1,0,0,123,JanuaryFebruaryMarchAprilMayJuneJulyAugustSeptemberOctoberNovemberDecemberJanuaryFebruaryMarchAprilMayJuneJulyAugustSeptemberOctoberNovemberDecember,10
solomon islands,2019,81.9,5.9,7.1,6.2,1,0,0,0,0,0
comoros,2019,81.7,6.5,7.6,7.1,1,0,0,0,0,0
guatemala,2019,81.4,7.1,5.1,6.7,1,0,0,3271,JanuaryFebruaryMarchAprilMayJuneJulyAugustSeptemberOctoberNovemberDecemberJanuaryFebruaryMarchAprilMayJuneJulyAugustSeptemberOctoberNovemberDecember,1635
madagascar,2019,80.9,6.9,7.3,6.5,1,327,348,684,JanuaryFebruaryMarchAprilMayJuneJulyAugustSeptemberOctoberNovemberDecemberJanuaryFebruaryMarchAprilMayJuneJulyAugustSeptemberOctoberNovemberDecember,447
turkey,2019,80.3,7.7,4.6,7.5,1,0,0,5291,JanuaryFebruaryMarchAprilMayJuneJulyAugustSeptemberOctoberNovemberDecemberJanuaryFebruaryMarchAprilMayJuneJulyAugustSeptemberOctoberNovemberDecember,621
tanzania,2019,80.1,5.4,6.2,6.3,1,53,47,105,JanuaryFebruaryMarchAprilMayJuneJulyAugustSeptemberOctoberNovemberDecemberJanuaryFebruaryMarchAprilMayJuneJulyAugustSeptemberOctoberNovemberDecember,83
lesotho,2019,79.7,6.5,8.5,5.3,0,11,6,21,JanuaryFebruaryMarchAprilMayJuneJulyAugustSeptemberOctoberNovemberDecemberJanuaryFebruaryMarchAprilMayJuneJulyAugustSeptemberOctoberNovemberDecember,10
laos,2019,78.7,5,5.4,9,0,0,0,6,JanuaryFebruaryMarchAprilMayJuneJulyAugustSeptemberOctoberNovemberDecemberJanuaryFebruaryMarchAprilMayJuneJulyAugustSeptemberOctoberNovemberDecember,2
nicaragua,2019,78.1,5.8,5.7,8.1,0,0,0,451,JanuaryFebruaryMarchAprilMayJuneJulyAugustSeptemberOctoberNovemberDecemberJanuaryFebruaryMarchAprilMayJuneJulyAugustSeptemberOctoberNovemberDecember,57
honduras,2019,77.8,7,6.1,6.9,0,0,0,3175,JanuaryFebruaryMarchAprilMayJuneJulyAugustSeptemberOctoberNovemberDecemberJanuaryFebruaryMarchAprilMayJuneJulyAugustSeptemberOctoberNovemberDecember,1814
tajikistan,2019,77.7,6.1,6.7,9,0,0,0,71,JanuaryFebruaryMarchAprilMayJuneJulyAugustSeptemberOctoberNovemberDecemberJanuaryFebruaryMarchAprilMayJuneJulyAugustSeptemberOctoberNovemberDecember,81
senegal,2019,77.2,5.6,7.1,4.1,0,53,4,54,JanuaryFebruaryMarchAprilMayJuneJulyAugustSeptemberOctoberNovemberDecemberJanuaryFebruaryMarchAprilMayJuneJulyAugustSeptemberOctoberNovemberDecember,6
israel and west bank,2019,76.5,6.3,4.2,6.2,0,0,0,0,0,0
kyrgyz republic,2019,76.2,6.5,6.4,7.1,0,0,0,0,0,0
jordan,2019,75.9,5.3,6.8,6,0,0,0,864,JanuaryFebruaryMarchAprilMayJuneJulyAugustSeptemberOctoberNovemberDecemberJanuaryFebruaryMarchAprilMayJuneJulyAugustSeptemberOctoberNovemberDecember,29
colombia,2019,75.7,6.9,4.8,5.7,0,0,0,5417,JanuaryFebruaryMarchAprilMayJuneJulyAugustSeptemberOctoberNovemberDecemberJanuaryFebruaryMarchAprilMayJuneJulyAugustSeptemberOctoberNovemberDecember,2417
uzbekistan,2019,75.7,6.8,5.8,9.5,0,0,0,121,JanuaryFebruaryMarchAprilMayJuneJulyAugustSeptemberOctoberNovemberDecemberJanuaryFebruaryMarchAprilMayJuneJulyAugustSeptemberOctoberNovemberDecember,6
algeria,2019,75.4,6.6,6.3,7.4,0,2173,20,2132,JanuaryFebruaryMarchAprilMayJuneJulyAugustSeptemberOctoberNovemberDecemberJanuaryFebruaryMarchAprilMayJuneJulyAugustSeptemberOctoberNovemberDecember,24
russia,2019,74.7,8.3,4.6,8.2,0,0,0,2214,JanuaryFebruaryMarchAprilMayJuneJulyAugustSeptemberOctoberNovemberDecemberJanuaryFebruaryMarchAprilMayJuneJulyAugustSeptemberOctoberNovemberDecember,52
india,2019,74.4,7.2,5.3,4.1,0,0,0,31209,JanuaryFebruaryMarchAprilMayJuneJulyAugustSeptemberOctoberNovemberDecemberJanuaryFebruaryMarchAprilMayJuneJulyAugustSeptemberOctoberNovemberDecember,2264
benin,2019,73.6,5.9,6.5,4.8,0,67,37,95,JanuaryFebruaryMarchAprilMayJuneJulyAugustSeptemberOctoberNovemberDecemberJanuaryFebruaryMarchAprilMayJuneJulyAugustSeptemberOctoberNovemberDecember,49
azerbaijan,2019,73.2,5.8,4.4,9,0,0,0,8845,JanuaryFebruaryMarchAprilMayJuneJulyAugustSeptemberOctoberNovemberDecemberJanuaryFebruaryMarchAprilMayJuneJulyAugustSeptemberOctoberNovemberDecember,15
thailand,2019,73.1,8.4,3.2,7.8,0,0,0,903,JanuaryFebruaryMarchAprilMayJuneJulyAugustSeptemberOctoberNovemberDecemberJanuaryFebruaryMarchAprilMayJuneJulyAugustSeptemberOctoberNovemberDecember,258
morocco,2019,73,5.2,5.2,6.8,0,866,6,907,JanuaryFebruaryMarchAprilMayJuneJulyAugustSeptemberOctoberNovemberDecemberJanuaryFebruaryMarchAprilMayJuneJulyAugustSeptemberOctoberNovemberDecember,9
micronesia,2019,73,4,8.2,4.9,0,0,0,0,0,0
bolivia,2019,72.9,5.9,5.4,6.7,0,0,0,684,JanuaryFebruaryMarchAprilMayJuneJulyAugustSeptemberOctoberNovemberDecemberJanuaryFebruaryMarchAprilMayJuneJulyAugustSeptemberOctoberNovemberDecember,44
georgia,2019,72,6.2,5.6,8.1,0,0,0,908,JanuaryFebruaryMarchAprilMayJuneJulyAugustSeptemberOctoberNovemberDecemberJanuaryFebruaryMarchAprilMayJuneJulyAugustSeptemberOctoberNovemberDecember,5
bhutan,2019,72,3.9,5,3.7,0,0,0,0,0,0
brazil,2019,71.8,7,5,7,0,0,0,19766,JanuaryFebruaryMarchAprilMayJuneJulyAugustSeptemberOctoberNovemberDecemberJanuaryFebruaryMarchAprilMayJuneJulyAugustSeptemberOctoberNovemberDecember,8340
fiji,2019,71.7,6.8,5.9,6.3,0,0,0,0,0,0
turkmenistan,2019,71.4,5.7,5.3,9.7,0,0,0,27,JanuaryFebruaryMarchAprilMayJuneJulyAugustSeptemberOctoberNovemberDecemberJanuaryFebruaryMarchAprilMayJuneJulyAugustSeptemberOctoberNovemberDecember,15
bosnia and herzegovina,2019,71.3,5.4,6.2,6.3,0,0,0,223,JanuaryFebruaryMarchAprilMayJuneJulyAugustSeptemberOctoberNovemberDecemberJanuaryFebruaryMarchAprilMayJuneJulyAugustSeptemberOctoberNovemberDecember,2
ecuador,2019,71.2,6.2,5.7,5.7,0,0,0,461,JanuaryFebruaryMarchAprilMayJuneJulyAugustSeptemberOctoberNovemberDecemberJanuaryFebruaryMarchAprilMayJuneJulyAugustSeptemberOctoberNovemberDecember,16
sao tome and principe,2019,71.1,5,8.2,5,0,0,0,0,0,0
china,2019,71.1,5.6,4.2,8.7,0,0,0,4395,JanuaryFebruaryMarchAprilMayJuneJulyAugustSeptemberOctoberNovemberDecemberJanuaryFebruaryMarchAprilMayJuneJulyAugustSeptemberOctoberNovemberDecember,28
south africa,2019,71.1,6.5,7.3,6.5,0,1602,197,2005,JanuaryFebruaryMarchAprilMayJuneJulyAugustSeptemberOctoberNovemberDecemberJanuaryFebruaryMarchAprilMayJuneJulyAugustSeptemberOctoberNovemberDecember,370
ukraine,2019,71,7.1,6.5,7.6,0,0,0,31492,JanuaryFebruaryMarchAprilMayJuneJulyAugustSeptemberOctoberNovemberDecemberJanuaryFebruaryMarchAprilMayJuneJulyAugustSeptemberOctoberNovemberDecember,457
gabon,2019,70.5,4.8,5.8,7.8,0,47,6,48,JanuaryFebruaryMarchAprilMayJuneJulyAugustSeptemberOctoberNovemberDecemberJanuaryFebruaryMarchAprilMayJuneJulyAugustSeptemberOctoberNovemberDecember,7
saudi arabia,2019,70.4,6,4.2,8.4,0,0,0,498,JanuaryFebruaryMarchAprilMayJuneJulyAugustSeptemberOctoberNovemberDecemberJanuaryFebruaryMarchAprilMayJuneJulyAugustSeptemberOctoberNovemberDecember,1011
indonesia,2019,70.4,5.9,4.5,4.5,0,0,0,1920,JanuaryFebruaryMarchAprilMayJuneJulyAugustSeptemberOctoberNovemberDecemberJanuaryFebruaryMarchAprilMayJuneJulyAugustSeptemberOctoberNovemberDecember,282
tunisia,2019,70.1,7.7,6.7,6.7,0,1442,28,1523,JanuaryFebruaryMarchAprilMayJuneJulyAugustSeptemberOctoberNovemberDecemberJanuaryFebruaryMarchAprilMayJuneJulyAugustSeptemberOctoberNovemberDecember,35
el salvador,2019,69.8,6.9,5.4,4.2,0,0,0,2127,JanuaryFebruaryMarchAprilMayJuneJulyAugustSeptemberOctoberNovemberDecemberJanuaryFebruaryMarchAprilMayJuneJulyAugustSeptemberOctoberNovemberDecember,1406
maldives,2019,69.8,5.8,5.3,8.3,0,0,0,0,0,0
mexico,2019,69.7,8.8,4.5,5.9,0,0,0,26804,JanuaryFebruaryMarchAprilMayJuneJulyAugustSeptemberOctoberNovemberDecemberJanuaryFebruaryMarchAprilMayJuneJulyAugustSeptemberOctoberNovemberDecember,16615
peru,2019,68.2,6.5,3.6,6.6,0,0,0,918,JanuaryFebruaryMarchAprilMayJuneJulyAugustSeptemberOctoberNovemberDecemberJanuaryFebruaryMarchAprilMayJuneJulyAugustSeptemberOctoberNovemberDecember,56
guyana,2019,68.2,6.7,5.8,4.8,0,0,0,58,JanuaryFebruaryMarchAprilMayJuneJulyAugustSeptemberOctoberNovemberDecemberJanuaryFebruaryMarchAprilMayJuneJulyAugustSeptemberOctoberNovemberDecember,4
belarus,2019,68.2,5.5,5.2,8.8,0,0,0,188,JanuaryFebruaryMarchAprilMayJuneJulyAugustSeptemberOctoberNovemberDecemberJanuaryFebruaryMarchAprilMayJuneJulyAugustSeptemberOctoberNovemberDecember,0
serbia,2019,68,5.1,6.2,5.5,0,0,0,1111,JanuaryFebruaryMarchAprilMayJuneJulyAugustSeptemberOctoberNovemberDecemberJanuaryFebruaryMarchAprilMayJuneJulyAugustSeptemberOctoberNovemberDecember,1
moldova,2019,67.1,5.5,5.8,6.3,0,0,0,218,JanuaryFebruaryMarchAprilMayJuneJulyAugustSeptemberOctoberNovemberDecemberJanuaryFebruaryMarchAprilMayJuneJulyAugustSeptemberOctoberNovemberDecember,0
paraguay,2019,67,6.2,4.9,6.8,0,0,0,645,JanuaryFebruaryMarchAprilMayJuneJulyAugustSeptemberOctoberNovemberDecemberJanuaryFebruaryMarchAprilMayJuneJulyAugustSeptemberOctoberNovemberDecember,35
armenia,2019,66.7,4.9,6.5,7.1,0,0,0,3054,JanuaryFebruaryMarchAprilMayJuneJulyAugustSeptemberOctoberNovemberDecemberJanuaryFebruaryMarchAprilMayJuneJulyAugustSeptemberOctoberNovemberDecember,2
cape verde,2019,66.6,5,5.8,4.7,0,0,0,0,0,0
namibia,2019,66.4,5.1,7,3,0,49,4,50,JanuaryFebruaryMarchAprilMayJuneJulyAugustSeptemberOctoberNovemberDecemberJanuaryFebruaryMarchAprilMayJuneJulyAugustSeptemberOctoberNovemberDecember,4
dominican republic,2019,66.2,6.4,4.9,6,0,0,0,80,JanuaryFebruaryMarchAprilMayJuneJulyAugustSeptemberOctoberNovemberDecemberJanuaryFebruaryMarchAprilMayJuneJulyAugustSeptemberOctoberNovemberDecember,32
vietnam,2019,66.1,4.2,4.3,8.4,0,0,0,95,JanuaryFebruaryMarchAprilMayJuneJulyAugustSeptemberOctoberNovemberDecemberJanuaryFebruaryMarchAprilMayJuneJulyAugustSeptemberOctoberNovemberDecember,1
ghana,2019,65.9,4.6,5.7,3.6,0,182,46,291,JanuaryFebruaryMarchAprilMayJuneJulyAugustSeptemberOctoberNovemberDecemberJanuaryFebruaryMarchAprilMayJuneJulyAugustSeptemberOctoberNovemberDecember,65
macedonia,2019,64.6,5.3,6.4,5.7,0,0,0,0,0,0
samoa,2019,64.2,4.1,6.2,4.9,0,0,0,0,0,0
bahrain,2019,63.8,6.3,3.9,8.5,0,0,0,718,JanuaryFebruaryMarchAprilMayJuneJulyAugustSeptemberOctoberNovemberDecemberJanuaryFebruaryMarchAprilMayJuneJulyAugustSeptemberOctoberNovemberDecember,2
belize,2019,62.5,6.9,6.3,4.6,0,0,0,490,JanuaryFebruaryMarchAprilMayJuneJulyAugustSeptemberOctoberNovemberDecemberJanuaryFebruaryMarchAprilMayJuneJulyAugustSeptemberOctoberNovemberDecember,189
suriname,2019,61.9,4.6,7,4.4,0,0,0,22,JanuaryFebruaryMarchAprilMayJuneJulyAugustSeptemberOctoberNovemberDecemberJanuaryFebruaryMarchAprilMayJuneJulyAugustSeptemberOctoberNovemberDecember,14
kazakhstan,2019,61.6,4.6,5.6,8.5,0,0,0,614,JanuaryFebruaryMarchAprilMayJuneJulyAugustSeptemberOctoberNovemberDecemberJanuaryFebruaryMarchAprilMayJuneJulyAugustSeptemberOctoberNovemberDecember,13
jamaica,2019,61.2,6.8,6.5,4.2,0,0,0,733,JanuaryFebruaryMarchAprilMayJuneJulyAugustSeptemberOctoberNovemberDecemberJanuaryFebruaryMarchAprilMayJuneJulyAugustSeptemberOctoberNovemberDecember,523
cuba,2019,60.8,4.6,4.2,7.5,0,0,0,42,JanuaryFebruaryMarchAprilMayJuneJulyAugustSeptemberOctoberNovemberDecemberJanuaryFebruaryMarchAprilMayJuneJulyAugustSeptemberOctoberNovemberDecember,4
malaysia,2019,60.5,5.8,3.1,6.9,0,0,0,262,JanuaryFebruaryMarchAprilMayJuneJulyAugustSeptemberOctoberNovemberDecemberJanuaryFebruaryMarchAprilMayJuneJulyAugustSeptemberOctoberNovemberDecember,26
botswana,2019,59.5,3.8,5.8,2.7,0,12,0,14,JanuaryFebruaryMarchAprilMayJuneJulyAugustSeptemberOctoberNovemberDecemberJanuaryFebruaryMarchAprilMayJuneJulyAugustSeptemberOctoberNovemberDecember,0
albania,2019,58.9,5.1,6,5.7,0,0,0,365,JanuaryFebruaryMarchAprilMayJuneJulyAugustSeptemberOctoberNovemberDecemberJanuaryFebruaryMarchAprilMayJuneJulyAugustSeptemberOctoberNovemberDecember,0
cyprus,2019,57.8,4.1,5.4,4.2,0,0,0,210,JanuaryFebruaryMarchAprilMayJuneJulyAugustSeptemberOctoberNovemberDecemberJanuaryFebruaryMarchAprilMayJuneJulyAugustSeptemberOctoberNovemberDecember,2
grenada,2019,57.6,5.2,5.6,4.9,0,0,0,1,JanuaryFebruaryMarchAprilMayJuneJulyAugustSeptemberOctoberNovemberDecemberJanuaryFebruaryMarchAprilMayJuneJulyAugustSeptemberOctoberNovemberDecember,0
brunei darussalam,2019,57.5,4.5,3.5,7.7,0,0,0,0,0,0
montenegro,2019,55.3,4.6,5.3,4.1,0,0,0,169,JanuaryFebruaryMarchAprilMayJuneJulyAugustSeptemberOctoberNovemberDecemberJanuaryFebruaryMarchAprilMayJuneJulyAugustSeptemberOctoberNovemberDecember,0
seychelles,2019,55.2,5.8,3.9,4.9,0,0,0,0,0,0
antigua and barbuda,2019,54.4,5.7,5.1,4.8,0,0,0,12,JanuaryFebruaryMarchAprilMayJuneJulyAugustSeptemberOctoberNovemberDecemberJanuaryFebruaryMarchAprilMayJuneJulyAugustSeptemberOctoberNovemberDecember,0
mongolia,2019,54.1,3.2,4.8,4.1,0,0,0,85,JanuaryFebruaryMarchAprilMayJuneJulyAugustSeptemberOctoberNovemberDecemberJanuaryFebruaryMarchAprilMayJuneJulyAugustSeptemberOctoberNovemberDecember,0
greece,2019,53.9,4.3,5.7,6.1,0,0,0,1088,JanuaryFebruaryMarchAprilMayJuneJulyAugustSeptemberOctoberNovemberDecemberJanuaryFebruaryMarchAprilMayJuneJulyAugustSeptemberOctoberNovemberDecember,11
kuwait,2019,53.2,3.6,2.4,7.3,0,0,0,22,JanuaryFebruaryMarchAprilMayJuneJulyAugustSeptemberOctoberNovemberDecemberJanuaryFebruaryMarchAprilMayJuneJulyAugustSeptemberOctoberNovemberDecember,0
trinidad and tobago,2019,53,6.5,4.3,3.9,0,0,0,675,JanuaryFebruaryMarchAprilMayJuneJulyAugustSeptemberOctoberNovemberDecemberJanuaryFebruaryMarchAprilMayJuneJulyAugustSeptemberOctoberNovemberDecember,323
bulgaria,2019,50.6,4.3,5.2,3.9,0,0,0,400,JanuaryFebruaryMarchAprilMayJuneJulyAugustSeptemberOctoberNovemberDecemberJanuaryFebruaryMarchAprilMayJuneJulyAugustSeptemberOctoberNovemberDecember,0
oman,2019,50,3.6,4.1,7,0,0,0,3,JanuaryFebruaryMarchAprilMayJuneJulyAugustSeptemberOctoberNovemberDecemberJanuaryFebruaryMarchAprilMayJuneJulyAugustSeptemberOctoberNovemberDecember,0
hungary,2019,49.6,2.7,4.8,6.4,0,0,0,0,0,0
bahamas,2019,48.8,4.9,4.2,3,0,0,0,11,JanuaryFebruaryMarchAprilMayJuneJulyAugustSeptemberOctoberNovemberDecemberJanuaryFebruaryMarchAprilMayJuneJulyAugustSeptemberOctoberNovemberDecember,0
barbados,2019,48,4.6,5.7,1.9,0,0,0,0,JanuaryFebruaryMarchAprilMayJuneJulyAugustSeptemberOctoberNovemberDecemberJanuaryFebruaryMarchAprilMayJuneJulyAugustSeptemberOctoberNovemberDecember,0
romania,2019,47.8,2.5,4.4,5.6,0,0,0,588,JanuaryFebruaryMarchAprilMayJuneJulyAugustSeptemberOctoberNovemberDecemberJanuaryFebruaryMarchAprilMayJuneJulyAugustSeptemberOctoberNovemberDecember,2
croatia,2019,47.5,3,5.3,2.3,0,0,0,274,JanuaryFebruaryMarchAprilMayJuneJulyAugustSeptemberOctoberNovemberDecemberJanuaryFebruaryMarchAprilMayJuneJulyAugustSeptemberOctoberNovemberDecember,6
panama,2019,47,5.2,2.8,2.9,0,0,0,401,JanuaryFebruaryMarchAprilMayJuneJulyAugustSeptemberOctoberNovemberDecemberJanuaryFebruaryMarchAprilMayJuneJulyAugustSeptemberOctoberNovemberDecember,4
argentina,2019,46,4.9,4.9,4.2,0,0,0,1393,JanuaryFebruaryMarchAprilMayJuneJulyAugustSeptemberOctoberNovemberDecemberJanuaryFebruaryMarchAprilMayJuneJulyAugustSeptemberOctoberNovemberDecember,47
qatar,2019,45.4,2,1.5,6.4,0,0,0,4,JanuaryFebruaryMarchAprilMayJuneJulyAugustSeptemberOctoberNovemberDecemberJanuaryFebruaryMarchAprilMayJuneJulyAugustSeptemberOctoberNovemberDecember,0
latvia,2019,43.9,3,3.5,2.8,0,0,0,0,0,0
italy,2019,43.8,5.1,5.2,3.4,0,0,0,0,0,0
poland,2019,42.8,2.4,3.8,4.1,0,0,0,0,0,0
costa rica,2019,42,3.7,4.6,1.8,0,0,0,418,JanuaryFebruaryMarchAprilMayJuneJulyAugustSeptemberOctoberNovemberDecemberJanuaryFebruaryMarchAprilMayJuneJulyAugustSeptemberOctoberNovemberDecember,19
estonia,2019,40.8,2.7,3.1,2.1,0,0,0,0,0,0
spain,2019,40.7,3.4,4.6,6.9,0,0,0,0,0,0
slovak republic,2019,40.5,1.8,4,4.4,0,0,0,0,0,0
united arab emirates,2019,40.1,3.1,2.2,6.6,0,0,0,4,JanuaryFebruaryMarchAprilMayJuneJulyAugustSeptemberOctoberNovemberDecemberJanuaryFebruaryMarchAprilMayJuneJulyAugustSeptemberOctoberNovemberDecember,0
mauritius,2019,38.9,1.7,4.5,2.4,0,0,0,0,0,0
chile,2019,38.9,3.8,3.7,2.7,0,0,0,3605,JanuaryFebruaryMarchAprilMayJuneJulyAugustSeptemberOctoberNovemberDecemberJanuaryFebruaryMarchAprilMayJuneJulyAugustSeptemberOctoberNovemberDecember,56
lithuania,2019,38.1,2.8,3.9,2.1,0,0,0,0,0,0
united states,2019,38,3.5,2.1,2.6,0,0,0,0,0,0
czechia,2019,37.6,3.2,4,4.7,0,0,0,0,0,0
united kingdom,2019,36.7,3.5,3.9,2.3,0,0,0,0,0,0
malta,2019,34.5,3,3.7,3.3,0,0,0,0,0,0
japan,2019,34.3,1.6,3.5,0.9,0,0,0,1329,JanuaryFebruaryMarchAprilMayJuneJulyAugustSeptemberOctoberNovemberDecemberJanuaryFebruaryMarchAprilMayJuneJulyAugustSeptemberOctoberNovemberDecember,0
uruguay,2019,34,4.3,3.8,0.7,0,0,0,80,JanuaryFebruaryMarchAprilMayJuneJulyAugustSeptemberOctoberNovemberDecemberJanuaryFebruaryMarchAprilMayJuneJulyAugustSeptemberOctoberNovemberDecember,6
south korea,2019,33.7,2.1,1.9,3.6,0,0,0,5523,JanuaryFebruaryMarchAprilMayJuneJulyAugustSeptemberOctoberNovemberDecemberJanuaryFebruaryMarchAprilMayJuneJulyAugustSeptemberOctoberNovemberDecember,0
france,2019,32,3.5,3.7,1.5,0,0,0,0,0,0
belgium,2019,28.6,2.6,4.2,1.4,0,0,0,0,0,0
singapore,2019,28.1,1,1.4,3.9,0,0,0,0,0,0
slovenia,2019,28,1,3.2,2.1,0,0,0,0,0,0
portugal,2019,25.3,1,4.5,1,0,0,0,0,0,0
austria,2019,25,1.6,1.6,1.1,0,0,0,0,0,0
netherlands,2019,24.8,2.1,2.1,1,0,0,0,0,0,0
germany,2019,24.7,2.3,1.6,0.7,0,0,0,0,0,0
ireland,2019,20.6,2.7,2.8,0.7,0,0,0,0,0,0
luxembourg,2019,20.4,1.3,1.2,0.7,0,0,0,0,0,0
sweden,2019,20.3,2.7,1.5,0.8,0,0,0,0,0,0
new zealand,2019,20.1,1.4,3.2,0.6,0,0,0,0,0,0
canada,2019,20,2.8,1.5,0.7,0,0,0,0,0,0
iceland,2019,19.8,0.7,3.1,1,0,0,0,0,0,0
australia,2019,19.7,2.7,1.6,1,0,0,0,0,0,0
denmark,2019,19.5,1.3,1.6,0.9,0,0,0,0,0,0
switzerland,2019,18.7,1.1,1.9,0.7,0,0,0,0,0,0
norway,2019,18,2.1,1.9,0.6,0,0,0,0,0,0
finland,2019,16.9,2.5,2.9,0.9,0,0,0,0,0,0
yemen,2020,112.4386938,9.7,9.4,9.889823327,1,0,0,21968,JanuaryFebruaryMarchAprilMayJuneJulyAugustSeptemberOctoberNovemberDecemberJanuaryFebruaryMarchAprilMayJuneJulyAugustSeptemberOctoberNovemberDecember,21002
somalia,2020,110.8889593,9.81132849,9.1,8.888107356,1,3021,3461,6312,JanuaryFebruaryMarchAprilMayJuneJulyAugustSeptemberOctoberNovemberDecemberJanuaryFebruaryMarchAprilMayJuneJulyAugustSeptemberOctoberNovemberDecember,4175
south sudan,2020,110.7521904,9.4,9.5,9.944414608,1,907,2451,2192,JanuaryFebruaryMarchAprilMayJuneJulyAugustSeptemberOctoberNovemberDecemberJanuaryFebruaryMarchAprilMayJuneJulyAugustSeptemberOctoberNovemberDecember,3161
syria,2020,110.7496965,9.9,8.686367258,9.95,1,0,0,23486,JanuaryFebruaryMarchAprilMayJuneJulyAugustSeptemberOctoberNovemberDecemberJanuaryFebruaryMarchAprilMayJuneJulyAugustSeptemberOctoberNovemberDecember,10451
congo democratic republic,2020,109.394621,8.5,8,9.660971454,1,0,0,0,0,0
central african republic,2020,107.4866047,8.3,8.4,8.879978928,1,585,449,1018,JanuaryFebruaryMarchAprilMayJuneJulyAugustSeptemberOctoberNovemberDecemberJanuaryFebruaryMarchAprilMayJuneJulyAugustSeptemberOctoberNovemberDecember,564
chad,2020,106.4338206,9.2,8.5,9.3,1,160,742,316,JanuaryFebruaryMarchAprilMayJuneJulyAugustSeptemberOctoberNovemberDecemberJanuaryFebruaryMarchAprilMayJuneJulyAugustSeptemberOctoberNovemberDecember,840
sudan,2020,104.7658852,8.377030251,8.075022253,9.3,1,1012,951,1717,JanuaryFebruaryMarchAprilMayJuneJulyAugustSeptemberOctoberNovemberDecemberJanuaryFebruaryMarchAprilMayJuneJulyAugustSeptemberOctoberNovemberDecember,1336
afghanistan,2020,102.9011871,9.932962648,8.3,9.00657022,1,0,0,21262,JanuaryFebruaryMarchAprilMayJuneJulyAugustSeptemberOctoberNovemberDecemberJanuaryFebruaryMarchAprilMayJuneJulyAugustSeptemberOctoberNovemberDecember,33393
zimbabwe,2020,99.22085681,8.5,8.6,9.1,1,166,22,322,JanuaryFebruaryMarchAprilMayJuneJulyAugustSeptemberOctoberNovemberDecemberJanuaryFebruaryMarchAprilMayJuneJulyAugustSeptemberOctoberNovemberDecember,37
burundi,2020,97.87602965,8.3,8.5,9.126052153,1,652,332,1538,JanuaryFebruaryMarchAprilMayJuneJulyAugustSeptemberOctoberNovemberDecemberJanuaryFebruaryMarchAprilMayJuneJulyAugustSeptemberOctoberNovemberDecember,523
cameroon,2020,97.85508161,8.2,6.8,8.9,1,1526,1773,3191,JanuaryFebruaryMarchAprilMayJuneJulyAugustSeptemberOctoberNovemberDecemberJanuaryFebruaryMarchAprilMayJuneJulyAugustSeptemberOctoberNovemberDecember,2569
haiti,2020,97.679,6.9,8.5,9.1,1,0,0,1903,JanuaryFebruaryMarchAprilMayJuneJulyAugustSeptemberOctoberNovemberDecemberJanuaryFebruaryMarchAprilMayJuneJulyAugustSeptemberOctoberNovemberDecember,1077
nigeria,2020,97.26751113,8.7,7.851499011,8.1,1,3931,8452,8219,JanuaryFebruaryMarchAprilMayJuneJulyAugustSeptemberOctoberNovemberDecemberJanuaryFebruaryMarchAprilMayJuneJulyAugustSeptemberOctoberNovemberDecember,11292
guinea,2020,97.16761117,8.3,8.3,9.9,1,657,146,854,JanuaryFebruaryMarchAprilMayJuneJulyAugustSeptemberOctoberNovemberDecemberJanuaryFebruaryMarchAprilMayJuneJulyAugustSeptemberOctoberNovemberDecember,175
mali,2020,96.04331296,9.5,7.288617624,7,1,1260,2851,2647,JanuaryFebruaryMarchAprilMayJuneJulyAugustSeptemberOctoberNovemberDecemberJanuaryFebruaryMarchAprilMayJuneJulyAugustSeptemberOctoberNovemberDecember,3814
iraq,2020,95.94116979,8.2,5.6,9.11957262,1,0,0,9856,JanuaryFebruaryMarchAprilMayJuneJulyAugustSeptemberOctoberNovemberDecemberJanuaryFebruaryMarchAprilMayJuneJulyAugustSeptemberOctoberNovemberDecember,3189
eritrea,2020,95.84423073,6.485430947,7.4,9.440290517,1,9,1,14,JanuaryFebruaryMarchAprilMayJuneJulyAugustSeptemberOctoberNovemberDecemberJanuaryFebruaryMarchAprilMayJuneJulyAugustSeptemberOctoberNovemberDecember,2
niger,2020,95.31488303,8.8,6.8,7,1,545,1126,1177,JanuaryFebruaryMarchAprilMayJuneJulyAugustSeptemberOctoberNovemberDecemberJanuaryFebruaryMarchAprilMayJuneJulyAugustSeptemberOctoberNovemberDecember,1546
libya,2020,95.19371849,9.5,8,9.793718492,1,1396,1546,2734,JanuaryFebruaryMarchAprilMayJuneJulyAugustSeptemberOctoberNovemberDecemberJanuaryFebruaryMarchAprilMayJuneJulyAugustSeptemberOctoberNovemberDecember,1939
ethiopia,2020,94.59577635,7.9,6.1,8.5,1,716,4366,1613,JanuaryFebruaryMarchAprilMayJuneJulyAugustSeptemberOctoberNovemberDecemberJanuaryFebruaryMarchAprilMayJuneJulyAugustSeptemberOctoberNovemberDecember,6910
myanmar,2020,94,8.8,5,8,1,0,0,3098,JanuaryFebruaryMarchAprilMayJuneJulyAugustSeptemberOctoberNovemberDecemberJanuaryFebruaryMarchAprilMayJuneJulyAugustSeptemberOctoberNovemberDecember,961
guinea bissau,2020,92.90207551,8,7.4,8.6,1,0,0,0,0,0
uganda,2020,92.77036847,7.2,6,8.3,1,697,299,1394,JanuaryFebruaryMarchAprilMayJuneJulyAugustSeptemberOctoberNovemberDecemberJanuaryFebruaryMarchAprilMayJuneJulyAugustSeptemberOctoberNovemberDecember,390
pakistan,2020,92.07809303,8.2,7.078093033,7.6,1,0,0,9650,JanuaryFebruaryMarchAprilMayJuneJulyAugustSeptemberOctoberNovemberDecemberJanuaryFebruaryMarchAprilMayJuneJulyAugustSeptemberOctoberNovemberDecember,1138
congo republic,2020,92.06819973,7.274583094,7.813483847,9.082993078,1,0,0,0,0,0
mozambique,2020,91.69371296,6.849035223,8.302586288,7.3,1,661,1773,1529,JanuaryFebruaryMarchAprilMayJuneJulyAugustSeptemberOctoberNovemberDecemberJanuaryFebruaryMarchAprilMayJuneJulyAugustSeptemberOctoberNovemberDecember,2600
venezuela,2020,91.15759123,7.244252688,8.7,9.311054291,1,0,0,7288,JanuaryFebruaryMarchAprilMayJuneJulyAugustSeptemberOctoberNovemberDecemberJanuaryFebruaryMarchAprilMayJuneJulyAugustSeptemberOctoberNovemberDecember,3482
kenya,2020,90.31586993,7.660346567,6.529169236,7.9,1,596,364,1119,JanuaryFebruaryMarchAprilMayJuneJulyAugustSeptemberOctoberNovemberDecemberJanuaryFebruaryMarchAprilMayJuneJulyAugustSeptemberOctoberNovemberDecember,540
north korea,2020,90.21129785,8.3,8.6,9.911297845,1,0,0,18,JanuaryFebruaryMarchAprilMayJuneJulyAugustSeptemberOctoberNovemberDecemberJanuaryFebruaryMarchAprilMayJuneJulyAugustSeptemberOctoberNovemberDecember,30
liberia,2020,90.04390059,6.914197978,8.254325069,7.1,1,121,2,189,JanuaryFebruaryMarchAprilMayJuneJulyAugustSeptemberOctoberNovemberDecemberJanuaryFebruaryMarchAprilMayJuneJulyAugustSeptemberOctoberNovemberDecember,4
cote d'ivoire,2020,89.72267369,7.1,6.4,7,1,0,0,0,0,0
mauritania,2020,88.7424686,6.6,6.8,8,1,337,4,352,JanuaryFebruaryMarchAprilMayJuneJulyAugustSeptemberOctoberNovemberDecemberJanuaryFebruaryMarchAprilMayJuneJulyAugustSeptemberOctoberNovemberDecember,6
angola,2020,87.32003903,7.082236505,6.9,8.049776007,1,129,74,250,JanuaryFebruaryMarchAprilMayJuneJulyAugustSeptemberOctoberNovemberDecemberJanuaryFebruaryMarchAprilMayJuneJulyAugustSeptemberOctoberNovemberDecember,113
rwanda,2020,86.0295223,6.055203795,5.908512802,6.861576397,1,47,63,120,JanuaryFebruaryMarchAprilMayJuneJulyAugustSeptemberOctoberNovemberDecemberJanuaryFebruaryMarchAprilMayJuneJulyAugustSeptemberOctoberNovemberDecember,122
egypt,2020,86.00613825,7.9,7.6,8.6,1,643,629,1242,JanuaryFebruaryMarchAprilMayJuneJulyAugustSeptemberOctoberNovemberDecemberJanuaryFebruaryMarchAprilMayJuneJulyAugustSeptemberOctoberNovemberDecember,714
burkina faso,2020,85.92852306,8.7,6.728523061,6.2,1,871,2299,1780,JanuaryFebruaryMarchAprilMayJuneJulyAugustSeptemberOctoberNovemberDecemberJanuaryFebruaryMarchAprilMayJuneJulyAugustSeptemberOctoberNovemberDecember,3375
togo,2020,85.84143116,6.7,6.7,8.5,1,68,14,118,JanuaryFebruaryMarchAprilMayJuneJulyAugustSeptemberOctoberNovemberDecemberJanuaryFebruaryMarchAprilMayJuneJulyAugustSeptemberOctoberNovemberDecember,20
bangladesh,2020,85.7,7.3,5.8,7.3,1,0,0,2334,JanuaryFebruaryMarchAprilMayJuneJulyAugustSeptemberOctoberNovemberDecemberJanuaryFebruaryMarchAprilMayJuneJulyAugustSeptemberOctoberNovemberDecember,489
lebanon,2020,84.72043334,7.8,7,7.4,1,0,0,3196,JanuaryFebruaryMarchAprilMayJuneJulyAugustSeptemberOctoberNovemberDecemberJanuaryFebruaryMarchAprilMayJuneJulyAugustSeptemberOctoberNovemberDecember,53
zambia,2020,84.47412891,4.8,7.802659241,7.8,1,100,40,240,JanuaryFebruaryMarchAprilMayJuneJulyAugustSeptemberOctoberNovemberDecemberJanuaryFebruaryMarchAprilMayJuneJulyAugustSeptemberOctoberNovemberDecember,75
sierra leone,2020,84.35580251,4.1,8.3,6,1,81,31,138,JanuaryFebruaryMarchAprilMayJuneJulyAugustSeptemberOctoberNovemberDecemberJanuaryFebruaryMarchAprilMayJuneJulyAugustSeptemberOctoberNovemberDecember,36
malawi,2020,84.01636088,5.1,7.7,6.6,1,249,60,443,JanuaryFebruaryMarchAprilMayJuneJulyAugustSeptemberOctoberNovemberDecemberJanuaryFebruaryMarchAprilMayJuneJulyAugustSeptemberOctoberNovemberDecember,118
iran,2020,83.38660865,7.2,7.2,9.2,1,0,0,2528,JanuaryFebruaryMarchAprilMayJuneJulyAugustSeptemberOctoberNovemberDecemberJanuaryFebruaryMarchAprilMayJuneJulyAugustSeptemberOctoberNovemberDecember,690
equatorial guinea,2020,83.01620386,6.2,5.731406805,9.834973979,1,7,0,10,JanuaryFebruaryMarchAprilMayJuneJulyAugustSeptemberOctoberNovemberDecemberJanuaryFebruaryMarchAprilMayJuneJulyAugustSeptemberOctoberNovemberDecember,0
swaziland,2020,83,5.4,9.5,8.609707709,1,0,0,0,0,0
djibouti,2020,82.72548312,5.6,6.703470298,8.122012824,1,36,0,47,JanuaryFebruaryMarchAprilMayJuneJulyAugustSeptemberOctoberNovemberDecemberJanuaryFebruaryMarchAprilMayJuneJulyAugustSeptemberOctoberNovemberDecember,0
timor-leste,2020,82.66311378,6.463113775,7.2,5.8,1,0,0,0,0,0
nepal,2020,82.56660215,5.6,5.3,6.3,1,0,0,3808,JanuaryFebruaryMarchAprilMayJuneJulyAugustSeptemberOctoberNovemberDecemberJanuaryFebruaryMarchAprilMayJuneJulyAugustSeptemberOctoberNovemberDecember,62
papua new guinea,2020,82.29729048,7,6.695407592,6.031467132,1,0,0,0,0,0
gambia,2020,82.21463957,6,8.1,7.5,1,29,3,50,JanuaryFebruaryMarchAprilMayJuneJulyAugustSeptemberOctoberNovemberDecemberJanuaryFebruaryMarchAprilMayJuneJulyAugustSeptemberOctoberNovemberDecember,3
sri lanka,2020,81.8,7.1,5.2,6.6,1,0,0,646,JanuaryFebruaryMarchAprilMayJuneJulyAugustSeptemberOctoberNovemberDecemberJanuaryFebruaryMarchAprilMayJuneJulyAugustSeptemberOctoberNovemberDecember,50
comoros,2020,81.24901233,6.5,7.3,7.4,1,24,2,38,JanuaryFebruaryMarchAprilMayJuneJulyAugustSeptemberOctoberNovemberDecemberJanuaryFebruaryMarchAprilMayJuneJulyAugustSeptemberOctoberNovemberDecember,4
philippines,2020,81,9.2,4.6,7.3,1,0,0,3760,JanuaryFebruaryMarchAprilMayJuneJulyAugustSeptemberOctoberNovemberDecemberJanuaryFebruaryMarchAprilMayJuneJulyAugustSeptemberOctoberNovemberDecember,2416
cambodia,2020,80.3083811,6.7,5,8.4,1,0,0,164,JanuaryFebruaryMarchAprilMayJuneJulyAugustSeptemberOctoberNovemberDecemberJanuaryFebruaryMarchAprilMayJuneJulyAugustSeptemberOctoberNovemberDecember,7
solomon islands,2020,79.74524648,5.9,6.8,5.9,0,0,0,0,0,0
madagascar,2020,79.5302988,6.6,7,6.241422871,0,318,358,619,JanuaryFebruaryMarchAprilMayJuneJulyAugustSeptemberOctoberNovemberDecemberJanuaryFebruaryMarchAprilMayJuneJulyAugustSeptemberOctoberNovemberDecember,451
guatemala,2020,79.17634844,7.085676341,4.8,6.4,0,0,0,1910,JanuaryFebruaryMarchAprilMayJuneJulyAugustSeptemberOctoberNovemberDecemberJanuaryFebruaryMarchAprilMayJuneJulyAugustSeptemberOctoberNovemberDecember,858
turkey,2020,79.147394,7.466498354,4.61382376,7.522168277,0,0,0,3934,JanuaryFebruaryMarchAprilMayJuneJulyAugustSeptemberOctoberNovemberDecemberJanuaryFebruaryMarchAprilMayJuneJulyAugustSeptemberOctoberNovemberDecember,403
lesotho,2020,78.2901154,6.680287113,8.44091581,5,0,23,6,41,JanuaryFebruaryMarchAprilMayJuneJulyAugustSeptemberOctoberNovemberDecemberJanuaryFebruaryMarchAprilMayJuneJulyAugustSeptemberOctoberNovemberDecember,12
tanzania,2020,78.14413662,5.475616044,5.916975921,6.4,0,63,47,146,JanuaryFebruaryMarchAprilMayJuneJulyAugustSeptemberOctoberNovemberDecemberJanuaryFebruaryMarchAprilMayJuneJulyAugustSeptemberOctoberNovemberDecember,77
nicaragua,2020,77.07751153,6.1,5.550137528,8.4,0,0,0,250,JanuaryFebruaryMarchAprilMayJuneJulyAugustSeptemberOctoberNovemberDecemberJanuaryFebruaryMarchAprilMayJuneJulyAugustSeptemberOctoberNovemberDecember,56
laos,2020,76.86018745,4.7,5.1,9.047687848,0,0,0,6,JanuaryFebruaryMarchAprilMayJuneJulyAugustSeptemberOctoberNovemberDecemberJanuaryFebruaryMarchAprilMayJuneJulyAugustSeptemberOctoberNovemberDecember,3
honduras,2020,76.788977,7.165667,5.8,7,0,0,0,2446,JanuaryFebruaryMarchAprilMayJuneJulyAugustSeptemberOctoberNovemberDecemberJanuaryFebruaryMarchAprilMayJuneJulyAugustSeptemberOctoberNovemberDecember,1354
colombia,2020,76.61419216,7.231934368,4.827573269,5.8,0,0,0,5889,JanuaryFebruaryMarchAprilMayJuneJulyAugustSeptemberOctoberNovemberDecemberJanuaryFebruaryMarchAprilMayJuneJulyAugustSeptemberOctoberNovemberDecember,3047
tajikistan,2020,75.50515392,6.031020278,6.4,9.01829616,0,0,0,36,JanuaryFebruaryMarchAprilMayJuneJulyAugustSeptemberOctoberNovemberDecemberJanuaryFebruaryMarchAprilMayJuneJulyAugustSeptemberOctoberNovemberDecember,3
jordan,2020,75.42853053,5.506529946,6.5,6.062216892,0,0,0,406,JanuaryFebruaryMarchAprilMayJuneJulyAugustSeptemberOctoberNovemberDecemberJanuaryFebruaryMarchAprilMayJuneJulyAugustSeptemberOctoberNovemberDecember,11
india,2020,75.30743258,6.907432584,5.6,4,0,0,0,22370,JanuaryFebruaryMarchAprilMayJuneJulyAugustSeptemberOctoberNovemberDecemberJanuaryFebruaryMarchAprilMayJuneJulyAugustSeptemberOctoberNovemberDecember,1790
israel and west bank,2020,75.12397172,6,3.9,5.9,0,0,0,0,0,0
bolivia,2020,74.96686956,6.2,5.117912952,7.5,0,0,0,861,JanuaryFebruaryMarchAprilMayJuneJulyAugustSeptemberOctoberNovemberDecemberJanuaryFebruaryMarchAprilMayJuneJulyAugustSeptemberOctoberNovemberDecember,2
algeria,2020,74.5751829,6.317766828,6.2,8.270365823,0,2158,33,2193,JanuaryFebruaryMarchAprilMayJuneJulyAugustSeptemberOctoberNovemberDecemberJanuaryFebruaryMarchAprilMayJuneJulyAugustSeptemberOctoberNovemberDecember,38
senegal,2020,74.56464775,5.382238108,6.906552729,3.8,0,92,3,119,JanuaryFebruaryMarchAprilMayJuneJulyAugustSeptemberOctoberNovemberDecemberJanuaryFebruaryMarchAprilMayJuneJulyAugustSeptemberOctoberNovemberDecember,3
kyrgyz republic,2020,73.92936357,6.520563902,6.1,6.8,0,0,0,0,0,0
uzbekistan,2020,73.10388718,6.5,5.5,9.44051166,0,0,0,281,JanuaryFebruaryMarchAprilMayJuneJulyAugustSeptemberOctoberNovemberDecemberJanuaryFebruaryMarchAprilMayJuneJulyAugustSeptemberOctoberNovemberDecember,8
brazil,2020,72.99411373,7.1,5.241637183,6.7,0,0,0,19896,JanuaryFebruaryMarchAprilMayJuneJulyAugustSeptemberOctoberNovemberDecemberJanuaryFebruaryMarchAprilMayJuneJulyAugustSeptemberOctoberNovemberDecember,8648
russia,2020,72.5585832,8,4.9,8.3,0,0,0,1752,JanuaryFebruaryMarchAprilMayJuneJulyAugustSeptemberOctoberNovemberDecemberJanuaryFebruaryMarchAprilMayJuneJulyAugustSeptemberOctoberNovemberDecember,60
benin,2020,72.54479809,5.6,6.475503201,4.9,0,165,64,359,JanuaryFebruaryMarchAprilMayJuneJulyAugustSeptemberOctoberNovemberDecemberJanuaryFebruaryMarchAprilMayJuneJulyAugustSeptemberOctoberNovemberDecember,96
azerbaijan,2020,71.28215921,5.938549972,4.352511676,9.1,0,0,0,8303,JanuaryFebruaryMarchAprilMayJuneJulyAugustSeptemberOctoberNovemberDecemberJanuaryFebruaryMarchAprilMayJuneJulyAugustSeptemberOctoberNovemberDecember,7212
micronesia,2020,71.23563008,4,7.9,4.6,0,0,0,0,0,0
morocco,2020,71.22105198,5.21430717,5.171686701,6.830895472,0,1383,4,1415,JanuaryFebruaryMarchAprilMayJuneJulyAugustSeptemberOctoberNovemberDecemberJanuaryFebruaryMarchAprilMayJuneJulyAugustSeptemberOctoberNovemberDecember,4
georgia,2020,71.15229518,5.9,5.3,8.5,0,0,0,982,JanuaryFebruaryMarchAprilMayJuneJulyAugustSeptemberOctoberNovemberDecemberJanuaryFebruaryMarchAprilMayJuneJulyAugustSeptemberOctoberNovemberDecember,1
thailand,2020,70.81357975,8.1,3.3,7.60786789,0,0,0,1154,JanuaryFebruaryMarchAprilMayJuneJulyAugustSeptemberOctoberNovemberDecemberJanuaryFebruaryMarchAprilMayJuneJulyAugustSeptemberOctoberNovemberDecember,141
sao tome and principe,2020,70.28190046,5,7.9,4.7,0,2,0,2,JanuaryFebruaryMarchAprilMayJuneJulyAugustSeptemberOctoberNovemberDecemberJanuaryFebruaryMarchAprilMayJuneJulyAugustSeptemberOctoberNovemberDecember,0
bosnia and herzegovina,2020,70.22040622,5.313132802,5.9,6.498533087,0,0,0,148,JanuaryFebruaryMarchAprilMayJuneJulyAugustSeptemberOctoberNovemberDecemberJanuaryFebruaryMarchAprilMayJuneJulyAugustSeptemberOctoberNovemberDecember,0
south africa,2020,70.10724307,6.719999693,7.507130193,6.2,0,1862,181,2327,JanuaryFebruaryMarchAprilMayJuneJulyAugustSeptemberOctoberNovemberDecemberJanuaryFebruaryMarchAprilMayJuneJulyAugustSeptemberOctoberNovemberDecember,345
china,2020,69.8587879,5.799054614,3.9,8.759733286,0,0,0,2645,JanuaryFebruaryMarchAprilMayJuneJulyAugustSeptemberOctoberNovemberDecemberJanuaryFebruaryMarchAprilMayJuneJulyAugustSeptemberOctoberNovemberDecember,18
fiji,2020,69.85212212,6.8,5.6,6,0,0,0,0,0,0
bhutan,2020,69.50902263,3.6,5.00902263,3.4,0,0,0,4,JanuaryFebruaryMarchAprilMayJuneJulyAugustSeptemberOctoberNovemberDecemberJanuaryFebruaryMarchAprilMayJuneJulyAugustSeptemberOctoberNovemberDecember,0
ecuador,2020,69.40303455,6.203034552,5.4,6,0,0,0,501,JanuaryFebruaryMarchAprilMayJuneJulyAugustSeptemberOctoberNovemberDecemberJanuaryFebruaryMarchAprilMayJuneJulyAugustSeptemberOctoberNovemberDecember,23
gabon,2020,69.08700134,5.1,5.692868898,7.82653791,0,36,4,41,JanuaryFebruaryMarchAprilMayJuneJulyAugustSeptemberOctoberNovemberDecemberJanuaryFebruaryMarchAprilMayJuneJulyAugustSeptemberOctoberNovemberDecember,5
turkmenistan,2020,69.05814194,5.4,5,9.707488741,0,0,0,20,JanuaryFebruaryMarchAprilMayJuneJulyAugustSeptemberOctoberNovemberDecemberJanuaryFebruaryMarchAprilMayJuneJulyAugustSeptemberOctoberNovemberDecember,2
ukraine,2020,69.00704176,6.977216186,6.2,7.1,0,0,0,18473,JanuaryFebruaryMarchAprilMayJuneJulyAugustSeptemberOctoberNovemberDecemberJanuaryFebruaryMarchAprilMayJuneJulyAugustSeptemberOctoberNovemberDecember,141
el salvador,2020,68.89464371,7.118394096,5.134327979,4.071053886,0,0,0,1224,JanuaryFebruaryMarchAprilMayJuneJulyAugustSeptemberOctoberNovemberDecemberJanuaryFebruaryMarchAprilMayJuneJulyAugustSeptemberOctoberNovemberDecember,643
saudi arabia,2020,68.8,6,3.9,8.1,0,0,0,116,JanuaryFebruaryMarchAprilMayJuneJulyAugustSeptemberOctoberNovemberDecemberJanuaryFebruaryMarchAprilMayJuneJulyAugustSeptemberOctoberNovemberDecember,64
tunisia,2020,68.12591303,7.4,7.2,6.2,0,1769,15,1831,JanuaryFebruaryMarchAprilMayJuneJulyAugustSeptemberOctoberNovemberDecemberJanuaryFebruaryMarchAprilMayJuneJulyAugustSeptemberOctoberNovemberDecember,18
indonesia,2020,67.84550475,6.074811132,4.2,4.2,0,0,0,2362,JanuaryFebruaryMarchAprilMayJuneJulyAugustSeptemberOctoberNovemberDecemberJanuaryFebruaryMarchAprilMayJuneJulyAugustSeptemberOctoberNovemberDecember,201
peru,2020,67.62810848,6.428108483,3.3,7.1,0,0,0,1482,JanuaryFebruaryMarchAprilMayJuneJulyAugustSeptemberOctoberNovemberDecemberJanuaryFebruaryMarchAprilMayJuneJulyAugustSeptemberOctoberNovemberDecember,46
mexico,2020,67.2,8.8,4.2,5.6,0,0,0,26279,JanuaryFebruaryMarchAprilMayJuneJulyAugustSeptemberOctoberNovemberDecemberJanuaryFebruaryMarchAprilMayJuneJulyAugustSeptemberOctoberNovemberDecember,15254
maldives,2020,66.2,5.8,5,7.8,0,0,0,66,JanuaryFebruaryMarchAprilMayJuneJulyAugustSeptemberOctoberNovemberDecemberJanuaryFebruaryMarchAprilMayJuneJulyAugustSeptemberOctoberNovemberDecember,0
serbia,2020,66.11626144,4.8,5.9,5.2,0,0,0,422,JanuaryFebruaryMarchAprilMayJuneJulyAugustSeptemberOctoberNovemberDecemberJanuaryFebruaryMarchAprilMayJuneJulyAugustSeptemberOctoberNovemberDecember,0
moldova,2020,65.97954328,5.37389237,5.5,6,0,0,0,299,JanuaryFebruaryMarchAprilMayJuneJulyAugustSeptemberOctoberNovemberDecemberJanuaryFebruaryMarchAprilMayJuneJulyAugustSeptemberOctoberNovemberDecember,0
guyana,2020,65.95105985,6.798281028,5.5,4.5,0,0,0,155,JanuaryFebruaryMarchAprilMayJuneJulyAugustSeptemberOctoberNovemberDecemberJanuaryFebruaryMarchAprilMayJuneJulyAugustSeptemberOctoberNovemberDecember,9
belarus,2020,65.7518601,5.451860101,4.9,8.5,0,0,0,2004,JanuaryFebruaryMarchAprilMayJuneJulyAugustSeptemberOctoberNovemberDecemberJanuaryFebruaryMarchAprilMayJuneJulyAugustSeptemberOctoberNovemberDecember,11
paraguay,2020,65.17819422,6.242424227,4.6,6.5,0,0,0,824,JanuaryFebruaryMarchAprilMayJuneJulyAugustSeptemberOctoberNovemberDecemberJanuaryFebruaryMarchAprilMayJuneJulyAugustSeptemberOctoberNovemberDecember,28
namibia,2020,65.09591525,5.084458173,6.933347398,2.96902182,0,89,0,101,JanuaryFebruaryMarchAprilMayJuneJulyAugustSeptemberOctoberNovemberDecemberJanuaryFebruaryMarchAprilMayJuneJulyAugustSeptemberOctoberNovemberDecember,0
cape verde,2020,64.7781709,5.081616017,5.715177946,4.4,0,60,0,66,JanuaryFebruaryMarchAprilMayJuneJulyAugustSeptemberOctoberNovemberDecemberJanuaryFebruaryMarchAprilMayJuneJulyAugustSeptemberOctoberNovemberDecember,0
dominican republic,2020,64.35620205,6.42159378,4.6,6.3,0,0,0,105,JanuaryFebruaryMarchAprilMayJuneJulyAugustSeptemberOctoberNovemberDecemberJanuaryFebruaryMarchAprilMayJuneJulyAugustSeptemberOctoberNovemberDecember,17
armenia,2020,64.2,5.2,6.2,6.6,0,0,0,2830,JanuaryFebruaryMarchAprilMayJuneJulyAugustSeptemberOctoberNovemberDecemberJanuaryFebruaryMarchAprilMayJuneJulyAugustSeptemberOctoberNovemberDecember,33
ghana,2020,64.15816913,4.9,5.4,3.3,0,368,66,634,JanuaryFebruaryMarchAprilMayJuneJulyAugustSeptemberOctoberNovemberDecemberJanuaryFebruaryMarchAprilMayJuneJulyAugustSeptemberOctoberNovemberDecember,115
bahrain,2020,63.88791154,6.165129158,3.720265792,8.334304223,0,0,0,300,JanuaryFebruaryMarchAprilMayJuneJulyAugustSeptemberOctoberNovemberDecemberJanuaryFebruaryMarchAprilMayJuneJulyAugustSeptemberOctoberNovemberDecember,0
vietnam,2020,63.88539721,4.210822323,4,8.323292196,0,0,0,30,JanuaryFebruaryMarchAprilMayJuneJulyAugustSeptemberOctoberNovemberDecemberJanuaryFebruaryMarchAprilMayJuneJulyAugustSeptemberOctoberNovemberDecember,4
samoa,2020,63.29664856,4.1,6.038755758,4.6,0,0,0,0,0,0
macedonia,2020,62.13086385,5,6.1,5.4,0,0,0,0,0,0
belize,2020,60.79466738,7.097421042,6,4.3,0,0,0,402,JanuaryFebruaryMarchAprilMayJuneJulyAugustSeptemberOctoberNovemberDecemberJanuaryFebruaryMarchAprilMayJuneJulyAugustSeptemberOctoberNovemberDecember,136
suriname,2020,60.12230683,4.3,6.7,4.1,0,0,0,54,JanuaryFebruaryMarchAprilMayJuneJulyAugustSeptemberOctoberNovemberDecemberJanuaryFebruaryMarchAprilMayJuneJulyAugustSeptemberOctoberNovemberDecember,2
jamaica,2020,60.02494704,6.879428979,6.2,3.9,0,0,0,709,JanuaryFebruaryMarchAprilMayJuneJulyAugustSeptemberOctoberNovemberDecemberJanuaryFebruaryMarchAprilMayJuneJulyAugustSeptemberOctoberNovemberDecember,455
kazakhstan,2020,59.77010136,4.3,5.3,8.450977839,0,0,0,915,JanuaryFebruaryMarchAprilMayJuneJulyAugustSeptemberOctoberNovemberDecemberJanuaryFebruaryMarchAprilMayJuneJulyAugustSeptemberOctoberNovemberDecember,22
cuba,2020,59.22775698,4.3,4.3,7.2,0,0,0,252,JanuaryFebruaryMarchAprilMayJuneJulyAugustSeptemberOctoberNovemberDecemberJanuaryFebruaryMarchAprilMayJuneJulyAugustSeptemberOctoberNovemberDecember,6
albania,2020,58.75381081,5.072585756,5.773246398,5.8,0,0,0,233,JanuaryFebruaryMarchAprilMayJuneJulyAugustSeptemberOctoberNovemberDecemberJanuaryFebruaryMarchAprilMayJuneJulyAugustSeptemberOctoberNovemberDecember,0
malaysia,2020,57.56189553,5.661895525,2.8,6.6,0,0,0,65,JanuaryFebruaryMarchAprilMayJuneJulyAugustSeptemberOctoberNovemberDecemberJanuaryFebruaryMarchAprilMayJuneJulyAugustSeptemberOctoberNovemberDecember,3
botswana,2020,57.07123297,3.655584307,5.5,2.4,0,14,7,37,JanuaryFebruaryMarchAprilMayJuneJulyAugustSeptemberOctoberNovemberDecemberJanuaryFebruaryMarchAprilMayJuneJulyAugustSeptemberOctoberNovemberDecember,14
brunei darussalam,2020,56.60002752,4.5,3.330551365,7.4,0,0,0,0,0,0
cyprus,2020,56.05796495,3.8,5.1,3.9,0,0,0,265,JanuaryFebruaryMarchAprilMayJuneJulyAugustSeptemberOctoberNovemberDecemberJanuaryFebruaryMarchAprilMayJuneJulyAugustSeptemberOctoberNovemberDecember,0
montenegro,2020,55.46679468,4.9,5,4.075656992,0,0,0,360,JanuaryFebruaryMarchAprilMayJuneJulyAugustSeptemberOctoberNovemberDecemberJanuaryFebruaryMarchAprilMayJuneJulyAugustSeptemberOctoberNovemberDecember,0
grenada,2020,55.24684546,5.090913971,5.3,4.6,0,0,0,2,JanuaryFebruaryMarchAprilMayJuneJulyAugustSeptemberOctoberNovemberDecemberJanuaryFebruaryMarchAprilMayJuneJulyAugustSeptemberOctoberNovemberDecember,0
seychelles,2020,54.67549774,5.747338085,3.6,4.6,0,11,0,8,JanuaryFebruaryMarchAprilMayJuneJulyAugustSeptemberOctoberNovemberDecemberJanuaryFebruaryMarchAprilMayJuneJulyAugustSeptemberOctoberNovemberDecember,0
greece,2020,52.14869722,4.24869722,5.2,5.8,0,0,0,1004,JanuaryFebruaryMarchAprilMayJuneJulyAugustSeptemberOctoberNovemberDecemberJanuaryFebruaryMarchAprilMayJuneJulyAugustSeptemberOctoberNovemberDecember,9
antigua and barbuda,2020,52.06235185,5.7,4.8,4.5,0,0,0,19,JanuaryFebruaryMarchAprilMayJuneJulyAugustSeptemberOctoberNovemberDecemberJanuaryFebruaryMarchAprilMayJuneJulyAugustSeptemberOctoberNovemberDecember,4
trinidad and tobago,2020,51.94514107,6.588957496,4,3.6,0,0,0,601,JanuaryFebruaryMarchAprilMayJuneJulyAugustSeptemberOctoberNovemberDecemberJanuaryFebruaryMarchAprilMayJuneJulyAugustSeptemberOctoberNovemberDecember,282
mongolia,2020,51.93521252,3.215392634,4.5,3.8,0,0,0,69,JanuaryFebruaryMarchAprilMayJuneJulyAugustSeptemberOctoberNovemberDecemberJanuaryFebruaryMarchAprilMayJuneJulyAugustSeptemberOctoberNovemberDecember,0
kuwait,2020,50.89927418,3.3,2.4,7.264738902,0,0,0,18,JanuaryFebruaryMarchAprilMayJuneJulyAugustSeptemberOctoberNovemberDecemberJanuaryFebruaryMarchAprilMayJuneJulyAugustSeptemberOctoberNovemberDecember,1
bahamas,2020,49.86859356,5.2,3.9,2.7,0,0,0,14,JanuaryFebruaryMarchAprilMayJuneJulyAugustSeptemberOctoberNovemberDecemberJanuaryFebruaryMarchAprilMayJuneJulyAugustSeptemberOctoberNovemberDecember,5
bulgaria,2020,49.17165482,4.6,4.9,3.6,0,0,0,922,JanuaryFebruaryMarchAprilMayJuneJulyAugustSeptemberOctoberNovemberDecemberJanuaryFebruaryMarchAprilMayJuneJulyAugustSeptemberOctoberNovemberDecember,0
oman,2020,47.99116057,3.3,4.2,6.912237905,0,0,0,0,JanuaryFebruaryMarchAprilMayJuneJulyAugustSeptemberOctoberNovemberDecemberJanuaryFebruaryMarchAprilMayJuneJulyAugustSeptemberOctoberNovemberDecember,0
hungary,2020,47.62085658,2.573814019,4.5,6.1,0,0,0,206,JanuaryFebruaryMarchAprilMayJuneJulyAugustSeptemberOctoberNovemberDecemberJanuaryFebruaryMarchAprilMayJuneJulyAugustSeptemberOctoberNovemberDecember,0
romania,2020,46.65460149,2.401909753,4.1,5.3,0,0,0,221,JanuaryFebruaryMarchAprilMayJuneJulyAugustSeptemberOctoberNovemberDecemberJanuaryFebruaryMarchAprilMayJuneJulyAugustSeptemberOctoberNovemberDecember,3
barbados,2020,46.40725754,4.653168549,5.4,1.6,0,0,0,13,JanuaryFebruaryMarchAprilMayJuneJulyAugustSeptemberOctoberNovemberDecemberJanuaryFebruaryMarchAprilMayJuneJulyAugustSeptemberOctoberNovemberDecember,4
croatia,2020,46.09452118,2.930126047,5,2.245160106,0,0,0,164,JanuaryFebruaryMarchAprilMayJuneJulyAugustSeptemberOctoberNovemberDecemberJanuaryFebruaryMarchAprilMayJuneJulyAugustSeptemberOctoberNovemberDecember,0
argentina,2020,46.08795043,5.2,5.4,3.9,0,0,0,3084,JanuaryFebruaryMarchAprilMayJuneJulyAugustSeptemberOctoberNovemberDecemberJanuaryFebruaryMarchAprilMayJuneJulyAugustSeptemberOctoberNovemberDecember,40
panama,2020,45.98191489,5.5,2.737761821,2.864981886,0,0,0,409,JanuaryFebruaryMarchAprilMayJuneJulyAugustSeptemberOctoberNovemberDecemberJanuaryFebruaryMarchAprilMayJuneJulyAugustSeptemberOctoberNovemberDecember,8
qatar,2020,43.73987835,1.7,1.2,6.354599815,0,0,0,2,JanuaryFebruaryMarchAprilMayJuneJulyAugustSeptemberOctoberNovemberDecemberJanuaryFebruaryMarchAprilMayJuneJulyAugustSeptemberOctoberNovemberDecember,0
chile,2020,42.51352691,4.1,3.559127813,5.7,0,0,0,2285,JanuaryFebruaryMarchAprilMayJuneJulyAugustSeptemberOctoberNovemberDecemberJanuaryFebruaryMarchAprilMayJuneJulyAugustSeptemberOctoberNovemberDecember,43
italy,2020,42.35313025,5.4,4.9,3.1,0,0,0,5992,JanuaryFebruaryMarchAprilMayJuneJulyAugustSeptemberOctoberNovemberDecemberJanuaryFebruaryMarchAprilMayJuneJulyAugustSeptemberOctoberNovemberDecember,0
latvia,2020,42.31122746,2.851488985,3.2,2.5,0,0,0,72,JanuaryFebruaryMarchAprilMayJuneJulyAugustSeptemberOctoberNovemberDecemberJanuaryFebruaryMarchAprilMayJuneJulyAugustSeptemberOctoberNovemberDecember,0
poland,2020,41.02873392,2.7,3.5,4.2,0,0,0,1851,JanuaryFebruaryMarchAprilMayJuneJulyAugustSeptemberOctoberNovemberDecemberJanuaryFebruaryMarchAprilMayJuneJulyAugustSeptemberOctoberNovemberDecember,0
spain,2020,40.35163336,3.7,4.3,7.2,0,0,0,3529,JanuaryFebruaryMarchAprilMayJuneJulyAugustSeptemberOctoberNovemberDecemberJanuaryFebruaryMarchAprilMayJuneJulyAugustSeptemberOctoberNovemberDecember,0
costa rica,2020,40.18401785,3.832739195,4.626506052,1.5,0,0,0,655,JanuaryFebruaryMarchAprilMayJuneJulyAugustSeptemberOctoberNovemberDecemberJanuaryFebruaryMarchAprilMayJuneJulyAugustSeptemberOctoberNovemberDecember,17
estonia,2020,38.52345451,2.551964379,2.8,1.8,0,0,0,141,JanuaryFebruaryMarchAprilMayJuneJulyAugustSeptemberOctoberNovemberDecemberJanuaryFebruaryMarchAprilMayJuneJulyAugustSeptemberOctoberNovemberDecember,0
united states,2020,38.27275828,3.8,1.841120147,2.9,0,0,0,23192,JanuaryFebruaryMarchAprilMayJuneJulyAugustSeptemberOctoberNovemberDecemberJanuaryFebruaryMarchAprilMayJuneJulyAugustSeptemberOctoberNovemberDecember,127
united kingdom,2020,38.26047536,3.8,4.4,2.9,0,0,0,2473,JanuaryFebruaryMarchAprilMayJuneJulyAugustSeptemberOctoberNovemberDecemberJanuaryFebruaryMarchAprilMayJuneJulyAugustSeptemberOctoberNovemberDecember,10
slovak republic,2020,38.2218146,1.532660509,3.7,4.1,0,0,0,0,0,0
united arab emirates,2020,38.09922512,2.8,1.9,6.52493948,0,0,0,3,JanuaryFebruaryMarchAprilMayJuneJulyAugustSeptemberOctoberNovemberDecemberJanuaryFebruaryMarchAprilMayJuneJulyAugustSeptemberOctoberNovemberDecember,4
mauritius,2020,37.18472003,1.503947921,4.2,2.1,0,64,2,91,JanuaryFebruaryMarchAprilMayJuneJulyAugustSeptemberOctoberNovemberDecemberJanuaryFebruaryMarchAprilMayJuneJulyAugustSeptemberOctoberNovemberDecember,4
lithuania,2020,36.47089084,3.1,3.6,1.8,0,0,0,59,JanuaryFebruaryMarchAprilMayJuneJulyAugustSeptemberOctoberNovemberDecemberJanuaryFebruaryMarchAprilMayJuneJulyAugustSeptemberOctoberNovemberDecember,0
czech republic,2020,35.74161611,2.9,3.7,4.4,0,0,0,231,JanuaryFebruaryMarchAprilMayJuneJulyAugustSeptemberOctoberNovemberDecemberJanuaryFebruaryMarchAprilMayJuneJulyAugustSeptemberOctoberNovemberDecember,0
malta,2020,33.5936458,2.7,3.4,3.4,0,0,0,56,JanuaryFebruaryMarchAprilMayJuneJulyAugustSeptemberOctoberNovemberDecemberJanuaryFebruaryMarchAprilMayJuneJulyAugustSeptemberOctoberNovemberDecember,0
uruguay,2020,33.40577735,4.503199739,3.730804852,0.484636778,0,0,0,68,JanuaryFebruaryMarchAprilMayJuneJulyAugustSeptemberOctoberNovemberDecemberJanuaryFebruaryMarchAprilMayJuneJulyAugustSeptemberOctoberNovemberDecember,4
japan,2020,32.33228912,1.9,3.300527607,0.600972326,0,0,0,1550,JanuaryFebruaryMarchAprilMayJuneJulyAugustSeptemberOctoberNovemberDecemberJanuaryFebruaryMarchAprilMayJuneJulyAugustSeptemberOctoberNovemberDecember,0
south korea,2020,32.01527343,2.4,1.708075429,3.3,0,0,0,5043,JanuaryFebruaryMarchAprilMayJuneJulyAugustSeptemberOctoberNovemberDecemberJanuaryFebruaryMarchAprilMayJuneJulyAugustSeptemberOctoberNovemberDecember,0
france,2020,30.48111107,3.8,3.4,1.2,0,0,0,5657,JanuaryFebruaryMarchAprilMayJuneJulyAugustSeptemberOctoberNovemberDecemberJanuaryFebruaryMarchAprilMayJuneJulyAugustSeptemberOctoberNovemberDecember,18
belgium,2020,27.09814467,2.9,3.9,1.1,0,0,0,828,JanuaryFebruaryMarchAprilMayJuneJulyAugustSeptemberOctoberNovemberDecemberJanuaryFebruaryMarchAprilMayJuneJulyAugustSeptemberOctoberNovemberDecember,0
singapore,2020,26.32619466,1,1.1,3.844749452,0,0,0,2,JanuaryFebruaryMarchAprilMayJuneJulyAugustSeptemberOctoberNovemberDecemberJanuaryFebruaryMarchAprilMayJuneJulyAugustSeptemberOctoberNovemberDecember,0
slovenia,2020,25.84648022,0.710572879,2.9,1.8,0,0,0,133,JanuaryFebruaryMarchAprilMayJuneJulyAugustSeptemberOctoberNovemberDecemberJanuaryFebruaryMarchAprilMayJuneJulyAugustSeptemberOctoberNovemberDecember,0
austria,2020,24.10870308,1.9,1.3,0.8,0,0,0,373,JanuaryFebruaryMarchAprilMayJuneJulyAugustSeptemberOctoberNovemberDecemberJanuaryFebruaryMarchAprilMayJuneJulyAugustSeptemberOctoberNovemberDecember,12
portugal,2020,23.51466331,0.7,4,0.819792044,0,0,0,384,JanuaryFebruaryMarchAprilMayJuneJulyAugustSeptemberOctoberNovemberDecemberJanuaryFebruaryMarchAprilMayJuneJulyAugustSeptemberOctoberNovemberDecember,4
germany,2020,23.18848852,2.6,1.3,0.5,0,0,0,4695,JanuaryFebruaryMarchAprilMayJuneJulyAugustSeptemberOctoberNovemberDecemberJanuaryFebruaryMarchAprilMayJuneJulyAugustSeptemberOctoberNovemberDecember,27
netherlands,2020,22.85983519,2.4,1.824409571,0.7,0,0,0,848,JanuaryFebruaryMarchAprilMayJuneJulyAugustSeptemberOctoberNovemberDecemberJanuaryFebruaryMarchAprilMayJuneJulyAugustSeptemberOctoberNovemberDecember,2
ireland,2020,19.93941688,3,2.5,0.450198862,0,0,0,318,JanuaryFebruaryMarchAprilMayJuneJulyAugustSeptemberOctoberNovemberDecemberJanuaryFebruaryMarchAprilMayJuneJulyAugustSeptemberOctoberNovemberDecember,0
australia,2020,19.74640886,3,1.3,0.7,0,0,0,0,0,0
luxembourg,2020,18.84924041,1,1.5,0.5,0,0,0,36,JanuaryFebruaryMarchAprilMayJuneJulyAugustSeptemberOctoberNovemberDecemberJanuaryFebruaryMarchAprilMayJuneJulyAugustSeptemberOctoberNovemberDecember,0
canada,2020,18.66889851,3.1,1.245088131,0.5,0,0,0,0,0,0
sweden,2020,18.20920195,3,1.506903863,0.5,0,0,0,980,JanuaryFebruaryMarchAprilMayJuneJulyAugustSeptemberOctoberNovemberDecemberJanuaryFebruaryMarchAprilMayJuneJulyAugustSeptemberOctoberNovemberDecember,2
new zealand,2020,17.87989629,1.5,2.9,0.5,0,0,0,0,0,0
iceland,2020,17.8,1,2.8,0.7,0,0,0,32,JanuaryFebruaryMarchAprilMayJuneJulyAugustSeptemberOctoberNovemberDecemberJanuaryFebruaryMarchAprilMayJuneJulyAugustSeptemberOctoberNovemberDecember,6
denmark,2020,17.21358668,1.6,1.3,0.6,0,0,0,630,JanuaryFebruaryMarchAprilMayJuneJulyAugustSeptemberOctoberNovemberDecemberJanuaryFebruaryMarchAprilMayJuneJulyAugustSeptemberOctoberNovemberDecember,2
switzerland,2020,17.0940857,1.4,1.6,0.5,0,0,0,173,JanuaryFebruaryMarchAprilMayJuneJulyAugustSeptemberOctoberNovemberDecemberJanuaryFebruaryMarchAprilMayJuneJulyAugustSeptemberOctoberNovemberDecember,0
norway,2020,16.19121049,1.8,1.691210487,0.5,0,0,0,327,JanuaryFebruaryMarchAprilMayJuneJulyAugustSeptemberOctoberNovemberDecemberJanuaryFebruaryMarchAprilMayJuneJulyAugustSeptemberOctoberNovemberDecember,2
finland,2020,14.62666619,2.8,2.6,0.6,0,0,0,240,JanuaryFebruaryMarchAprilMayJuneJulyAugustSeptemberOctoberNovemberDecemberJanuaryFebruaryMarchAprilMayJuneJulyAugustSeptemberOctoberNovemberDecember,2
yemen,2021,111.7,9.4,9.8,9.9,1,0,0,16591,JanuaryFebruaryMarchAprilMayJuneJulyAugustSeptemberOctoberNovemberDecemberJanuaryFebruaryMarchAprilMayJuneJulyAugustSeptemberOctoberNovemberDecember,19169
somalia,2021,110.9,9.3,9.2,9.2,1,3189,3417,6657,JanuaryFebruaryMarchAprilMayJuneJulyAugustSeptemberOctoberNovemberDecemberJanuaryFebruaryMarchAprilMayJuneJulyAugustSeptemberOctoberNovemberDecember,4047
syria,2021,110.7,9.6,9.6,10,1,0,0,21893,JanuaryFebruaryMarchAprilMayJuneJulyAugustSeptemberOctoberNovemberDecemberJanuaryFebruaryMarchAprilMayJuneJulyAugustSeptemberOctoberNovemberDecember,7745
south sudan,2021,109.4,9.7,9.2,9.5,1,1960,3725,4572,JanuaryFebruaryMarchAprilMayJuneJulyAugustSeptemberOctoberNovemberDecemberJanuaryFebruaryMarchAprilMayJuneJulyAugustSeptemberOctoberNovemberDecember,5496
congo democratic republic,2021,108.4,8.6,8.5,9.2,1,0,0,0,0,0
central african republic,2021,107,8,8.5,9,1,950,1716,1842,JanuaryFebruaryMarchAprilMayJuneJulyAugustSeptemberOctoberNovemberDecemberJanuaryFebruaryMarchAprilMayJuneJulyAugustSeptemberOctoberNovemberDecember,2696
chad,2021,105.8,8.9,8.6,9.4,1,250,827,451,JanuaryFebruaryMarchAprilMayJuneJulyAugustSeptemberOctoberNovemberDecemberJanuaryFebruaryMarchAprilMayJuneJulyAugustSeptemberOctoberNovemberDecember,895
sudan,2021,105.2,8.1,9.1,8.8,1,1591,1657,2732,JanuaryFebruaryMarchAprilMayJuneJulyAugustSeptemberOctoberNovemberDecemberJanuaryFebruaryMarchAprilMayJuneJulyAugustSeptemberOctoberNovemberDecember,2251
afghanistan,2021,102.1,10,9.2,8.7,1,0,0,20109,JanuaryFebruaryMarchAprilMayJuneJulyAugustSeptemberOctoberNovemberDecemberJanuaryFebruaryMarchAprilMayJuneJulyAugustSeptemberOctoberNovemberDecember,44646
zimbabwe,2021,99.1,8.6,9.4,8.8,1,153,25,300,JanuaryFebruaryMarchAprilMayJuneJulyAugustSeptemberOctoberNovemberDecemberJanuaryFebruaryMarchAprilMayJuneJulyAugustSeptemberOctoberNovemberDecember,46
ethiopia,2021,99,8.4,5.9,8.8,1,1905,8538,3803,JanuaryFebruaryMarchAprilMayJuneJulyAugustSeptemberOctoberNovemberDecemberJanuaryFebruaryMarchAprilMayJuneJulyAugustSeptemberOctoberNovemberDecember,12143
nigeria,2021,98,8.8,8.6,8.4,1,4589,10956,9868,JanuaryFebruaryMarchAprilMayJuneJulyAugustSeptemberOctoberNovemberDecemberJanuaryFebruaryMarchAprilMayJuneJulyAugustSeptemberOctoberNovemberDecember,15082
haiti,2021,97.5,6.6,8.9,8.8,1,0,0,2256,JanuaryFebruaryMarchAprilMayJuneJulyAugustSeptemberOctoberNovemberDecemberJanuaryFebruaryMarchAprilMayJuneJulyAugustSeptemberOctoberNovemberDecember,1077
guinea,2021,97.4,8,8.2,10,1,227,28,320,JanuaryFebruaryMarchAprilMayJuneJulyAugustSeptemberOctoberNovemberDecemberJanuaryFebruaryMarchAprilMayJuneJulyAugustSeptemberOctoberNovemberDecember,41
cameroon,2021,97.2,8.3,7,9,1,1488,1549,3008,JanuaryFebruaryMarchAprilMayJuneJulyAugustSeptemberOctoberNovemberDecemberJanuaryFebruaryMarchAprilMayJuneJulyAugustSeptemberOctoberNovemberDecember,2112
burundi,2021,97.1,8,8.8,9.3,1,606,303,1631,JanuaryFebruaryMarchAprilMayJuneJulyAugustSeptemberOctoberNovemberDecemberJanuaryFebruaryMarchAprilMayJuneJulyAugustSeptemberOctoberNovemberDecember,539
eritrea,2021,97,6.2,7.7,9.6,1,4,0,6,JanuaryFebruaryMarchAprilMayJuneJulyAugustSeptemberOctoberNovemberDecemberJanuaryFebruaryMarchAprilMayJuneJulyAugustSeptemberOctoberNovemberDecember,0
libya,2021,97,9.6,9.6,9.9,1,264,115,398,JanuaryFebruaryMarchAprilMayJuneJulyAugustSeptemberOctoberNovemberDecemberJanuaryFebruaryMarchAprilMayJuneJulyAugustSeptemberOctoberNovemberDecember,158
mali,2021,96.6,9.6,7.5,7.5,1,1353,1912,2719,JanuaryFebruaryMarchAprilMayJuneJulyAugustSeptemberOctoberNovemberDecemberJanuaryFebruaryMarchAprilMayJuneJulyAugustSeptemberOctoberNovemberDecember,2440
iraq,2021,96.2,7.9,6.9,8.8,1,0,0,12300,JanuaryFebruaryMarchAprilMayJuneJulyAugustSeptemberOctoberNovemberDecemberJanuaryFebruaryMarchAprilMayJuneJulyAugustSeptemberOctoberNovemberDecember,3108
niger,2021,96,8.9,6.8,7.1,1,431,1498,892,JanuaryFebruaryMarchAprilMayJuneJulyAugustSeptemberOctoberNovemberDecemberJanuaryFebruaryMarchAprilMayJuneJulyAugustSeptemberOctoberNovemberDecember,2263
mozambique,2021,93.9,7.3,8.3,7,1,497,1827,1026,JanuaryFebruaryMarchAprilMayJuneJulyAugustSeptemberOctoberNovemberDecemberJanuaryFebruaryMarchAprilMayJuneJulyAugustSeptemberOctoberNovemberDecember,2346
myanmar,2021,93.8,8.9,4.8,8.1,1,0,0,25916,JanuaryFebruaryMarchAprilMayJuneJulyAugustSeptemberOctoberNovemberDecemberJanuaryFebruaryMarchAprilMayJuneJulyAugustSeptemberOctoberNovemberDecember,14314
uganda,2021,92.9,6.9,6.2,8.4,1,1160,507,2148,JanuaryFebruaryMarchAprilMayJuneJulyAugustSeptemberOctoberNovemberDecemberJanuaryFebruaryMarchAprilMayJuneJulyAugustSeptemberOctoberNovemberDecember,797
venezuela,2021,92.6,7.3,9.8,9.5,1,0,0,5376,JanuaryFebruaryMarchAprilMayJuneJulyAugustSeptemberOctoberNovemberDecemberJanuaryFebruaryMarchAprilMayJuneJulyAugustSeptemberOctoberNovemberDecember,2316
congo republic,2021,92.4,7,9,9.1,1,0,0,0,0,0
guinea bissau,2021,92,7.7,7.6,8.9,1,0,0,0,0,0
cote d'ivoire,2021,90.7,7.2,6.6,7.7,1,0,0,0,0,0
pakistan,2021,90.5,7.9,7.1,7.3,1,0,0,9249,JanuaryFebruaryMarchAprilMayJuneJulyAugustSeptemberOctoberNovemberDecemberJanuaryFebruaryMarchAprilMayJuneJulyAugustSeptemberOctoberNovemberDecember,1758
north korea,2021,90,8,8.9,9.9,1,0,0,70,JanuaryFebruaryMarchAprilMayJuneJulyAugustSeptemberOctoberNovemberDecemberJanuaryFebruaryMarchAprilMayJuneJulyAugustSeptemberOctoberNovemberDecember,26
liberia,2021,89.5,6.6,8.5,6.8,1,54,7,78,JanuaryFebruaryMarchAprilMayJuneJulyAugustSeptemberOctoberNovemberDecemberJanuaryFebruaryMarchAprilMayJuneJulyAugustSeptemberOctoberNovemberDecember,13
kenya,2021,89.2,7.4,6.4,7.6,1,656,503,1270,JanuaryFebruaryMarchAprilMayJuneJulyAugustSeptemberOctoberNovemberDecemberJanuaryFebruaryMarchAprilMayJuneJulyAugustSeptemberOctoberNovemberDecember,742
mauritania,2021,89.1,6.3,7.1,7.9,1,282,1,289,JanuaryFebruaryMarchAprilMayJuneJulyAugustSeptemberOctoberNovemberDecemberJanuaryFebruaryMarchAprilMayJuneJulyAugustSeptemberOctoberNovemberDecember,1
lebanon,2021,89,7.5,9,7.7,1,0,0,3453,JanuaryFebruaryMarchAprilMayJuneJulyAugustSeptemberOctoberNovemberDecemberJanuaryFebruaryMarchAprilMayJuneJulyAugustSeptemberOctoberNovemberDecember,49
angola,2021,89,7.2,8.4,8.2,1,166,150,279,JanuaryFebruaryMarchAprilMayJuneJulyAugustSeptemberOctoberNovemberDecemberJanuaryFebruaryMarchAprilMayJuneJulyAugustSeptemberOctoberNovemberDecember,291
burkina faso,2021,87.1,9,7,5.9,1,1867,2364,3555,JanuaryFebruaryMarchAprilMayJuneJulyAugustSeptemberOctoberNovemberDecemberJanuaryFebruaryMarchAprilMayJuneJulyAugustSeptemberOctoberNovemberDecember,3122
palestine,2021,86,6,7,8.8,1,0,0,11819,JanuaryFebruaryMarchAprilMayJuneJulyAugustSeptemberOctoberNovemberDecemberJanuaryFebruaryMarchAprilMayJuneJulyAugustSeptemberOctoberNovemberDecember,605
togo,2021,85.1,6.4,7.2,8.2,1,34,4,54,JanuaryFebruaryMarchAprilMayJuneJulyAugustSeptemberOctoberNovemberDecemberJanuaryFebruaryMarchAprilMayJuneJulyAugustSeptemberOctoberNovemberDecember,8
bangladesh,2021,85,7,5.5,7.4,1,0,0,3801,JanuaryFebruaryMarchAprilMayJuneJulyAugustSeptemberOctoberNovemberDecemberJanuaryFebruaryMarchAprilMayJuneJulyAugustSeptemberOctoberNovemberDecember,534
egypt,2021,85,7.6,7.3,8.6,1,310,261,633,JanuaryFebruaryMarchAprilMayJuneJulyAugustSeptemberOctoberNovemberDecemberJanuaryFebruaryMarchAprilMayJuneJulyAugustSeptemberOctoberNovemberDecember,315
rwanda,2021,85,5.8,5.8,6.8,1,33,31,81,JanuaryFebruaryMarchAprilMayJuneJulyAugustSeptemberOctoberNovemberDecemberJanuaryFebruaryMarchAprilMayJuneJulyAugustSeptemberOctoberNovemberDecember,54
zambia,2021,84.9,4.5,8.8,7.5,1,113,16,230,JanuaryFebruaryMarchAprilMayJuneJulyAugustSeptemberOctoberNovemberDecemberJanuaryFebruaryMarchAprilMayJuneJulyAugustSeptemberOctoberNovemberDecember,31
iran,2021,84.5,6.9,7.6,9.2,1,0,0,4513,JanuaryFebruaryMarchAprilMayJuneJulyAugustSeptemberOctoberNovemberDecemberJanuaryFebruaryMarchAprilMayJuneJulyAugustSeptemberOctoberNovemberDecember,281
equatorial guinea,2021,84.1,5.9,6.3,9.8,1,3,108,4,JanuaryFebruaryMarchAprilMayJuneJulyAugustSeptemberOctoberNovemberDecemberJanuaryFebruaryMarchAprilMayJuneJulyAugustSeptemberOctoberNovemberDecember,2
sierra leone,2021,83.4,3.8,8.5,5.7,1,28,2,53,JanuaryFebruaryMarchAprilMayJuneJulyAugustSeptemberOctoberNovemberDecemberJanuaryFebruaryMarchAprilMayJuneJulyAugustSeptemberOctoberNovemberDecember,3
malawi,2021,83.2,4.8,7.7,7.1,1,219,44,395,JanuaryFebruaryMarchAprilMayJuneJulyAugustSeptemberOctoberNovemberDecemberJanuaryFebruaryMarchAprilMayJuneJulyAugustSeptemberOctoberNovemberDecember,88
eswatini,2021,82.5,5.1,9.8,8.6,1,186,46,309,JanuaryFebruaryMarchAprilMayJuneJulyAugustSeptemberOctoberNovemberDecemberJanuaryFebruaryMarchAprilMayJuneJulyAugustSeptemberOctoberNovemberDecember,69
comoros,2021,82.5,6.2,7.6,7.7,1,25,0,35,JanuaryFebruaryMarchAprilMayJuneJulyAugustSeptemberOctoberNovemberDecemberJanuaryFebruaryMarchAprilMayJuneJulyAugustSeptemberOctoberNovemberDecember,0
djibouti,2021,82.4,5.3,6.8,8.4,1,29,5,50,JanuaryFebruaryMarchAprilMayJuneJulyAugustSeptemberOctoberNovemberDecemberJanuaryFebruaryMarchAprilMayJuneJulyAugustSeptemberOctoberNovemberDecember,6
philippines,2021,82.4,9.3,5.3,7.4,1,0,0,2874,JanuaryFebruaryMarchAprilMayJuneJulyAugustSeptemberOctoberNovemberDecemberJanuaryFebruaryMarchAprilMayJuneJulyAugustSeptemberOctoberNovemberDecember,1889
nepal,2021,82.2,5.3,5.3,6.4,1,0,0,3612,JanuaryFebruaryMarchAprilMayJuneJulyAugustSeptemberOctoberNovemberDecemberJanuaryFebruaryMarchAprilMayJuneJulyAugustSeptemberOctoberNovemberDecember,14
timor-leste,2021,80.9,6.2,7.7,5.5,1,0,0,0,0,0
papua new guinea,2021,80.9,6.7,7,6,1,0,0,309,JanuaryFebruaryMarchAprilMayJuneJulyAugustSeptemberOctoberNovemberDecemberJanuaryFebruaryMarchAprilMayJuneJulyAugustSeptemberOctoberNovemberDecember,312
cambodia,2021,80.6,6.4,5.2,8.7,1,0,0,79,JanuaryFebruaryMarchAprilMayJuneJulyAugustSeptemberOctoberNovemberDecemberJanuaryFebruaryMarchAprilMayJuneJulyAugustSeptemberOctoberNovemberDecember,4
sri lanka,2021,80.5,6.8,5.6,6.3,1,0,0,1026,JanuaryFebruaryMarchAprilMayJuneJulyAugustSeptemberOctoberNovemberDecemberJanuaryFebruaryMarchAprilMayJuneJulyAugustSeptemberOctoberNovemberDecember,10
gambia,2021,80.5,5.7,8.2,7.2,1,27,1,45,JanuaryFebruaryMarchAprilMayJuneJulyAugustSeptemberOctoberNovemberDecemberJanuaryFebruaryMarchAprilMayJuneJulyAugustSeptemberOctoberNovemberDecember,2
turkey,2021,79.7,7.2,5.3,7.3,0,0,0,3880,JanuaryFebruaryMarchAprilMayJuneJulyAugustSeptemberOctoberNovemberDecemberJanuaryFebruaryMarchAprilMayJuneJulyAugustSeptemberOctoberNovemberDecember,240
madagascar,2021,79.5,6.3,7.3,6.3,0,357,303,662,JanuaryFebruaryMarchAprilMayJuneJulyAugustSeptemberOctoberNovemberDecemberJanuaryFebruaryMarchAprilMayJuneJulyAugustSeptemberOctoberNovemberDecember,390
honduras,2021,79.4,7,6.4,7.1,0,0,0,2595,JanuaryFebruaryMarchAprilMayJuneJulyAugustSeptemberOctoberNovemberDecemberJanuaryFebruaryMarchAprilMayJuneJulyAugustSeptemberOctoberNovemberDecember,1339
guatemala,2021,79.4,6.8,5,6.5,0,0,0,2424,JanuaryFebruaryMarchAprilMayJuneJulyAugustSeptemberOctoberNovemberDecemberJanuaryFebruaryMarchAprilMayJuneJulyAugustSeptemberOctoberNovemberDecember,975
solomon islands,2021,79.3,5.6,7.2,5.6,0,0,0,33,JanuaryFebruaryMarchAprilMayJuneJulyAugustSeptemberOctoberNovemberDecemberJanuaryFebruaryMarchAprilMayJuneJulyAugustSeptemberOctoberNovemberDecember,10
colombia,2021,79.3,6.9,6,5.5,0,0,0,9143,JanuaryFebruaryMarchAprilMayJuneJulyAugustSeptemberOctoberNovemberDecemberJanuaryFebruaryMarchAprilMayJuneJulyAugustSeptemberOctoberNovemberDecember,3641
tanzania,2021,79.3,5.2,5.8,7.5,0,83,44,158,JanuaryFebruaryMarchAprilMayJuneJulyAugustSeptemberOctoberNovemberDecemberJanuaryFebruaryMarchAprilMayJuneJulyAugustSeptemberOctoberNovemberDecember,72
lesotho,2021,77.9,6.4,8.8,4.7,0,30,10,55,JanuaryFebruaryMarchAprilMayJuneJulyAugustSeptemberOctoberNovemberDecemberJanuaryFebruaryMarchAprilMayJuneJulyAugustSeptemberOctoberNovemberDecember,18
nicaragua,2021,77.1,5.8,6,8.6,0,0,0,159,JanuaryFebruaryMarchAprilMayJuneJulyAugustSeptemberOctoberNovemberDecemberJanuaryFebruaryMarchAprilMayJuneJulyAugustSeptemberOctoberNovemberDecember,64
india,2021,77,6.6,7,4.3,0,0,0,20832,JanuaryFebruaryMarchAprilMayJuneJulyAugustSeptemberOctoberNovemberDecemberJanuaryFebruaryMarchAprilMayJuneJulyAugustSeptemberOctoberNovemberDecember,1463
jordan,2021,76.8,5.2,6.9,6.3,0,0,0,421,JanuaryFebruaryMarchAprilMayJuneJulyAugustSeptemberOctoberNovemberDecemberJanuaryFebruaryMarchAprilMayJuneJulyAugustSeptemberOctoberNovemberDecember,9
kyrgyzstan,2021,76.4,6.2,7.1,8,0,0,0,660,JanuaryFebruaryMarchAprilMayJuneJulyAugustSeptemberOctoberNovemberDecemberJanuaryFebruaryMarchAprilMayJuneJulyAugustSeptemberOctoberNovemberDecember,33
laos,2021,76,4.4,5.1,9,0,0,0,3,JanuaryFebruaryMarchAprilMayJuneJulyAugustSeptemberOctoberNovemberDecemberJanuaryFebruaryMarchAprilMayJuneJulyAugustSeptemberOctoberNovemberDecember,1
brazil,2021,75.8,6.8,6.4,7,0,0,0,22766,JanuaryFebruaryMarchAprilMayJuneJulyAugustSeptemberOctoberNovemberDecemberJanuaryFebruaryMarchAprilMayJuneJulyAugustSeptemberOctoberNovemberDecember,9641
azerbaijan,2021,75.1,6.4,4.7,9.1,0,0,0,586,JanuaryFebruaryMarchAprilMayJuneJulyAugustSeptemberOctoberNovemberDecemberJanuaryFebruaryMarchAprilMayJuneJulyAugustSeptemberOctoberNovemberDecember,59
tajikistan,2021,75.1,5.7,6.3,9.2,0,0,0,38,JanuaryFebruaryMarchAprilMayJuneJulyAugustSeptemberOctoberNovemberDecemberJanuaryFebruaryMarchAprilMayJuneJulyAugustSeptemberOctoberNovemberDecember,20
bolivia,2021,74.9,5.9,5.9,7,0,0,0,1080,JanuaryFebruaryMarchAprilMayJuneJulyAugustSeptemberOctoberNovemberDecemberJanuaryFebruaryMarchAprilMayJuneJulyAugustSeptemberOctoberNovemberDecember,14
algeria,2021,73.6,6,6.8,7.8,0,1812,25,1841,JanuaryFebruaryMarchAprilMayJuneJulyAugustSeptemberOctoberNovemberDecemberJanuaryFebruaryMarchAprilMayJuneJulyAugustSeptemberOctoberNovemberDecember,33
russia,2021,73.6,7.7,5.2,8.5,0,0,0,2057,JanuaryFebruaryMarchAprilMayJuneJulyAugustSeptemberOctoberNovemberDecemberJanuaryFebruaryMarchAprilMayJuneJulyAugustSeptemberOctoberNovemberDecember,36
senegal,2021,73.4,5.1,7.3,3.6,0,204,24,268,JanuaryFebruaryMarchAprilMayJuneJulyAugustSeptemberOctoberNovemberDecemberJanuaryFebruaryMarchAprilMayJuneJulyAugustSeptemberOctoberNovemberDecember,31
bosnia and herzegovina,2021,72.9,5,6.4,6.2,0,0,0,148,JanuaryFebruaryMarchAprilMayJuneJulyAugustSeptemberOctoberNovemberDecemberJanuaryFebruaryMarchAprilMayJuneJulyAugustSeptemberOctoberNovemberDecember,0
benin,2021,72.8,5.3,6.7,5.1,0,164,93,320,JanuaryFebruaryMarchAprilMayJuneJulyAugustSeptemberOctoberNovemberDecemberJanuaryFebruaryMarchAprilMayJuneJulyAugustSeptemberOctoberNovemberDecember,148
georgia,2021,72.6,5.6,5.7,8.2,0,0,0,928,JanuaryFebruaryMarchAprilMayJuneJulyAugustSeptemberOctoberNovemberDecemberJanuaryFebruaryMarchAprilMayJuneJulyAugustSeptemberOctoberNovemberDecember,0
uzbekistan,2021,72,6.2,5.4,9.3,0,0,0,348,JanuaryFebruaryMarchAprilMayJuneJulyAugustSeptemberOctoberNovemberDecemberJanuaryFebruaryMarchAprilMayJuneJulyAugustSeptemberOctoberNovemberDecember,8
micronesia,2021,71.7,3.7,8.5,4.3,0,0,0,0,JanuaryFebruaryMarchAprilMayJuneJulyAugustSeptemberOctoberNovemberDecemberJanuaryFebruaryMarchAprilMayJuneJulyAugustSeptemberOctoberNovemberDecember,0
el salvador,2021,71.6,6.6,6.1,4.4,0,0,0,1497,JanuaryFebruaryMarchAprilMayJuneJulyAugustSeptemberOctoberNovemberDecemberJanuaryFebruaryMarchAprilMayJuneJulyAugustSeptemberOctoberNovemberDecember,708
sao tome and principe,2021,71.5,4.7,8.9,4.4,0,9,1,11,JanuaryFebruaryMarchAprilMayJuneJulyAugustSeptemberOctoberNovemberDecemberJanuaryFebruaryMarchAprilMayJuneJulyAugustSeptemberOctoberNovemberDecember,2
morocco,2021,71.5,4.9,6.2,6.8,0,1641,47,1713,JanuaryFebruaryMarchAprilMayJuneJulyAugustSeptemberOctoberNovemberDecemberJanuaryFebruaryMarchAprilMayJuneJulyAugustSeptemberOctoberNovemberDecember,62
peru,2021,71.4,6.1,4.8,7.2,0,0,0,1595,JanuaryFebruaryMarchAprilMayJuneJulyAugustSeptemberOctoberNovemberDecemberJanuaryFebruaryMarchAprilMayJuneJulyAugustSeptemberOctoberNovemberDecember,44
ecuador,2021,71.2,5.9,6.3,5.7,0,0,0,576,JanuaryFebruaryMarchAprilMayJuneJulyAugustSeptemberOctoberNovemberDecemberJanuaryFebruaryMarchAprilMayJuneJulyAugustSeptemberOctoberNovemberDecember,8
thailand,2021,70.9,8.2,3.9,7.7,0,0,0,1334,JanuaryFebruaryMarchAprilMayJuneJulyAugustSeptemberOctoberNovemberDecemberJanuaryFebruaryMarchAprilMayJuneJulyAugustSeptemberOctoberNovemberDecember,91
fiji,2021,70.4,6.5,7.7,5.7,0,0,0,14,JanuaryFebruaryMarchAprilMayJuneJulyAugustSeptemberOctoberNovemberDecemberJanuaryFebruaryMarchAprilMayJuneJulyAugustSeptemberOctoberNovemberDecember,0
south africa,2021,70,6.4,8.3,5.9,0,1980,329,2613,JanuaryFebruaryMarchAprilMayJuneJulyAugustSeptemberOctoberNovemberDecemberJanuaryFebruaryMarchAprilMayJuneJulyAugustSeptemberOctoberNovemberDecember,580
mexico,2021,69.9,8.5,5,5.5,0,0,0,27201,JanuaryFebruaryMarchAprilMayJuneJulyAugustSeptemberOctoberNovemberDecemberJanuaryFebruaryMarchAprilMayJuneJulyAugustSeptemberOctoberNovemberDecember,15033
armenia,2021,69.8,5.7,6.6,6.9,0,0,0,589,JanuaryFebruaryMarchAprilMayJuneJulyAugustSeptemberOctoberNovemberDecemberJanuaryFebruaryMarchAprilMayJuneJulyAugustSeptemberOctoberNovemberDecember,24
ukraine,2021,69.8,6.7,6.8,6.8,0,0,0,15885,JanuaryFebruaryMarchAprilMayJuneJulyAugustSeptemberOctoberNovemberDecemberJanuaryFebruaryMarchAprilMayJuneJulyAugustSeptemberOctoberNovemberDecember,159
saudi arabia,2021,69.7,5.7,4.3,7.8,0,0,0,174,JanuaryFebruaryMarchAprilMayJuneJulyAugustSeptemberOctoberNovemberDecemberJanuaryFebruaryMarchAprilMayJuneJulyAugustSeptemberOctoberNovemberDecember,23
tunisia,2021,69.2,7.1,7.8,5.9,0,1350,19,1409,JanuaryFebruaryMarchAprilMayJuneJulyAugustSeptemberOctoberNovemberDecemberJanuaryFebruaryMarchAprilMayJuneJulyAugustSeptemberOctoberNovemberDecember,24
china,2021,68.9,5.5,3.7,8.5,0,0,0,2498,JanuaryFebruaryMarchAprilMayJuneJulyAugustSeptemberOctoberNovemberDecemberJanuaryFebruaryMarchAprilMayJuneJulyAugustSeptemberOctoberNovemberDecember,25
bhutan,2021,68.3,3.3,5,3.1,0,0,0,6,JanuaryFebruaryMarchAprilMayJuneJulyAugustSeptemberOctoberNovemberDecemberJanuaryFebruaryMarchAprilMayJuneJulyAugustSeptemberOctoberNovemberDecember,0
turkmenistan,2021,68.2,5.1,4.9,9.8,0,0,0,0,JanuaryFebruaryMarchAprilMayJuneJulyAugustSeptemberOctoberNovemberDecemberJanuaryFebruaryMarchAprilMayJuneJulyAugustSeptemberOctoberNovemberDecember,0
belarus,2021,68,5.6,5.1,9,0,0,0,1514,JanuaryFebruaryMarchAprilMayJuneJulyAugustSeptemberOctoberNovemberDecemberJanuaryFebruaryMarchAprilMayJuneJulyAugustSeptemberOctoberNovemberDecember,8
indonesia,2021,67.6,5.8,4.3,4.4,0,0,0,2567,JanuaryFebruaryMarchAprilMayJuneJulyAugustSeptemberOctoberNovemberDecemberJanuaryFebruaryMarchAprilMayJuneJulyAugustSeptemberOctoberNovemberDecember,194
maldives,2021,67.6,5.5,6.5,7.5,0,0,0,66,JanuaryFebruaryMarchAprilMayJuneJulyAugustSeptemberOctoberNovemberDecemberJanuaryFebruaryMarchAprilMayJuneJulyAugustSeptemberOctoberNovemberDecember,0
serbia,2021,67.4,4.5,6.1,5.5,0,0,0,398,JanuaryFebruaryMarchAprilMayJuneJulyAugustSeptemberOctoberNovemberDecemberJanuaryFebruaryMarchAprilMayJuneJulyAugustSeptemberOctoberNovemberDecember,2
gabon,2021,67.4,4.8,5.9,7.5,0,46,4,57,JanuaryFebruaryMarchAprilMayJuneJulyAugustSeptemberOctoberNovemberDecemberJanuaryFebruaryMarchAprilMayJuneJulyAugustSeptemberOctoberNovemberDecember,5
moldova,2021,67,5.1,5.9,5.7,0,0,0,230,JanuaryFebruaryMarchAprilMayJuneJulyAugustSeptemberOctoberNovemberDecemberJanuaryFebruaryMarchAprilMayJuneJulyAugustSeptemberOctoberNovemberDecember,0
bahrain,2021,66.7,5.9,4.1,8,0,0,0,1197,JanuaryFebruaryMarchAprilMayJuneJulyAugustSeptemberOctoberNovemberDecemberJanuaryFebruaryMarchAprilMayJuneJulyAugustSeptemberOctoberNovemberDecember,0
paraguay,2021,66.4,6.3,4.9,6.6,0,0,0,1408,JanuaryFebruaryMarchAprilMayJuneJulyAugustSeptemberOctoberNovemberDecemberJanuaryFebruaryMarchAprilMayJuneJulyAugustSeptemberOctoberNovemberDecember,66
guyana,2021,66.1,7.1,4.5,4.6,0,0,0,58,JanuaryFebruaryMarchAprilMayJuneJulyAugustSeptemberOctoberNovemberDecemberJanuaryFebruaryMarchAprilMayJuneJulyAugustSeptemberOctoberNovemberDecember,2
dominican republic,2021,64.7,6.1,5.1,6,0,0,0,69,JanuaryFebruaryMarchAprilMayJuneJulyAugustSeptemberOctoberNovemberDecemberJanuaryFebruaryMarchAprilMayJuneJulyAugustSeptemberOctoberNovemberDecember,6
north macedonia,2021,64.5,4.7,6.5,5.1,0,0,0,192,JanuaryFebruaryMarchAprilMayJuneJulyAugustSeptemberOctoberNovemberDecemberJanuaryFebruaryMarchAprilMayJuneJulyAugustSeptemberOctoberNovemberDecember,0
namibia,2021,64.3,4.8,7.4,3,0,135,2,166,JanuaryFebruaryMarchAprilMayJuneJulyAugustSeptemberOctoberNovemberDecemberJanuaryFebruaryMarchAprilMayJuneJulyAugustSeptemberOctoberNovemberDecember,4
samoa,2021,64.2,3.8,6.5,4.3,0,0,0,21,JanuaryFebruaryMarchAprilMayJuneJulyAugustSeptemberOctoberNovemberDecemberJanuaryFebruaryMarchAprilMayJuneJulyAugustSeptemberOctoberNovemberDecember,0
cabo verde,2021,64.2,4.8,6.5,4.1,0,0,0,0,0,0
belize,2021,64.2,7.4,7.7,4,0,0,0,426,JanuaryFebruaryMarchAprilMayJuneJulyAugustSeptemberOctoberNovemberDecemberJanuaryFebruaryMarchAprilMayJuneJulyAugustSeptemberOctoberNovemberDecember,125
ghana,2021,63.9,4.6,5.5,3.2,0,213,51,368,JanuaryFebruaryMarchAprilMayJuneJulyAugustSeptemberOctoberNovemberDecemberJanuaryFebruaryMarchAprilMayJuneJulyAugustSeptemberOctoberNovemberDecember,85
vietnam,2021,63.3,3.9,3.9,8.4,0,0,0,7,JanuaryFebruaryMarchAprilMayJuneJulyAugustSeptemberOctoberNovemberDecemberJanuaryFebruaryMarchAprilMayJuneJulyAugustSeptemberOctoberNovemberDecember,0
suriname,2021,61.5,4,7.8,3.8,0,0,0,49,JanuaryFebruaryMarchAprilMayJuneJulyAugustSeptemberOctoberNovemberDecemberJanuaryFebruaryMarchAprilMayJuneJulyAugustSeptemberOctoberNovemberDecember,2
kazakhstan,2021,61.2,4,5.5,8.2,0,0,0,1149,JanuaryFebruaryMarchAprilMayJuneJulyAugustSeptemberOctoberNovemberDecemberJanuaryFebruaryMarchAprilMayJuneJulyAugustSeptemberOctoberNovemberDecember,6
jamaica,2021,61.2,6.6,6.9,3.6,0,0,0,842,JanuaryFebruaryMarchAprilMayJuneJulyAugustSeptemberOctoberNovemberDecemberJanuaryFebruaryMarchAprilMayJuneJulyAugustSeptemberOctoberNovemberDecember,542
cuba,2021,59.5,4,4.8,7.4,0,0,0,422,JanuaryFebruaryMarchAprilMayJuneJulyAugustSeptemberOctoberNovemberDecemberJanuaryFebruaryMarchAprilMayJuneJulyAugustSeptemberOctoberNovemberDecember,1
albania,2021,59,4.8,6.4,5.5,0,0,0,202,JanuaryFebruaryMarchAprilMayJuneJulyAugustSeptemberOctoberNovemberDecemberJanuaryFebruaryMarchAprilMayJuneJulyAugustSeptemberOctoberNovemberDecember,1
montenegro,2021,58.5,4.6,6,3.6,0,0,0,226,JanuaryFebruaryMarchAprilMayJuneJulyAugustSeptemberOctoberNovemberDecemberJanuaryFebruaryMarchAprilMayJuneJulyAugustSeptemberOctoberNovemberDecember,0
cyprus,2021,57.4,3.5,5.6,4,0,0,0,371,JanuaryFebruaryMarchAprilMayJuneJulyAugustSeptemberOctoberNovemberDecemberJanuaryFebruaryMarchAprilMayJuneJulyAugustSeptemberOctoberNovemberDecember,0
botswana,2021,57,3.4,6.6,2.4,0,11,1,21,JanuaryFebruaryMarchAprilMayJuneJulyAugustSeptemberOctoberNovemberDecemberJanuaryFebruaryMarchAprilMayJuneJulyAugustSeptemberOctoberNovemberDecember,2
malaysia,2021,56.9,5.4,3.3,6.3,0,0,0,139,JanuaryFebruaryMarchAprilMayJuneJulyAugustSeptemberOctoberNovemberDecemberJanuaryFebruaryMarchAprilMayJuneJulyAugustSeptemberOctoberNovemberDecember,19
seychelles,2021,56.3,5.4,5.1,4.3,0,2,0,2,JanuaryFebruaryMarchAprilMayJuneJulyAugustSeptemberOctoberNovemberDecemberJanuaryFebruaryMarchAprilMayJuneJulyAugustSeptemberOctoberNovemberDecember,0
brunei darussalam,2021,56.3,4.2,3.3,7.1,0,0,0,0,0,0
grenada,2021,56.1,4.8,6.3,4.3,0,0,0,8,JanuaryFebruaryMarchAprilMayJuneJulyAugustSeptemberOctoberNovemberDecemberJanuaryFebruaryMarchAprilMayJuneJulyAugustSeptemberOctoberNovemberDecember,0
antigua and barbuda,2021,54.9,5.4,6.9,4.2,0,0,0,18,JanuaryFebruaryMarchAprilMayJuneJulyAugustSeptemberOctoberNovemberDecemberJanuaryFebruaryMarchAprilMayJuneJulyAugustSeptemberOctoberNovemberDecember,0
greece,2021,54.5,3.9,6,5.5,0,0,0,892,JanuaryFebruaryMarchAprilMayJuneJulyAugustSeptemberOctoberNovemberDecemberJanuaryFebruaryMarchAprilMayJuneJulyAugustSeptemberOctoberNovemberDecember,13
kuwait,2021,52.9,3,3,7,0,0,0,11,JanuaryFebruaryMarchAprilMayJuneJulyAugustSeptemberOctoberNovemberDecemberJanuaryFebruaryMarchAprilMayJuneJulyAugustSeptemberOctoberNovemberDecember,0
trinidad and tobago,2021,52.9,6.9,4.4,3.3,0,0,0,816,JanuaryFebruaryMarchAprilMayJuneJulyAugustSeptemberOctoberNovemberDecemberJanuaryFebruaryMarchAprilMayJuneJulyAugustSeptemberOctoberNovemberDecember,345
bahamas,2021,52.4,4.9,5.1,2.4,0,0,0,20,JanuaryFebruaryMarchAprilMayJuneJulyAugustSeptemberOctoberNovemberDecemberJanuaryFebruaryMarchAprilMayJuneJulyAugustSeptemberOctoberNovemberDecember,4
mongolia,2021,52.3,2.9,5.1,3.8,0,0,0,130,JanuaryFebruaryMarchAprilMayJuneJulyAugustSeptemberOctoberNovemberDecemberJanuaryFebruaryMarchAprilMayJuneJulyAugustSeptemberOctoberNovemberDecember,0
bulgaria,2021,51.6,4.3,5.2,3.7,0,0,0,503,JanuaryFebruaryMarchAprilMayJuneJulyAugustSeptemberOctoberNovemberDecemberJanuaryFebruaryMarchAprilMayJuneJulyAugustSeptemberOctoberNovemberDecember,0
hungary,2021,51.1,2.4,5,6.4,0,0,0,154,JanuaryFebruaryMarchAprilMayJuneJulyAugustSeptemberOctoberNovemberDecemberJanuaryFebruaryMarchAprilMayJuneJulyAugustSeptemberOctoberNovemberDecember,0
romania,2021,51,2.1,4.5,5,0,0,0,482,JanuaryFebruaryMarchAprilMayJuneJulyAugustSeptemberOctoberNovemberDecemberJanuaryFebruaryMarchAprilMayJuneJulyAugustSeptemberOctoberNovemberDecember,0
oman,2021,50.4,3,5,6.9,0,0,0,22,JanuaryFebruaryMarchAprilMayJuneJulyAugustSeptemberOctoberNovemberDecemberJanuaryFebruaryMarchAprilMayJuneJulyAugustSeptemberOctoberNovemberDecember,4
argentina,2021,50.1,4.9,7.1,4,0,0,0,3181,JanuaryFebruaryMarchAprilMayJuneJulyAugustSeptemberOctoberNovemberDecemberJanuaryFebruaryMarchAprilMayJuneJulyAugustSeptemberOctoberNovemberDecember,33
croatia,2021,49.8,2.6,5.7,2.3,0,0,0,198,JanuaryFebruaryMarchAprilMayJuneJulyAugustSeptemberOctoberNovemberDecemberJanuaryFebruaryMarchAprilMayJuneJulyAugustSeptemberOctoberNovemberDecember,0
panama,2021,48.7,5.2,3.7,3.1,0,0,0,525,JanuaryFebruaryMarchAprilMayJuneJulyAugustSeptemberOctoberNovemberDecemberJanuaryFebruaryMarchAprilMayJuneJulyAugustSeptemberOctoberNovemberDecember,10
barbados,2021,47,4.4,6.3,1.4,0,0,0,3,JanuaryFebruaryMarchAprilMayJuneJulyAugustSeptemberOctoberNovemberDecemberJanuaryFebruaryMarchAprilMayJuneJulyAugustSeptemberOctoberNovemberDecember,0
italy,2021,45.2,5.1,5.7,2.8,0,0,0,7723,JanuaryFebruaryMarchAprilMayJuneJulyAugustSeptemberOctoberNovemberDecemberJanuaryFebruaryMarchAprilMayJuneJulyAugustSeptemberOctoberNovemberDecember,2
spain,2021,44.8,3.4,5.3,6.9,0,0,0,4923,JanuaryFebruaryMarchAprilMayJuneJulyAugustSeptemberOctoberNovemberDecemberJanuaryFebruaryMarchAprilMayJuneJulyAugustSeptemberOctoberNovemberDecember,8
united states,2021,44.6,4.3,2.1,3.5,0,0,0,13766,JanuaryFebruaryMarchAprilMayJuneJulyAugustSeptemberOctoberNovemberDecemberJanuaryFebruaryMarchAprilMayJuneJulyAugustSeptemberOctoberNovemberDecember,163
chile,2021,44.1,3.8,4.2,5.2,0,0,0,1782,JanuaryFebruaryMarchAprilMayJuneJulyAugustSeptemberOctoberNovemberDecemberJanuaryFebruaryMarchAprilMayJuneJulyAugustSeptemberOctoberNovemberDecember,31
qatar,2021,44.1,1.4,1.6,6.4,0,0,0,15,JanuaryFebruaryMarchAprilMayJuneJulyAugustSeptemberOctoberNovemberDecemberJanuaryFebruaryMarchAprilMayJuneJulyAugustSeptemberOctoberNovemberDecember,0
latvia,2021,44,2.6,3.7,2.2,0,0,0,63,JanuaryFebruaryMarchAprilMayJuneJulyAugustSeptemberOctoberNovemberDecemberJanuaryFebruaryMarchAprilMayJuneJulyAugustSeptemberOctoberNovemberDecember,0
poland,2021,43.1,2.4,3.8,4.3,0,0,0,1987,JanuaryFebruaryMarchAprilMayJuneJulyAugustSeptemberOctoberNovemberDecemberJanuaryFebruaryMarchAprilMayJuneJulyAugustSeptemberOctoberNovemberDecember,2
israel,2021,43,2.4,1.2,3.3,0,0,0,2072,JanuaryFebruaryMarchAprilMayJuneJulyAugustSeptemberOctoberNovemberDecemberJanuaryFebruaryMarchAprilMayJuneJulyAugustSeptemberOctoberNovemberDecember,42
costa rica,2021,42.5,3.5,5.2,1.3,0,0,0,234,JanuaryFebruaryMarchAprilMayJuneJulyAugustSeptemberOctoberNovemberDecemberJanuaryFebruaryMarchAprilMayJuneJulyAugustSeptemberOctoberNovemberDecember,6
united kingdom,2021,41.5,3.5,5.2,3.2,0,0,0,1844,JanuaryFebruaryMarchAprilMayJuneJulyAugustSeptemberOctoberNovemberDecemberJanuaryFebruaryMarchAprilMayJuneJulyAugustSeptemberOctoberNovemberDecember,10
united arab emirates,2021,40.3,2.5,2.4,6.4,0,0,0,9,JanuaryFebruaryMarchAprilMayJuneJulyAugustSeptemberOctoberNovemberDecemberJanuaryFebruaryMarchAprilMayJuneJulyAugustSeptemberOctoberNovemberDecember,0
estonia,2021,39.5,2.3,3.2,1.5,0,0,0,117,JanuaryFebruaryMarchAprilMayJuneJulyAugustSeptemberOctoberNovemberDecemberJanuaryFebruaryMarchAprilMayJuneJulyAugustSeptemberOctoberNovemberDecember,2
czechia,2021,39.3,2.6,4.2,4.1,0,0,0,0,0,0
slovakia,2021,39,1.2,4.3,3.8,0,0,0,112,JanuaryFebruaryMarchAprilMayJuneJulyAugustSeptemberOctoberNovemberDecemberJanuaryFebruaryMarchAprilMayJuneJulyAugustSeptemberOctoberNovemberDecember,0
lithuania,2021,38.7,2.8,3.7,1.5,0,0,0,151,JanuaryFebruaryMarchAprilMayJuneJulyAugustSeptemberOctoberNovemberDecemberJanuaryFebruaryMarchAprilMayJuneJulyAugustSeptemberOctoberNovemberDecember,0
mauritius,2021,38.1,1.2,5.4,2.1,0,121,2,154,JanuaryFebruaryMarchAprilMayJuneJulyAugustSeptemberOctoberNovemberDecemberJanuaryFebruaryMarchAprilMayJuneJulyAugustSeptemberOctoberNovemberDecember,4
malta,2021,36.2,2.4,4,3.1,0,0,0,81,JanuaryFebruaryMarchAprilMayJuneJulyAugustSeptemberOctoberNovemberDecemberJanuaryFebruaryMarchAprilMayJuneJulyAugustSeptemberOctoberNovemberDecember,0
uruguay,2021,35.9,4.2,4.4,0.5,0,0,0,58,JanuaryFebruaryMarchAprilMayJuneJulyAugustSeptemberOctoberNovemberDecemberJanuaryFebruaryMarchAprilMayJuneJulyAugustSeptemberOctoberNovemberDecember,0
south korea,2021,32.5,2.1,1.9,3,0,0,0,6373,JanuaryFebruaryMarchAprilMayJuneJulyAugustSeptemberOctoberNovemberDecemberJanuaryFebruaryMarchAprilMayJuneJulyAugustSeptemberOctoberNovemberDecember,0
france,2021,32.5,3.5,4.2,0.9,0,0,0,8850,JanuaryFebruaryMarchAprilMayJuneJulyAugustSeptemberOctoberNovemberDecemberJanuaryFebruaryMarchAprilMayJuneJulyAugustSeptemberOctoberNovemberDecember,5
japan,2021,32.2,1.8,3.7,0.5,0,0,0,1429,JanuaryFebruaryMarchAprilMayJuneJulyAugustSeptemberOctoberNovemberDecemberJanuaryFebruaryMarchAprilMayJuneJulyAugustSeptemberOctoberNovemberDecember,0
belgium,2021,31,2.6,4.6,0.8,0,0,0,858,JanuaryFebruaryMarchAprilMayJuneJulyAugustSeptemberOctoberNovemberDecemberJanuaryFebruaryMarchAprilMayJuneJulyAugustSeptemberOctoberNovemberDecember,3
slovenia,2021,28.2,0.5,3.4,1.9,0,0,0,144,JanuaryFebruaryMarchAprilMayJuneJulyAugustSeptemberOctoberNovemberDecemberJanuaryFebruaryMarchAprilMayJuneJulyAugustSeptemberOctoberNovemberDecember,0
portugal,2021,26.8,0.5,4.8,0.8,0,0,0,622,JanuaryFebruaryMarchAprilMayJuneJulyAugustSeptemberOctoberNovemberDecemberJanuaryFebruaryMarchAprilMayJuneJulyAugustSeptemberOctoberNovemberDecember,0
singapore,2021,26.6,0.7,1.6,3.7,0,0,0,3,JanuaryFebruaryMarchAprilMayJuneJulyAugustSeptemberOctoberNovemberDecemberJanuaryFebruaryMarchAprilMayJuneJulyAugustSeptemberOctoberNovemberDecember,0
austria,2021,26.1,1.6,1.8,0.6,0,0,0,593,JanuaryFebruaryMarchAprilMayJuneJulyAugustSeptemberOctoberNovemberDecemberJanuaryFebruaryMarchAprilMayJuneJulyAugustSeptemberOctoberNovemberDecember,0
germany,2021,24.8,2.3,1.8,0.5,0,0,0,4541,JanuaryFebruaryMarchAprilMayJuneJulyAugustSeptemberOctoberNovemberDecemberJanuaryFebruaryMarchAprilMayJuneJulyAugustSeptemberOctoberNovemberDecember,18
netherlands,2021,24.1,2.2,2.2,0.5,0,0,0,860,JanuaryFebruaryMarchAprilMayJuneJulyAugustSeptemberOctoberNovemberDecemberJanuaryFebruaryMarchAprilMayJuneJulyAugustSeptemberOctoberNovemberDecember,2
ireland,2021,22.2,2.7,2.7,0.5,0,0,0,222,JanuaryFebruaryMarchAprilMayJuneJulyAugustSeptemberOctoberNovemberDecemberJanuaryFebruaryMarchAprilMayJuneJulyAugustSeptemberOctoberNovemberDecember,0
australia,2021,21.8,2.7,1.6,0.5,0,0,0,725,JanuaryFebruaryMarchAprilMayJuneJulyAugustSeptemberOctoberNovemberDecemberJanuaryFebruaryMarchAprilMayJuneJulyAugustSeptemberOctoberNovemberDecember,0
canada,2021,21.7,2.8,2,0.5,0,0,0,1781,JanuaryFebruaryMarchAprilMayJuneJulyAugustSeptemberOctoberNovemberDecemberJanuaryFebruaryMarchAprilMayJuneJulyAugustSeptemberOctoberNovemberDecember,16
sweden,2021,21.4,2.7,1.9,0.5,0,0,0,1248,JanuaryFebruaryMarchAprilMayJuneJulyAugustSeptemberOctoberNovemberDecemberJanuaryFebruaryMarchAprilMayJuneJulyAugustSeptemberOctoberNovemberDecember,0
luxembourg,2021,21.1,0.7,2.6,0.5,0,0,0,34,JanuaryFebruaryMarchAprilMayJuneJulyAugustSeptemberOctoberNovemberDecemberJanuaryFebruaryMarchAprilMayJuneJulyAugustSeptemberOctoberNovemberDecember,0
switzerland,2021,19.9,1.6,2,0.5,0,0,0,240,JanuaryFebruaryMarchAprilMayJuneJulyAugustSeptemberOctoberNovemberDecemberJanuaryFebruaryMarchAprilMayJuneJulyAugustSeptemberOctoberNovemberDecember,0
denmark,2021,18.8,1.7,1.7,0.5,0,0,0,839,JanuaryFebruaryMarchAprilMayJuneJulyAugustSeptemberOctoberNovemberDecemberJanuaryFebruaryMarchAprilMayJuneJulyAugustSeptemberOctoberNovemberDecember,0
new zealand,2021,18.4,1.4,3.4,0.5,0,0,0,243,JanuaryFebruaryMarchAprilMayJuneJulyAugustSeptemberOctoberNovemberDecemberJanuaryFebruaryMarchAprilMayJuneJulyAugustSeptemberOctoberNovemberDecember,2
iceland,2021,18,0.7,3.4,0.5,0,0,0,34,JanuaryFebruaryMarchAprilMayJuneJulyAugustSeptemberOctoberNovemberDecemberJanuaryFebruaryMarchAprilMayJuneJulyAugustSeptemberOctoberNovemberDecember,0
norway,2021,16.6,1.8,1.9,0.5,0,0,0,315,JanuaryFebruaryMarchAprilMayJuneJulyAugustSeptemberOctoberNovemberDecemberJanuaryFebruaryMarchAprilMayJuneJulyAugustSeptemberOctoberNovemberDecember,0
finland,2021,16.2,2.5,2.9,0.5,0,0,0,270,JanuaryFebruaryMarchAprilMayJuneJulyAugustSeptemberOctoberNovemberDecemberJanuaryFebruaryMarchAprilMayJuneJulyAugustSeptemberOctoberNovemberDecember,2
yemen,2022,111.7,9.1,9.9,9.9,1,0,0,14902,JanuaryFebruaryMarchAprilMayJuneJulyAugustSeptemberOctoberNovemberDecemberJanuaryFebruaryMarchAprilMayJuneJulyAugustSeptemberOctoberNovemberDecember,7820
somalia,2022,110.5,9.4,9.1,9.5,1,3593,6795,6888,JanuaryFebruaryMarchAprilMayJuneJulyAugustSeptemberOctoberNovemberDecemberJanuaryFebruaryMarchAprilMayJuneJulyAugustSeptemberOctoberNovemberDecember,7568
syria,2022,108.4,9.5,9.3,10,1,0,0,24733,JanuaryFebruaryMarchAprilMayJuneJulyAugustSeptemberOctoberNovemberDecemberJanuaryFebruaryMarchAprilMayJuneJulyAugustSeptemberOctoberNovemberDecember,7412
south sudan,2022,108.4,9.8,8.9,9.6,1,2203,3899,4489,JanuaryFebruaryMarchAprilMayJuneJulyAugustSeptemberOctoberNovemberDecemberJanuaryFebruaryMarchAprilMayJuneJulyAugustSeptemberOctoberNovemberDecember,5484
central african republic,2022,108.1,8.3,8.2,9.2,1,419,971,749,JanuaryFebruaryMarchAprilMayJuneJulyAugustSeptemberOctoberNovemberDecemberJanuaryFebruaryMarchAprilMayJuneJulyAugustSeptemberOctoberNovemberDecember,1521
congo democratic republic,2022,107.3,8.7,8.3,9.3,1,0,0,0,0,0
sudan,2022,107.1,8.2,9.2,9.3,1,2782,2161,4314,JanuaryFebruaryMarchAprilMayJuneJulyAugustSeptemberOctoberNovemberDecemberJanuaryFebruaryMarchAprilMayJuneJulyAugustSeptemberOctoberNovemberDecember,2780
afghanistan,2022,105.9,10,9.3,9.2,1,0,0,6629,JanuaryFebruaryMarchAprilMayJuneJulyAugustSeptemberOctoberNovemberDecemberJanuaryFebruaryMarchAprilMayJuneJulyAugustSeptemberOctoberNovemberDecember,5509
chad,2022,105.7,8.6,8.7,9.4,1,274,761,442,JanuaryFebruaryMarchAprilMayJuneJulyAugustSeptemberOctoberNovemberDecemberJanuaryFebruaryMarchAprilMayJuneJulyAugustSeptemberOctoberNovemberDecember,843
myanmar,2022,100,9,7.5,9.1,1,0,0,30509,JanuaryFebruaryMarchAprilMayJuneJulyAugustSeptemberOctoberNovemberDecemberJanuaryFebruaryMarchAprilMayJuneJulyAugustSeptemberOctoberNovemberDecember,27426
haiti,2022,99.7,6.3,8.6,9.8,1,0,0,2816,JanuaryFebruaryMarchAprilMayJuneJulyAugustSeptemberOctoberNovemberDecemberJanuaryFebruaryMarchAprilMayJuneJulyAugustSeptemberOctoberNovemberDecember,2306
guinea,2022,99.6,9,7.9,10,1,234,40,306,JanuaryFebruaryMarchAprilMayJuneJulyAugustSeptemberOctoberNovemberDecemberJanuaryFebruaryMarchAprilMayJuneJulyAugustSeptemberOctoberNovemberDecember,53
ethiopia,2022,99.3,8.5,6,8.5,1,1608,6457,3221,JanuaryFebruaryMarchAprilMayJuneJulyAugustSeptemberOctoberNovemberDecemberJanuaryFebruaryMarchAprilMayJuneJulyAugustSeptemberOctoberNovemberDecember,9381
mali,2022,98.6,9.7,7.2,8.5,1,1934,4909,3497,JanuaryFebruaryMarchAprilMayJuneJulyAugustSeptemberOctoberNovemberDecemberJanuaryFebruaryMarchAprilMayJuneJulyAugustSeptemberOctoberNovemberDecember,7090
zimbabwe,2022,97.8,8.7,9.1,8.9,1,214,35,459,JanuaryFebruaryMarchAprilMayJuneJulyAugustSeptemberOctoberNovemberDecemberJanuaryFebruaryMarchAprilMayJuneJulyAugustSeptemberOctoberNovemberDecember,65
nigeria,2022,97.2,8.9,8.3,8.5,1,4998,11042,10606,JanuaryFebruaryMarchAprilMayJuneJulyAugustSeptemberOctoberNovemberDecemberJanuaryFebruaryMarchAprilMayJuneJulyAugustSeptemberOctoberNovemberDecember,14946
cameroon,2022,96,8.4,6.5,8.7,1,2251,1682,4201,JanuaryFebruaryMarchAprilMayJuneJulyAugustSeptemberOctoberNovemberDecemberJanuaryFebruaryMarchAprilMayJuneJulyAugustSeptemberOctoberNovemberDecember,2352
eritrea,2022,95.9,5.9,7.4,9.6,1,12,0,9,MarchMaySeptemberMarchMaySeptember,0
burundi,2022,95.4,7.7,8.3,9.4,1,471,266,1098,JanuaryFebruaryMarchAprilMayJuneJulyAugustSeptemberOctoberNovemberDecemberJanuaryFebruaryMarchAprilMayJuneJulyAugustSeptemberOctoberNovemberDecember,416
niger,2022,95.2,8.6,6.5,6.8,1,1002,1020,1580,JanuaryFebruaryMarchAprilMayJuneJulyAugustSeptemberOctoberNovemberDecemberJanuaryFebruaryMarchAprilMayJuneJulyAugustSeptemberOctoberNovemberDecember,1408
libya,2022,94.3,9.3,8.6,9.4,1,264,167,406,JanuaryFebruaryMarchAprilMayJuneJulyAugustSeptemberOctoberNovemberDecemberJanuaryFebruaryMarchAprilMayJuneJulyAugustSeptemberOctoberNovemberDecember,199
mozambique,2022,94.3,7.3,8,6.8,1,636,926,1371,JanuaryFebruaryMarchAprilMayJuneJulyAugustSeptemberOctoberNovemberDecemberJanuaryFebruaryMarchAprilMayJuneJulyAugustSeptemberOctoberNovemberDecember,1385
iraq,2022,93.8,7.8,6.6,8.3,1,0,0,13565,JanuaryFebruaryMarchAprilMayJuneJulyAugustSeptemberOctoberNovemberDecemberJanuaryFebruaryMarchAprilMayJuneJulyAugustSeptemberOctoberNovemberDecember,2558
congo republic,2022,92.2,6.7,9.3,9.1,1,0,0,0,0,0
uganda,2022,92.1,6.6,6.2,8.5,1,678,373,1333,JanuaryFebruaryMarchAprilMayJuneJulyAugustSeptemberOctoberNovemberDecemberJanuaryFebruaryMarchAprilMayJuneJulyAugustSeptemberOctoberNovemberDecember,580
venezuela,2022,91.6,7,9.9,9.6,1,0,0,4326,JanuaryFebruaryMarchAprilMayJuneJulyAugustSeptemberOctoberNovemberDecemberJanuaryFebruaryMarchAprilMayJuneJulyAugustSeptemberOctoberNovemberDecember,1368
guinea bissau,2022,91.3,7.4,7.5,9,1,0,0,0,0,0
lebanon,2022,91.3,7.6,9.1,7.8,1,0,0,1523,JanuaryFebruaryMarchAprilMayJuneJulyAugustSeptemberOctoberNovemberDecemberJanuaryFebruaryMarchAprilMayJuneJulyAugustSeptemberOctoberNovemberDecember,46
burkina faso,2022,90.5,8.7,6.9,6.4,1,2793,4297,4178,JanuaryFebruaryMarchAprilMayJuneJulyAugustSeptemberOctoberNovemberDecemberJanuaryFebruaryMarchAprilMayJuneJulyAugustSeptemberOctoberNovemberDecember,5652
pakistan,2022,89.7,7.9,6.6,7.4,1,0,0,10966,JanuaryFebruaryMarchAprilMayJuneJulyAugustSeptemberOctoberNovemberDecemberJanuaryFebruaryMarchAprilMayJuneJulyAugustSeptemberOctoberNovemberDecember,2290
côte d'ivoire,2022,89.6,6.9,6.3,7.8,1,0,0,0,0,0
north korea,2022,89.1,7.7,8.6,9.9,1,0,0,53,JanuaryFebruaryMarchAugustSeptemberOctoberNovemberDecemberJanuaryFebruaryMarchAugustSeptemberOctoberNovemberDecember,68
liberia,2022,88.2,6.3,8.2,6.5,1,58,11,98,JanuaryFebruaryMarchAprilMayJuneJulyAugustOctoberNovemberDecemberJanuaryFebruaryMarchAprilMayJuneJulyAugustOctoberNovemberDecember,20
kenya,2022,88.2,7.1,6.3,7.3,1,1883,705,3350,JanuaryFebruaryMarchAprilMayJuneJulyAugustSeptemberOctoberNovemberDecemberJanuaryFebruaryMarchAprilMayJuneJulyAugustSeptemberOctoberNovemberDecember,1146
angola,2022,88.1,6.9,8.3,8.3,1,184,108,297,JanuaryFebruaryMarchAprilMayJuneJulyAugustSeptemberOctoberNovemberDecemberJanuaryFebruaryMarchAprilMayJuneJulyAugustSeptemberOctoberNovemberDecember,160
mauritania,2022,87.9,6,6.6,7.9,1,234,6,234,FebruaryAprilJulyAugustSeptemberDecemberFebruaryAprilJulyAugustSeptemberDecember,9
palestine,2022,85.6,6.1,6.5,8.8,1,0,0,14472,JanuaryFebruaryMarchAprilMayJuneJulyAugustSeptemberOctoberNovemberDecemberJanuaryFebruaryMarchAprilMayJuneJulyAugustSeptemberOctoberNovemberDecember,279
bangladesh,2022,84.5,6.7,5.4,7.4,1,0,0,3646,JanuaryFebruaryMarchAprilMayJuneJulyAugustSeptemberOctoberNovemberDecemberJanuaryFebruaryMarchAprilMayJuneJulyAugustSeptemberOctoberNovemberDecember,496
equatorial guinea,2022,84.1,5.6,6.6,9.8,1,3,4,2,SeptemberSeptember,4
iran,2022,84.1,6.6,7.3,9.3,1,0,0,5138,JanuaryFebruaryMarchAprilMayJuneJulyAugustSeptemberOctoberNovemberDecemberJanuaryFebruaryMarchAprilMayJuneJulyAugustSeptemberOctoberNovemberDecember,943
rwanda,2022,83.7,5.5,6.1,6.7,1,29,16,65,JanuaryMarchAprilMayJuneAugustSeptemberNovemberDecemberJanuaryMarchAprilMayJuneAugustSeptemberNovemberDecember,27
egypt,2022,83.6,7.3,7,8.6,1,249,275,491,JanuaryFebruaryMarchAprilMayJuneJulyAugustSeptemberOctoberNovemberDecemberJanuaryFebruaryMarchAprilMayJuneJulyAugustSeptemberOctoberNovemberDecember,309
zambia,2022,83.6,4.2,8.7,7.2,1,91,14,153,JanuaryFebruaryMarchAprilMayJuneJulyAugustSeptemberOctoberNovemberDecemberJanuaryFebruaryMarchAprilMayJuneJulyAugustSeptemberOctoberNovemberDecember,24
togo,2022,83.6,6.1,7,7.9,1,49,84,99,AprilMayJuneJulyAugustSeptemberOctoberNovemberDecemberAprilMayJuneJulyAugustSeptemberOctoberNovemberDecember,120
malawi,2022,83,4.5,7.8,7.4,1,216,42,354,JanuaryFebruaryMarchAprilMayJuneJulyAugustSeptemberOctoberNovemberDecemberJanuaryFebruaryMarchAprilMayJuneJulyAugustSeptemberOctoberNovemberDecember,77
sierra leone,2022,82.4,3.5,8.2,5.4,1,43,24,62,JanuaryMayJuneJulyAugustSeptemberNovemberDecemberJanuaryMayJuneJulyAugustSeptemberNovemberDecember,31
comoros,2022,82.3,5.9,7.3,7.9,1,28,2,44,FebruaryMarchJuneAugustSeptemberOctoberFebruaryMarchJuneAugustSeptemberOctober,4
djibouti,2022,81.3,5,6.7,8.5,1,8,7,16,MayOctoberMayOctober,7
nepal,2022,80.6,5,5.6,6.1,1,0,0,3491,JanuaryFebruaryMarchAprilMayJuneJulyAugustSeptemberOctoberNovemberDecemberJanuaryFebruaryMarchAprilMayJuneJulyAugustSeptemberOctoberNovemberDecember,24
cambodia,2022,80.5,6.1,5.5,8.8,1,0,0,145,AprilMayJulyOctoberDecemberAprilMayJulyOctoberDecember,2
philippines,2022,80.5,9.4,4.9,7.1,1,0,0,2448,JanuaryFebruaryMarchAprilMayJuneJulyAugustSeptemberOctoberNovemberDecemberJanuaryFebruaryMarchAprilMayJuneJulyAugustSeptemberOctoberNovemberDecember,1398
madagascar,2022,80.4,6,7.6,7,1,373,368,679,JanuaryFebruaryMarchAprilMayJuneJulyAugustSeptemberOctoberNovemberDecemberJanuaryFebruaryMarchAprilMayJuneJulyAugustSeptemberOctoberNovemberDecember,496
swaziland,2022,80.4,4.8,9.3,8.7,1,0,0,0,0,0
solomon islands,2022,80.4,5.3,6.7,6.1,1,0,0,15,FebruaryMarchMayFebruaryMarchMay,2
papua new guinea,2022,79.5,6.4,7.1,5.8,0,0,0,462,JanuaryFebruaryMarchAprilMayJuneJulyAugustSeptemberOctoberNovemberDecemberJanuaryFebruaryMarchAprilMayJuneJulyAugustSeptemberOctoberNovemberDecember,364
sri lanka,2022,79.3,6.5,5.5,6,0,0,0,1146,JanuaryAprilMayJuneJulyAugustNovemberJanuaryAprilMayJuneJulyAugustNovember,15
timor-leste,2022,79.3,5.9,7.4,5.2,0,0,0,0,0,0
honduras,2022,78.7,6.7,6,7.1,0,0,0,2850,JanuaryFebruaryMarchAprilMayJuneJulyAugustSeptemberOctoberNovemberDecemberJanuaryFebruaryMarchAprilMayJuneJulyAugustSeptemberOctoberNovemberDecember,1270
gambia,2022,78.6,5.4,7.9,6.9,0,10,4,17,JanuaryMarchMayAugustOctoberJanuaryMarchMayAugustOctober,5
colombia,2022,78.4,6.6,5.5,5.6,0,0,0,8660,JanuaryFebruaryMarchAprilMayJuneJulyAugustSeptemberOctoberNovemberDecemberJanuaryFebruaryMarchAprilMayJuneJulyAugustSeptemberOctoberNovemberDecember,4018
tanzania,2022,78.2,4.9,5.9,7.4,0,78,40,149,JanuaryFebruaryMarchAprilMayJuneJulyAugustSeptemberOctoberNovemberDecemberJanuaryFebruaryMarchAprilMayJuneJulyAugustSeptemberOctoberNovemberDecember,72
turkey,2022,78.1,6.9,4.9,7.3,0,0,0,4895,JanuaryFebruaryMarchAprilMayJuneJulyAugustSeptemberOctoberNovemberDecemberJanuaryFebruaryMarchAprilMayJuneJulyAugustSeptemberOctoberNovemberDecember,231
nicaragua,2022,77.7,5.9,5.7,8.9,0,0,0,49,FebruaryMarchAprilMayJuneAugustSeptemberNovemberFebruaryMarchAprilMayJuneAugustSeptemberNovember,10
guatemala,2022,77.5,6.5,4.6,6.6,0,0,0,2666,JanuaryFebruaryMarchAprilMayJuneJulyAugustSeptemberOctoberNovemberDecemberJanuaryFebruaryMarchAprilMayJuneJulyAugustSeptemberOctoberNovemberDecember,1229
lesotho,2022,77.4,6.1,8.3,4.8,0,39,14,66,JanuaryFebruaryMarchAprilMayJuneJulySeptemberJanuaryFebruaryMarchAprilMayJuneJulySeptember,27
kyrgyzstan,2022,77.1,5.9,7.2,8.5,0,0,0,482,JanuaryFebruaryMarchAprilMayJuneJulyAugustSeptemberOctoberNovemberDecemberJanuaryFebruaryMarchAprilMayJuneJulyAugustSeptemberOctoberNovemberDecember,71
jordan,2022,76.6,4.9,6.5,6.4,0,0,0,496,FebruaryMarchMayJuneJulyAugustSeptemberOctoberNovemberDecemberFebruaryMarchMayJuneJulyAugustSeptemberOctoberNovemberDecember,14
laos,2022,75.5,4.1,4.8,9,0,0,0,2,0,0
india,2022,75.3,6.3,6.5,4.4,0,0,0,21237,JanuaryFebruaryMarchAprilMayJuneJulyAugustSeptemberOctoberNovemberDecemberJanuaryFebruaryMarchAprilMayJuneJulyAugustSeptemberOctoberNovemberDecember,1359
tajikistan,2022,75,5.4,6,9.3,0,0,0,67,JanuaryMarchMayJuneSeptemberDecemberJanuaryMarchMayJuneSeptemberDecember,126
brazil,2022,73.9,6.5,6.1,6.7,0,0,0,28350,JanuaryFebruaryMarchAprilMayJuneJulyAugustSeptemberOctoberNovemberDecemberJanuaryFebruaryMarchAprilMayJuneJulyAugustSeptemberOctoberNovemberDecember,12145
bolivia,2022,73.4,5.6,6,6.7,0,0,0,1287,JanuaryMarchAprilMayJuneJulyAugustSeptemberOctoberDecemberJanuaryMarchAprilMayJuneJulyAugustSeptemberOctoberDecember,17
azerbaijan,2022,73.1,6.1,4.2,9.1,0,0,0,936,JanuaryFebruaryMarchAprilMayJuneJulyAugustSeptemberOctoberNovemberDecemberJanuaryFebruaryMarchAprilMayJuneJulyAugustSeptemberOctoberNovemberDecember,73
bosnia and herzegovina,2022,73,4.7,6.1,6.3,0,0,0,170,JanuaryFebruaryMarchSeptemberOctoberJanuaryFebruaryMarchSeptemberOctober,2
russia,2022,72.6,7.8,4.7,8.6,0,0,0,2415,JanuaryFebruaryMarchAprilMayJuneJulyAugustSeptemberOctoberNovemberDecemberJanuaryFebruaryMarchAprilMayJuneJulyAugustSeptemberOctoberNovemberDecember,165
benin,2022,72.5,5,6.7,5.3,0,269,173,474,JanuaryFebruaryMarchAprilMayJuneJulyAugustSeptemberOctoberNovemberDecemberJanuaryFebruaryMarchAprilMayJuneJulyAugustSeptemberOctoberNovemberDecember,255
algeria,2022,72.2,6.1,6.3,7.9,0,371,27,389,FebruaryMarchAprilMayJulyAugustSeptemberOctoberDecemberFebruaryMarchAprilMayJulyAugustSeptemberOctoberDecember,35
senegal,2022,72.1,4.8,7.2,3.7,0,212,22,282,JanuaryMarchAprilMayJuneJulyAugustSeptemberOctoberNovemberDecemberJanuaryMarchAprilMayJuneJulyAugustSeptemberOctoberNovemberDecember,28
south africa,2022,72,6.9,8,6.4,0,2108,307,2867,JanuaryFebruaryMarchAprilMayJuneJulyAugustSeptemberOctoberNovemberDecemberJanuaryFebruaryMarchAprilMayJuneJulyAugustSeptemberOctoberNovemberDecember,569
georgia,2022,71.8,5.3,5.5,8.3,0,0,0,516,FebruaryMarchMayJuneAugustOctoberFebruaryMarchMayJuneAugustOctober,0
micronesia,2022,71,3.4,8.8,4.4,0,0,0,0,0,0
el salvador,2022,70.8,6.3,5.6,4.9,0,0,0,901,JanuaryFebruaryMarchAprilMayJuneJulyAugustSeptemberOctoberNovemberDecemberJanuaryFebruaryMarchAprilMayJuneJulyAugustSeptemberOctoberNovemberDecember,438
sao tome and principe,2022,70.4,4.4,8.6,4.1,0,12,5,14,NovemberNovember,5
mexico,2022,70.3,8.6,4.5,6,0,0,0,26523,JanuaryFebruaryMarchAprilMayJuneJulyAugustSeptemberOctoberNovemberDecemberJanuaryFebruaryMarchAprilMayJuneJulyAugustSeptemberOctoberNovemberDecember,14493
morocco,2022,70.1,4.6,5.9,6.8,0,1472,56,1578,JanuaryFebruaryMarchAprilMayJuneJulyAugustSeptemberOctoberNovemberDecemberJanuaryFebruaryMarchAprilMayJuneJulyAugustSeptemberOctoberNovemberDecember,74
thailand,2022,70,8.3,3.6,7.8,0,0,0,586,JanuaryFebruaryMarchAprilMayJuneJulyAugustSeptemberOctoberNovemberDecemberJanuaryFebruaryMarchAprilMayJuneJulyAugustSeptemberOctoberNovemberDecember,54
peru,2022,69.8,5.8,4.3,6.9,0,0,0,2269,JanuaryFebruaryMarchAprilMayJuneJulyAugustSeptemberOctoberNovemberDecemberJanuaryFebruaryMarchAprilMayJuneJulyAugustSeptemberOctoberNovemberDecember,53
uzbekistan,2022,69.6,5.9,5.1,9.2,0,0,0,241,JanuaryMarchAprilMayJuneJulyAugustSeptemberOctoberNovemberDecemberJanuaryMarchAprilMayJuneJulyAugustSeptemberOctoberNovemberDecember,37
ecuador,2022,69.1,5.6,6,5.8,0,0,0,5505,JanuaryFebruaryMarchAprilMayJuneJulyAugustSeptemberOctoberNovemberDecemberJanuaryFebruaryMarchAprilMayJuneJulyAugustSeptemberOctoberNovemberDecember,2682
fiji,2022,68.9,6.2,7.8,5.8,0,0,0,7,OctoberOctober,0
belarus,2022,68.7,5.3,4.8,9.3,0,0,0,242,JanuaryFebruaryMarchAprilMayJuneJulyAugustSeptemberOctoberNovemberDecemberJanuaryFebruaryMarchAprilMayJuneJulyAugustSeptemberOctoberNovemberDecember,6
ukraine,2022,68.6,6.4,6.5,6.5,0,0,0,84422,JanuaryFebruaryMarchAprilMayJuneJulyAugustSeptemberOctoberNovemberDecemberJanuaryFebruaryMarchAprilMayJuneJulyAugustSeptemberOctoberNovemberDecember,46469
tunisia,2022,68.2,7.2,7.9,6,0,880,1,867,JanuaryMarchAugustSeptemberNovemberJanuaryMarchAugustSeptemberNovember,2
serbia,2022,67.8,4.2,5.8,5.8,0,0,0,405,JanuaryFebruaryAprilJuneOctoberJanuaryFebruaryAprilJuneOctober,0
saudi arabia,2022,67.5,5.4,4,7.8,0,0,0,91,JanuaryFebruaryMarchAprilJuneAugustSeptemberOctoberJanuaryFebruaryMarchAprilJuneAugustSeptemberOctober,11
bhutan,2022,67.4,3,5.5,2.8,0,0,0,5,AprilMayAprilMay,0
armenia,2022,67,5.4,6.1,6.6,0,0,0,724,JanuaryMarchMayJuneJulyAugustSeptemberOctoberNovemberDecemberJanuaryMarchMayJuneJulyAugustSeptemberOctoberNovemberDecember,221
china,2022,66.9,5.2,3.3,8.2,0,0,0,1492,JanuaryFebruaryMarchAprilMayJuneJulyAugustSeptemberOctoberNovemberDecemberJanuaryFebruaryMarchAprilMayJuneJulyAugustSeptemberOctoberNovemberDecember,12
gabon,2022,66.7,4.5,5.9,7.8,0,54,0,61,MarchAprilSeptemberNovemberMarchAprilSeptemberNovember,0
bahrain,2022,66.6,5.6,4,8.1,0,0,0,713,JanuaryAprilMayAugustSeptemberOctoberNovemberDecemberJanuaryAprilMayAugustSeptemberOctoberNovemberDecember,0
indonesia,2022,66.6,5.5,4.2,4.5,0,0,0,3766,JanuaryFebruaryMarchAprilMayJuneJulyAugustSeptemberOctoberNovemberDecemberJanuaryFebruaryMarchAprilMayJuneJulyAugustSeptemberOctoberNovemberDecember,348
turkmenistan,2022,66.5,4.8,4.6,9.8,0,0,0,2,0,0
paraguay,2022,65.4,6,4.6,6.7,0,0,0,1298,JanuaryFebruaryMarchAprilMayJuneJulyAugustSeptemberOctoberNovemberDecemberJanuaryFebruaryMarchAprilMayJuneJulyAugustSeptemberOctoberNovemberDecember,54
samoa,2022,64.8,3.9,7,4.4,0,0,0,0,0,0
maldives,2022,64.5,5.2,5.5,7.2,0,0,0,49,JuneJune,0
moldova,2022,64.5,4.8,5.4,5.2,0,0,0,453,JanuaryFebruaryAprilMayJuneAugustNovemberJanuaryFebruaryAprilMayJuneAugustNovember,0
guyana,2022,64.2,6.8,4,4.5,0,0,0,89,JanuaryJuneJulySeptemberNovemberDecemberJanuaryJuneJulySeptemberNovemberDecember,0
ghana,2022,63,4.3,5.3,3.2,0,267,122,546,JanuaryFebruaryMarchAprilMayJuneJulyAugustSeptemberOctoberNovemberDecemberJanuaryFebruaryMarchAprilMayJuneJulyAugustSeptemberOctoberNovemberDecember,199
namibia,2022,62.9,4.5,7.1,3.1,0,92,3,111,JanuaryMarchMayJuneOctoberNovemberJanuaryMarchMayJuneOctoberNovember,6
dominican republic,2022,62.8,5.8,4.8,5.7,0,0,0,209,JanuaryFebruaryMarchAprilMayJuneJulyAugustSeptemberOctoberNovemberDecemberJanuaryFebruaryMarchAprilMayJuneJulyAugustSeptemberOctoberNovemberDecember,34
north macedonia,2022,62.6,4.4,6.2,4.8,0,0,0,166,OctoberOctober,0
jamaica,2022,62.1,6.7,6.6,3.7,0,0,0,1188,JanuaryFebruaryMarchAprilMayJuneJulyAugustSeptemberOctoberNovemberDecemberJanuaryFebruaryMarchAprilMayJuneJulyAugustSeptemberOctoberNovemberDecember,683
belize,2022,62.1,7.1,7.2,3.7,0,0,0,235,JanuaryFebruaryMarchAprilMayJuneJulyAugustSeptemberOctoberNovemberDecemberJanuaryFebruaryMarchAprilMayJuneJulyAugustSeptemberOctoberNovemberDecember,86
cabo verde,2022,61.4,4.5,5.7,3.8,0,0,0,0,0,0
vietnam,2022,60.9,3.8,3.6,8.3,0,0,0,11,0,0
suriname,2022,60.8,3.7,7.7,3.5,0,0,0,80,JanuaryMarchJulySeptemberJanuaryMarchJulySeptember,0
cuba,2022,60.1,3.7,5.1,7.5,0,0,0,440,JanuaryFebruaryMarchAprilMayJuneJulyAugustSeptemberOctoberNovemberDecemberJanuaryFebruaryMarchAprilMayJuneJulyAugustSeptemberOctoberNovemberDecember,2
kazakhstan,2022,59.5,3.7,5,8.1,0,0,0,1359,JanuaryFebruaryMarchAprilMayJuneJulyAugustSeptemberOctoberNovemberDecemberJanuaryFebruaryMarchAprilMayJuneJulyAugustSeptemberOctoberNovemberDecember,267
montenegro,2022,57.9,4.3,5.5,3.8,0,0,0,307,JulyNovemberDecemberJulyNovemberDecember,0
cyprus,2022,56.9,3.2,5.3,3.7,0,0,0,475,JanuaryFebruaryMarchAprilMayJulyAugustSeptemberOctoberNovemberDecemberJanuaryFebruaryMarchAprilMayJulyAugustSeptemberOctoberNovemberDecember,2
albania,2022,56.7,4.5,6,5.2,0,0,0,162,JanuaryAprilAugustSeptemberNovemberJanuaryAprilAugustSeptemberNovember,0
malaysia,2022,56.4,5.1,3.2,6.4,0,0,0,156,JanuaryFebruaryMarchAprilOctoberNovemberJanuaryFebruaryMarchAprilOctoberNovember,8
botswana,2022,56.1,3.1,6.1,2.5,0,16,4,30,FebruaryJulyAugustDecemberFebruaryJulyAugustDecember,8
greece,2022,55.8,3.6,5.7,5.8,0,0,0,800,JanuaryFebruaryMarchAprilMayJuneJulyAugustSeptemberOctoberNovemberDecemberJanuaryFebruaryMarchAprilMayJuneJulyAugustSeptemberOctoberNovemberDecember,19
brunei darussalam,2022,55.1,3.9,3,7.4,0,0,0,0,0,0
grenada,2022,54.3,4.5,6.2,4,0,0,0,0,0,0
antigua and barbuda,2022,54.2,5.1,7.1,3.9,0,0,0,21,0,0
seychelles,2022,54.2,5.1,4.1,4,0,3,0,3,0,0
trinidad and tobago,2022,52.4,7,4.1,3,0,0,0,1234,JanuaryFebruaryMarchAprilMayJuneJulyAugustSeptemberOctoberNovemberDecemberJanuaryFebruaryMarchAprilMayJuneJulyAugustSeptemberOctoberNovemberDecember,527
kuwait,2022,52.2,2.7,2.8,7.1,0,0,0,15,0,0
bulgaria,2022,51.6,4,4.9,3.4,0,0,0,611,MayOctoberMayOctober,0
mongolia,2022,51.6,2.6,5,3.8,0,0,0,129,0,0
hungary,2022,50.8,2.1,4.7,6.5,0,0,0,423,MarchAprilMarchApril,0
romania,2022,50.8,2.2,4,4.7,0,0,0,229,JanuaryFebruaryMarchSeptemberNovemberDecemberJanuaryFebruaryMarchSeptemberNovemberDecember,0
bahamas,2022,50.6,4.6,4.8,2.1,0,0,0,6,OctoberOctober,0
oman,2022,49.5,2.7,4.7,6.9,0,0,0,0,0,0
croatia,2022,49.3,2.3,5.4,2.4,0,0,0,111,0,0
argentina,2022,47.9,4.6,6.3,3.7,0,0,0,2769,JanuaryFebruaryMarchAprilMayJuneJulyAugustSeptemberOctoberNovemberDecemberJanuaryFebruaryMarchAprilMayJuneJulyAugustSeptemberOctoberNovemberDecember,27
panama,2022,47.5,4.9,3.2,3.2,0,0,0,647,JanuaryMarchJuneJulySeptemberNovemberJanuaryMarchJuneJulySeptemberNovember,3
united states,2022,46.6,5,1.8,4.5,0,0,0,12818,JanuaryFebruaryMarchAprilMayJuneJulyAugustSeptemberOctoberNovemberDecemberJanuaryFebruaryMarchAprilMayJuneJulyAugustSeptemberOctoberNovemberDecember,190
barbados,2022,45.9,4.1,6.2,1.3,0,0,0,1,0,0
spain,2022,44.4,3.1,4.8,6.6,0,0,0,3967,JanuaryFebruaryMarchAprilMayNovemberJanuaryFebruaryMarchAprilMayNovember,0
italy,2022,43.4,4.8,5.1,2.3,0,0,0,4833,JanuaryFebruaryMarchAprilMayJuneJulyAugustSeptemberOctoberNovemberDecemberJanuaryFebruaryMarchAprilMayJuneJulyAugustSeptemberOctoberNovemberDecember,1
chile,2022,43.2,3.9,3.7,4.7,0,0,0,2319,JanuaryFebruaryMarchAprilMayJuneJulyAugustSeptemberOctoberNovemberDecemberJanuaryFebruaryMarchAprilMayJuneJulyAugustSeptemberOctoberNovemberDecember,62
latvia,2022,42.8,2.3,3.4,2.1,0,0,0,47,0,0
israel,2022,42.6,2.5,1.1,3,0,0,0,1209,JanuaryFebruaryMarchAprilMayJuneJulyAugustSeptemberOctoberNovemberDecemberJanuaryFebruaryMarchAprilMayJuneJulyAugustSeptemberOctoberNovemberDecember,59
qatar,2022,42.3,1.1,1.5,6.3,0,0,0,8,0,0
poland,2022,42.2,2.1,3.3,4,0,0,0,1331,JanuaryFebruaryMarchAprilMayJuneJulySeptemberJanuaryFebruaryMarchAprilMayJuneJulySeptember,0
costa rica,2022,41,3.2,5.2,1.2,0,0,0,204,JanuaryFebruaryAprilMayJulyAugustSeptemberOctoberJanuaryFebruaryAprilMayJulyAugustSeptemberOctober,2
united kingdom,2022,40.6,3.2,4.7,3.3,0,0,0,1832,MarchAprilJuneJulyAugustSeptemberOctoberNovemberMarchAprilJuneJulyAugustSeptemberOctoberNovember,0
czechia,2022,39.9,2.3,3.9,4.2,0,0,0,0,0,0
united arab emirates,2022,39.1,2.6,1.9,6.4,0,0,0,24,JanuaryJulyJanuaryJuly,6
lithuania,2022,38.6,2.5,3.2,1.3,0,0,0,76,0,0
mauritius,2022,37.9,1.1,5.3,2.1,0,152,4,207,JanuaryFebruaryMarchAprilMayJuneAugustSeptemberOctoberDecemberJanuaryFebruaryMarchAprilMayJuneAugustSeptemberOctoberDecember,6
estonia,2022,37.7,2,2.7,1.2,0,0,0,74,0,0
slovakia,2022,37.1,0.9,4,3.5,0,0,0,98,OctoberDecemberOctoberDecember,4
uruguay,2022,35.2,3.9,4.3,0.4,0,0,0,125,FebruaryAprilAugustFebruaryAprilAugust,2
malta,2022,34.7,2.1,3.7,3.2,0,0,0,84,JuneJune,0
south korea,2022,32.7,1.8,1.7,2.7,0,0,0,6083,FebruaryAprilJuneFebruaryAprilJune,0
belgium,2022,31.9,2.3,4.3,0.9,0,0,0,565,FebruaryMayAugustSeptemberOctoberNovemberDecemberFebruaryMayAugustSeptemberOctoberNovemberDecember,4
japan,2022,31,1.5,3.4,0.2,0,0,0,1605,JulyJuly,2
france,2022,30.9,3.2,3.7,1.1,0,0,0,6904,JanuaryFebruaryMarchAprilMayJuneJulyAugustSeptemberOctoberNovemberDecemberJanuaryFebruaryMarchAprilMayJuneJulyAugustSeptemberOctoberNovemberDecember,28
slovenia,2022,27.7,0.3,2.9,1.7,0,0,0,70,OctoberOctober,0
portugal,2022,27.5,0.3,4.4,0.8,0,0,0,333,0,0
singapore,2022,25.8,0.4,1.1,3.7,0,0,0,4,0,0
austria,2022,25.4,1.7,1.5,0.6,0,0,0,318,JanuaryAugustOctoberJanuaryAugustOctober,0
germany,2022,23.6,2,1.5,0.4,0,0,0,4926,JanuaryFebruaryMayJuneJulyAugustSeptemberOctoberJanuaryFebruaryMayJuneJulyAugustSeptemberOctober,2
australia,2022,22.7,2.4,1.9,0.4,0,0,0,816,FebruaryMarchJuneOctoberDecemberFebruaryMarchJuneOctoberDecember,8
netherlands,2022,22.1,2.1,1.9,0.3,0,0,0,935,JulyAugustSeptemberOctoberNovemberDecemberJulyAugustSeptemberOctoberNovemberDecember,0
sweden,2022,20.9,2.4,1.6,0.6,0,0,0,1503,MarchAugustSeptemberNovemberDecemberMarchAugustSeptemberNovemberDecember,0
ireland,2022,20.8,2.4,2,0.6,0,0,0,285,AprilAugustAprilAugust,0
canada,2022,20.1,2.5,1.7,0.4,0,0,0,1872,FebruaryMarchAprilJuneJulyAugustFebruaryMarchAprilJuneJulyAugust,0
luxembourg,2022,20,0.4,2.1,0.3,0,0,0,33,0,0
switzerland,2022,18.9,1.7,1.9,0.3,0,0,0,194,MarchAprilMarchApril,2
denmark,2022,18.1,1.4,1.2,0.3,0,0,0,379,DecemberDecember,0
new zealand,2022,17.5,1.7,2.9,0.5,0,0,0,305,0,0
iceland,2022,17.1,0.4,3.1,0.4,0,0,0,28,0,0
norway,2022,15.6,1.5,1.7,0.3,0,0,0,491,JuneJulyJuneJuly,4
finland,2022,15.1,2.2,2.6,0.3,0,0,0,352,JulyAugustJulyAugust,0
somalia,2023,111.9,9.5,9.5,9.6,1,3771,9143,7106,JanuaryFebruaryMarchAprilMayJuneJulyAugustSeptemberOctoberNovemberDecemberJanuaryFebruaryMarchAprilMayJuneJulyAugustSeptemberOctoberNovemberDecember,9950
yemen,2023,108.9,8.6,9.9,9.8,1,0,0,12502,JanuaryFebruaryMarchAprilMayJuneJulyAugustSeptemberOctoberNovemberDecemberJanuaryFebruaryMarchAprilMayJuneJulyAugustSeptemberOctoberNovemberDecember,3417
south sudan,2023,108.5,9.9,8.6,9.8,1,1817,2930,3947,JanuaryFebruaryMarchAprilMayJuneJulyAugustSeptemberOctoberNovemberDecemberJanuaryFebruaryMarchAprilMayJuneJulyAugustSeptemberOctoberNovemberDecember,4546
congo democratic republic,2023,107.2,8.8,8.1,9.3,1,0,0,0,0,0
syria,2023,107.1,9.4,9.6,10,1,0,0,24625,JanuaryFebruaryMarchAprilMayJuneJulyAugustSeptemberOctoberNovemberDecemberJanuaryFebruaryMarchAprilMayJuneJulyAugustSeptemberOctoberNovemberDecember,7880
afghanistan,2023,106.6,9.7,9.6,9.4,1,0,0,2905,JanuaryFebruaryMarchAprilMayJuneJulyAugustSeptemberOctoberNovemberDecemberJanuaryFebruaryMarchAprilMayJuneJulyAugustSeptemberOctoberNovemberDecember,1614
sudan,2023,106.2,8.3,9.3,9.4,1,6762,17022,11848,JanuaryFebruaryMarchAprilMayJuneJulyAugustSeptemberOctoberNovemberDecemberJanuaryFebruaryMarchAprilMayJuneJulyAugustSeptemberOctoberNovemberDecember,20887
central african republic,2023,105.7,8,8.2,8.9,1,459,615,814,JanuaryFebruaryMarchAprilMayJuneJulyAugustSeptemberOctoberNovemberDecemberJanuaryFebruaryMarchAprilMayJuneJulyAugustSeptemberOctoberNovemberDecember,777
chad,2023,104.6,8.7,8.4,9.1,1,184,292,332,JanuaryFebruaryMarchAprilMayJuneJulyAugustSeptemberOctoberNovemberDecemberJanuaryFebruaryMarchAprilMayJuneJulyAugustSeptemberOctoberNovemberDecember,436
haiti,2023,102.9,6.8,8.9,9.9,1,0,0,3409,JanuaryFebruaryMarchAprilMayJuneJulyAugustSeptemberOctoberNovemberDecemberJanuaryFebruaryMarchAprilMayJuneJulyAugustSeptemberOctoberNovemberDecember,3528
ethiopia,2023,100.4,8.6,6.8,8.2,1,1789,3813,3540,JanuaryFebruaryMarchAprilMayJuneJulyAugustSeptemberOctoberNovemberDecemberJanuaryFebruaryMarchAprilMayJuneJulyAugustSeptemberOctoberNovemberDecember,5122
myanmar,2023,100.2,9.1,7.6,9.3,1,0,0,31746,JanuaryFebruaryMarchAprilMayJuneJulyAugustSeptemberOctoberNovemberDecemberJanuaryFebruaryMarchAprilMayJuneJulyAugustSeptemberOctoberNovemberDecember,25157
mali,2023,99.5,9.6,7.5,8.6,1,2259,4369,4131,JanuaryFebruaryMarchAprilMayJuneJulyAugustSeptemberOctoberNovemberDecemberJanuaryFebruaryMarchAprilMayJuneJulyAugustSeptemberOctoberNovemberDecember,6326
guinea,2023,98.5,8.7,8,9.7,1,322,74,442,JanuaryFebruaryMarchAprilMayJuneJulyAugustSeptemberOctoberNovemberDecemberJanuaryFebruaryMarchAprilMayJuneJulyAugustSeptemberOctoberNovemberDecember,92
nigeria,2023,98,9,8.8,8.2,1,4701,8842,9999,JanuaryFebruaryMarchAprilMayJuneJulyAugustSeptemberOctoberNovemberDecemberJanuaryFebruaryMarchAprilMayJuneJulyAugustSeptemberOctoberNovemberDecember,11689
zimbabwe,2023,96.9,8.4,9.2,8.9,1,232,38,544,JanuaryFebruaryMarchAprilMayJuneJulyAugustSeptemberOctoberNovemberDecemberJanuaryFebruaryMarchAprilMayJuneJulyAugustSeptemberOctoberNovemberDecember,80
libya,2023,96.1,9.5,8.9,9.6,1,207,100,284,JanuaryFebruaryMarchAprilMayJuneJulyAugustSeptemberOctoberNovemberDecemberJanuaryFebruaryMarchAprilMayJuneJulyAugustSeptemberOctoberNovemberDecember,112
ukraine,2023,95.9,10,8.5,6.4,1,0,0,112922,JanuaryFebruaryMarchAprilMayJuneJulyAugustSeptemberOctoberNovemberDecemberJanuaryFebruaryMarchAprilMayJuneJulyAugustSeptemberOctoberNovemberDecember,41788
eritrea,2023,94.5,6,7.1,9.7,1,7,1,2,OctoberOctober,1
burundi,2023,94.2,7.8,8.8,9.1,1,327,195,813,JanuaryFebruaryMarchAprilMayJuneJulyAugustSeptemberOctoberNovemberDecemberJanuaryFebruaryMarchAprilMayJuneJulyAugustSeptemberOctoberNovemberDecember,289
burkina faso,2023,94,9.3,7.2,7.4,1,2343,8499,4290,JanuaryFebruaryMarchAprilMayJuneJulyAugustSeptemberOctoberNovemberDecemberJanuaryFebruaryMarchAprilMayJuneJulyAugustSeptemberOctoberNovemberDecember,10897
mozambique,2023,94,7,7.7,7.1,1,463,350,683,JanuaryFebruaryMarchAprilMayJuneJulyAugustSeptemberOctoberNovemberDecemberJanuaryFebruaryMarchAprilMayJuneJulyAugustSeptemberOctoberNovemberDecember,405
cameroon,2023,94,8.1,6,8.8,1,3766,2166,7166,JanuaryFebruaryMarchAprilMayJuneJulyAugustSeptemberOctoberNovemberDecemberJanuaryFebruaryMarchAprilMayJuneJulyAugustSeptemberOctoberNovemberDecember,3151
niger,2023,93.4,8.3,6.4,6.6,1,802,1213,1218,JanuaryFebruaryMarchAprilMayJuneJulyAugustSeptemberOctoberNovemberDecemberJanuaryFebruaryMarchAprilMayJuneJulyAugustSeptemberOctoberNovemberDecember,1574
lebanon,2023,91.8,7.3,9.2,7.7,1,0,0,5313,JanuaryFebruaryMarchAprilMayJuneJulyAugustSeptemberOctoberNovemberDecemberJanuaryFebruaryMarchAprilMayJuneJulyAugustSeptemberOctoberNovemberDecember,320
uganda,2023,91.5,6.3,6.4,8.2,1,565,360,1185,JanuaryFebruaryMarchAprilMayJuneJulyAugustSeptemberOctoberNovemberDecemberJanuaryFebruaryMarchAprilMayJuneJulyAugustSeptemberOctoberNovemberDecember,657
iraq,2023,91.4,7.5,6.3,8.3,1,0,0,11150,JanuaryFebruaryMarchAprilMayJuneJulyAugustSeptemberOctoberNovemberDecemberJanuaryFebruaryMarchAprilMayJuneJulyAugustSeptemberOctoberNovemberDecember,1780
congo republic,2023,90.7,6.4,9.3,9.1,1,0,0,0,0,0
venezuela,2023,90.5,6.7,9.4,9.6,1,0,0,4483,JanuaryFebruaryMarchAprilMayJuneJulyAugustSeptemberOctoberNovemberDecemberJanuaryFebruaryMarchAprilMayJuneJulyAugustSeptemberOctoberNovemberDecember,1001
sri lanka,2023,90.3,6.8,8.3,8,1,0,0,944,JanuaryFebruaryMarchAprilMayJuneJulyAugustSeptemberOctoberNovemberDecemberJanuaryFebruaryMarchAprilMayJuneJulyAugustSeptemberOctoberNovemberDecember,12
guinea bissau,2023,89.9,7.9,7.2,9.1,1,0,0,0,0,0
pakistan,2023,89.9,7.6,6.7,7.4,1,0,0,11913,JanuaryFebruaryMarchAprilMayJuneJulyAugustSeptemberOctoberNovemberDecemberJanuaryFebruaryMarchAprilMayJuneJulyAugustSeptemberOctoberNovemberDecember,3195
liberia,2023,88.9,6.8,8.3,6.2,1,65,9,103,JanuaryFebruaryMarchJuneJulyAugustSeptemberOctoberNovemberJanuaryFebruaryMarchJuneJulyAugustSeptemberOctoberNovember,11
palestine,2023,87.9,7.9,6.2,9.1,1,0,0,27788,JanuaryFebruaryMarchAprilMayJuneJulyAugustSeptemberOctoberNovemberDecemberJanuaryFebruaryMarchAprilMayJuneJulyAugustSeptemberOctoberNovemberDecember,42051
kenya,2023,87.8,6.8,6.4,7.3,1,2567,1010,4122,JanuaryFebruaryMarchAprilMayJuneJulyAugustSeptemberOctoberNovemberDecemberJanuaryFebruaryMarchAprilMayJuneJulyAugustSeptemberOctoberNovemberDecember,1574
cote d'ivoire,2023,87.1,6.6,6.2,7.5,1,0,0,0,0,0
mauritania,2023,87,5.7,6.3,7.8,1,250,9,256,FebruaryMarchMayAugustSeptemberNovemberFebruaryMarchMayAugustSeptemberNovember,11
north korea,2023,87,7.4,8.7,9.8,1,0,0,19,FebruaryMarchMayJuneAugustFebruaryMarchMayJuneAugust,19
angola,2023,86.9,6.6,8.2,8.1,1,223,92,297,JanuaryFebruaryMarchAprilMayJuneJulyAugustSeptemberOctoberNovemberDecemberJanuaryFebruaryMarchAprilMayJuneJulyAugustSeptemberOctoberNovemberDecember,113
iran,2023,85.4,7,7.6,9.8,1,0,0,4032,JanuaryFebruaryMarchAprilMayJuneJulyAugustSeptemberOctoberNovemberDecemberJanuaryFebruaryMarchAprilMayJuneJulyAugustSeptemberOctoberNovemberDecember,294
bangladesh,2023,85.2,6.8,5.1,7.5,1,0,0,4195,JanuaryFebruaryMarchAprilMayJuneJulyAugustSeptemberOctoberNovemberDecemberJanuaryFebruaryMarchAprilMayJuneJulyAugustSeptemberOctoberNovemberDecember,540
equatorial guinea,2023,84.4,5.9,6.7,9.9,1,2,0,2,0,0
malawi,2023,83.2,4.2,8.1,7.5,1,200,51,360,JanuaryFebruaryMarchAprilMayJuneJulyAugustSeptemberOctoberNovemberDecemberJanuaryFebruaryMarchAprilMayJuneJulyAugustSeptemberOctoberNovemberDecember,104
rwanda,2023,82.3,5.2,6.4,6.7,1,21,8,42,JanuaryFebruaryMarchAprilOctoberJanuaryFebruaryMarchAprilOctober,14
comoros,2023,82.2,5.6,7.3,8,1,43,2,58,FebruaryAprilMayJuneJulyAugustSeptemberOctoberFebruaryAprilMayJuneJulyAugustSeptemberOctober,2
djibouti,2023,82.2,5.3,7,8.8,1,16,17,23,MarchAprilMayDecemberMarchAprilMayDecember,21
togo,2023,82.1,5.8,7,7.6,1,37,97,71,JanuaryFebruaryMarchAprilMayJuneJulyAugustSeptemberOctoberNovemberDecemberJanuaryFebruaryMarchAprilMayJuneJulyAugustSeptemberOctoberNovemberDecember,147
zambia,2023,81.8,3.9,8.2,6.7,1,66,15,124,JanuaryFebruaryMarchAprilMayJuneJulyAugustSeptemberOctoberNovemberDecemberJanuaryFebruaryMarchAprilMayJuneJulyAugustSeptemberOctoberNovemberDecember,30
madagascar,2023,81.7,5.7,7.7,6.7,1,810,515,1386,JanuaryFebruaryMarchAprilMayJuneJulyAugustSeptemberOctoberNovemberDecemberJanuaryFebruaryMarchAprilMayJuneJulyAugustSeptemberOctoberNovemberDecember,621
egypt,2023,81.6,7,7.1,8.6,1,207,31,242,FebruaryMarchAprilMayJuneJulyAugustSeptemberOctoberNovemberDecemberFebruaryMarchAprilMayJuneJulyAugustSeptemberOctoberNovemberDecember,47
sierra leone,2023,81.4,3.6,8.5,5.5,1,74,32,137,JanuaryFebruaryAprilMayJuneJulyAugustSeptemberNovemberDecemberJanuaryFebruaryAprilMayJuneJulyAugustSeptemberNovemberDecember,42
turkey,2023,81.2,6.6,6.9,7.3,1,0,0,5593,JanuaryFebruaryMarchAprilMayJuneJulyAugustSeptemberOctoberNovemberDecemberJanuaryFebruaryMarchAprilMayJuneJulyAugustSeptemberOctoberNovemberDecember,168
russia,2023,80.7,8.3,7.7,9.1,1,0,0,6886,JanuaryFebruaryMarchAprilMayJuneJulyAugustSeptemberOctoberNovemberDecemberJanuaryFebruaryMarchAprilMayJuneJulyAugustSeptemberOctoberNovemberDecember,344
cambodia,2023,80.3,6.4,5.2,9.1,1,0,0,90,SeptemberSeptember,0
nepal,2023,80.2,5.5,5.1,6.6,1,0,0,2749,JanuaryFebruaryMarchAprilMayJuneJulyAugustSeptemberOctoberNovemberDecemberJanuaryFebruaryMarchAprilMayJuneJulyAugustSeptemberOctoberNovemberDecember,9
solomon islands,2023,79.6,5,6.4,6.2,0,0,0,7,JanuarySeptemberJanuarySeptember,2
honduras,2023,79.6,6.8,6.3,6.8,0,0,0,2336,JanuaryFebruaryMarchAprilMayJuneJulyAugustSeptemberOctoberNovemberDecemberJanuaryFebruaryMarchAprilMayJuneJulyAugustSeptemberOctoberNovemberDecember,1201
swaziland,2023,79.1,4.5,9.4,8.8,0,0,0,0,0,0
colombia,2023,78.1,6.7,6.2,5.3,0,0,0,9935,JanuaryFebruaryMarchAprilMayJuneJulyAugustSeptemberOctoberNovemberDecemberJanuaryFebruaryMarchAprilMayJuneJulyAugustSeptemberOctoberNovemberDecember,3563
papua new guinea,2023,78.1,6.5,6.8,5.7,0,0,0,611,JanuaryFebruaryMarchAprilMayJuneJulyAugustSeptemberOctoberNovemberDecemberJanuaryFebruaryMarchAprilMayJuneJulyAugustSeptemberOctoberNovemberDecember,501
philippines,2023,77.8,9.1,4.4,6.8,0,0,0,2424,JanuaryFebruaryMarchAprilMayJuneJulyAugustSeptemberOctoberNovemberDecemberJanuaryFebruaryMarchAprilMayJuneJulyAugustSeptemberOctoberNovemberDecember,1300
nicaragua,2023,77.7,5.6,6,9.1,0,0,0,44,JanuaryFebruaryMarchAprilJulySeptemberJanuaryFebruaryMarchAprilJulySeptember,24
timor-leste,2023,77.5,5.6,7.1,4.9,0,0,0,0,0,0
guatemala,2023,77.3,6.2,4.7,6.8,0,0,0,3711,JanuaryFebruaryMarchAprilMayJuneJulyAugustSeptemberOctoberNovemberDecemberJanuaryFebruaryMarchAprilMayJuneJulyAugustSeptemberOctoberNovemberDecember,1610
tanzania,2023,76.6,4.6,6.2,6.9,0,83,24,182,JanuaryFebruaryMarchAprilMayJulyAugustSeptemberOctoberNovemberDecemberJanuaryFebruaryMarchAprilMayJulyAugustSeptemberOctoberNovemberDecember,46
lesotho,2023,76.3,5.8,8.4,4.9,0,17,12,40,JanuaryMayJulySeptemberOctoberDecemberJanuaryMayJulySeptemberOctoberDecember,24
gambia,2023,76.1,5.1,7.6,6.4,0,10,2,16,JanuaryFebruaryMarchAprilMayJanuaryFebruaryMarchAprilMay,4
jordan,2023,75.7,4.6,6.4,6.9,0,0,0,465,JanuaryMarchAprilJuneJulyAugustSeptemberOctoberNovemberJanuaryMarchAprilJuneJulyAugustSeptemberOctoberNovember,8
kyrgyz republic,2023,75.6,5.6,6.9,8.2,0,0,0,0,0,0
laos,2023,74.7,3.9,5.1,8.9,0,0,0,6,AprilMayAprilMay,0
brazil,2023,74.5,6.2,6.6,7.1,0,0,0,25803,JanuaryFebruaryMarchAprilMayJuneJulyAugustSeptemberOctoberNovemberDecemberJanuaryFebruaryMarchAprilMayJuneJulyAugustSeptemberOctoberNovemberDecember,12875
tajikistan,2023,74.2,5.5,5.7,9.4,0,0,0,16,JanuaryAprilAugustNovemberJanuaryAprilAugustNovember,7
india,2023,74.1,6,6.2,4.5,0,0,0,27161,JanuaryFebruaryMarchAprilMayJuneJulyAugustSeptemberOctoberNovemberDecemberJanuaryFebruaryMarchAprilMayJuneJulyAugustSeptemberOctoberNovemberDecember,1870
benin,2023,73.3,5.2,6.8,5.3,0,379,229,791,JanuaryFebruaryMarchAprilMayJuneJulyAugustSeptemberOctoberNovemberDecemberJanuaryFebruaryMarchAprilMayJuneJulyAugustSeptemberOctoberNovemberDecember,352
peru,2023,73.1,6,4.6,7.3,0,0,0,3601,JanuaryFebruaryMarchAprilMayJuneJulyAugustSeptemberOctoberNovemberDecemberJanuaryFebruaryMarchAprilMayJuneJulyAugustSeptemberOctoberNovemberDecember,123
azerbaijan,2023,72.7,5.8,4.5,9.2,0,0,0,1407,JanuaryFebruaryMarchAprilMayJuneJulyAugustSeptemberOctoberNovemberDecemberJanuaryFebruaryMarchAprilMayJuneJulyAugustSeptemberOctoberNovemberDecember,595
bosnia and herzegovina,2023,72.3,4.4,6.6,6.4,0,0,0,155,JanuaryMarchJuneAugustDecemberJanuaryMarchJuneAugustDecember,0
south africa,2023,72,6.6,8.1,6.1,0,2085,310,2826,JanuaryFebruaryMarchAprilMayJuneJulyAugustSeptemberOctoberNovemberDecemberJanuaryFebruaryMarchAprilMayJuneJulyAugustSeptemberOctoberNovemberDecember,611
georgia,2023,71.9,5,5.3,8,0,0,0,339,JanuaryJuneJulySeptemberNovemberDecemberJanuaryJuneJulySeptemberNovemberDecember,4
senegal,2023,71.5,4.5,7.5,3.7,0,285,49,304,JanuaryFebruaryMarchAprilMayJuneJulyAugustSeptemberOctoberNovemberDecemberJanuaryFebruaryMarchAprilMayJuneJulyAugustSeptemberOctoberNovemberDecember,53
bolivia,2023,70.7,5.3,5.7,6.4,0,0,0,1428,JanuaryFebruaryMarchAprilMayJuneJulyAugustSeptemberOctoberNovemberDecemberJanuaryFebruaryMarchAprilMayJuneJulyAugustSeptemberOctoberNovemberDecember,23
fiji,2023,70.2,6.4,7.5,6.1,0,0,0,9,0,0
algeria,2023,70,5.8,6.2,7.6,0,436,14,451,JanuaryFebruaryMarchAprilMayJulyAugustOctoberNovemberJanuaryFebruaryMarchAprilMayJulyAugustOctoberNovember,24
belarus,2023,69.9,5.4,5.3,9.4,0,0,0,81,JanuaryFebruaryMarchAprilJuneJulyAugustOctoberJanuaryFebruaryMarchAprilJuneJulyAugustOctober,3
mexico,2023,69.8,8.3,4.5,6.3,0,0,0,24672,JanuaryFebruaryMarchAprilMayJuneJulyAugustSeptemberOctoberNovemberDecemberJanuaryFebruaryMarchAprilMayJuneJulyAugustSeptemberOctoberNovemberDecember,13056
sao tome and principe,2023,69.7,4.1,8.9,3.8,0,10,0,11,AprilApril,0
ecuador,2023,69.4,6,6,6.4,0,0,0,7485,JanuaryFebruaryMarchAprilMayJuneJulyAugustSeptemberOctoberNovemberDecemberJanuaryFebruaryMarchAprilMayJuneJulyAugustSeptemberOctoberNovemberDecember,4971
micronesia,2023,69.3,3.1,8.3,4.1,0,0,0,0,0,0
el salvador,2023,69.3,6,5.5,5.2,0,0,0,268,JanuaryFebruaryMarchAprilMayJuneJulyAugustSeptemberOctoberNovemberDecemberJanuaryFebruaryMarchAprilMayJuneJulyAugustSeptemberOctoberNovemberDecember,83
morocco,2023,68.2,4.3,5.7,6.8,0,2269,42,2286,JanuaryFebruaryMarchAprilMayJuneJulyAugustSeptemberOctoberNovemberDecemberJanuaryFebruaryMarchAprilMayJuneJulyAugustSeptemberOctoberNovemberDecember,51
thailand,2023,68,8,3.5,7.5,0,0,0,626,JanuaryFebruaryMarchAprilMayJuneJulyAugustSeptemberOctoberNovemberDecemberJanuaryFebruaryMarchAprilMayJuneJulyAugustSeptemberOctoberNovemberDecember,68
serbia,2023,67.9,3.9,6.1,5.6,0,0,0,510,JanuaryFebruaryAprilMayDecemberJanuaryFebruaryAprilMayDecember,0
armenia,2023,67.5,5.7,6.4,6.3,0,0,0,557,JanuaryFebruaryMarchAprilMayJuneJulyAugustSeptemberOctoberNovemberDecemberJanuaryFebruaryMarchAprilMayJuneJulyAugustSeptemberOctoberNovemberDecember,25
moldova,2023,67.4,4.5,6.4,4.9,0,0,0,219,JanuaryJulyAugustSeptemberOctoberJanuaryJulyAugustSeptemberOctober,2
uzbekistan,2023,66.8,5.6,5.1,9,0,0,0,197,JanuaryFebruaryMarchAprilMayJuneJulyAugustSeptemberOctoberDecemberJanuaryFebruaryMarchAprilMayJuneJulyAugustSeptemberOctoberDecember,6
bhutan,2023,66.4,2.7,5.6,2.8,0,0,0,0,0,0
tunisia,2023,66.4,6.9,8,5.7,0,766,9,812,FebruaryMarchAprilMayJuneJulyAugustSeptemberOctoberNovemberDecemberFebruaryMarchAprilMayJuneJulyAugustSeptemberOctoberNovemberDecember,10
indonesia,2023,65.6,5.2,4.1,4.7,0,0,0,4010,JanuaryFebruaryMarchAprilMayJuneJulyAugustSeptemberOctoberNovemberDecemberJanuaryFebruaryMarchAprilMayJuneJulyAugustSeptemberOctoberNovemberDecember,331
gabon,2023,65.5,4.2,5.9,8.1,0,88,2,92,AprilMayJuneJulyAugustNovemberDecemberAprilMayJuneJulyAugustNovemberDecember,3
saudi arabia,2023,65.3,5.1,3.6,7.6,0,0,0,18,JanuaryFebruaryJuneAugustSeptemberNovemberJanuaryFebruaryJuneAugustSeptemberNovember,378
samoa,2023,65.1,3.6,6.9,4.1,0,0,0,4,SeptemberSeptember,0
bahrain,2023,65.1,5.3,3.6,8,0,0,0,823,JanuaryMayAugustJanuaryMayAugust,0
china,2023,65.1,4.9,3.3,8.1,0,0,0,1881,JanuaryFebruaryMarchAprilMayJuneJulyAugustSeptemberOctoberNovemberDecemberJanuaryFebruaryMarchAprilMayJuneJulyAugustSeptemberOctoberNovemberDecember,18
turkmenistan,2023,64.5,4.5,5.1,9.8,0,0,0,5,DecemberDecember,2
paraguay,2023,63.7,5.7,4.9,6.4,0,0,0,897,JanuaryFebruaryMarchAprilMayJuneAugustOctoberJanuaryFebruaryMarchAprilMayJuneAugustOctober,16
maldives,2023,62.9,4.9,5.2,6.9,0,0,0,79,JanuarySeptemberJanuarySeptember,0
ghana,2023,62.3,4,5.8,3.2,0,375,189,762,JanuaryFebruaryMarchAprilMayJuneJulyAugustSeptemberOctoberNovemberDecemberJanuaryFebruaryMarchAprilMayJuneJulyAugustSeptemberOctoberNovemberDecember,304
jamaica,2023,61.9,7,6.9,4.2,0,0,0,1298,JanuaryFebruaryMarchAprilMayJuneJulyAugustSeptemberOctoberNovemberDecemberJanuaryFebruaryMarchAprilMayJuneJulyAugustSeptemberOctoberNovemberDecember,746
guyana,2023,61.6,6.5,3.5,4.4,0,0,0,86,JanuaryFebruaryMayJuneAugustSeptemberNovemberDecemberJanuaryFebruaryMayJuneAugustSeptemberNovemberDecember,2
dominican republic,2023,60.8,5.5,4.6,5.4,0,0,0,168,JanuaryFebruaryMarchAprilMayJuneAugustSeptemberOctoberNovemberDecemberJanuaryFebruaryMarchAprilMayJuneAugustSeptemberOctoberNovemberDecember,24
kazakhstan,2023,60.6,4,5.1,8.4,0,0,0,784,JanuaryFebruaryMarchAprilMayJuneJulyAugustSeptemberOctoberNovemberDecemberJanuaryFebruaryMarchAprilMayJuneJulyAugustSeptemberOctoberNovemberDecember,10
namibia,2023,60.3,4.2,6.8,3.1,0,102,4,114,JanuaryMarchAugustSeptemberJanuaryMarchAugustSeptember,8
macedonia,2023,60.3,4.1,6.3,4.5,0,0,0,0,0,0
cape verde,2023,60.1,4.2,5.9,3.5,0,54,0,53,MayJuneMayJune,0
belize,2023,59.8,6.8,6.9,3.4,0,0,0,196,JanuaryFebruaryMarchAprilMayJuneJulyAugustSeptemberOctoberNovemberDecemberJanuaryFebruaryMarchAprilMayJuneJulyAugustSeptemberOctoberNovemberDecember,66
suriname,2023,59.7,3.4,7.7,4,0,0,0,51,JanuaryFebruaryMarchAprilMayJuneAugustOctoberJanuaryFebruaryMarchAprilMayJuneAugustOctober,2
cuba,2023,59.5,3.4,5.6,7.6,0,0,0,239,JanuaryFebruaryMarchAprilMayJuneJulyAugustSeptemberOctoberNovemberDecemberJanuaryFebruaryMarchAprilMayJuneJulyAugustSeptemberOctoberNovemberDecember,12
vietnam,2023,58.3,3.5,3.6,8,0,0,0,24,AprilJuneSeptemberDecemberAprilJuneSeptemberDecember,12
montenegro,2023,58,4,5.8,3.9,0,0,0,139,MarchMarch,2
cyprus,2023,57,2.9,5.6,4.2,0,0,0,351,JanuaryFebruaryMarchAprilMayJuneAugustSeptemberOctoberNovemberDecemberJanuaryFebruaryMarchAprilMayJuneAugustSeptemberOctoberNovemberDecember,0
albania,2023,56.8,4.8,6.1,5,0,0,0,115,JanuaryFebruaryMarchOctoberNovemberDecemberJanuaryFebruaryMarchOctoberNovemberDecember,2
botswana,2023,55.3,3.4,6.6,2.5,0,25,7,49,JanuaryFebruaryAprilMayJuneOctoberNovemberJanuaryFebruaryAprilMayJuneOctoberNovember,14
greece,2023,55.1,3.3,6,5.8,0,0,0,849,JanuaryFebruaryMarchAprilMayJuneJulyAugustSeptemberOctoberNovemberDecemberJanuaryFebruaryMarchAprilMayJuneJulyAugustSeptemberOctoberNovemberDecember,12
malaysia,2023,55,4.8,3,6.5,0,0,0,133,JulyJuly,0
brunei darussalam,2023,54.7,3.9,3,7.7,0,0,0,0,0,0
antigua and barbuda,2023,53.8,4.9,6.6,3.6,0,0,0,17,JulyJuly,2
grenada,2023,53.7,4.8,5.9,3.7,0,0,0,1,0,0
seychelles,2023,53.3,5.2,3.8,3.5,0,4,0,4,0,0
romania,2023,53,1.9,4,4.4,0,0,0,469,FebruaryMarchAprilMayAugustOctoberNovemberFebruaryMarchAprilMayAugustOctoberNovember,2
trinidad and tobago,2023,52.9,7.3,3.9,3.5,0,0,0,1293,JanuaryFebruaryMarchAprilMayJuneJulyAugustSeptemberOctoberNovemberDecemberJanuaryFebruaryMarchAprilMayJuneJulyAugustSeptemberOctoberNovemberDecember,615
bulgaria,2023,51.8,4.1,4.4,3.5,0,0,0,577,0,0
mongolia,2023,51.3,2.9,5.1,4,0,0,0,87,0,0
kuwait,2023,51.2,2.4,2.6,7.2,0,0,0,9,0,0
bahamas,2023,49.2,4.3,4.5,1.8,0,0,0,31,JanuaryFebruaryMarchJulySeptemberNovemberDecemberJanuaryFebruaryMarchJulySeptemberNovemberDecember,0
hungary,2023,48.8,1.8,4.4,6.2,0,0,0,231,JanuaryFebruaryMarchAprilJuneAugustJanuaryFebruaryMarchAprilJuneAugust,0
panama,2023,48.7,4.6,3.5,3.7,0,0,0,773,MarchJuneOctoberNovemberMarchJuneOctoberNovember,14
oman,2023,48.7,2.4,4.4,7.2,0,0,0,7,0,0
croatia,2023,48.7,2,5.7,2.3,0,0,0,135,AugustAugust,0
argentina,2023,46.4,4.3,6.6,3.4,0,0,0,2494,JanuaryFebruaryMarchAprilMayJuneJulyAugustSeptemberOctoberJanuaryFebruaryMarchAprilMayJuneJulyAugustSeptemberOctober,13
barbados,2023,45.4,4.4,6,1.2,0,0,0,3,0,0
united states,2023,45.3,4.7,2.1,4.2,0,0,0,12095,JanuaryFebruaryMarchAprilMayJuneJulyAugustSeptemberOctoberNovemberDecemberJanuaryFebruaryMarchAprilMayJuneJulyAugustSeptemberOctoberNovemberDecember,128
poland,2023,45.2,1.8,3.6,3.7,0,0,0,1096,MarchMayJuneJulyAugustSeptemberOctoberNovemberDecemberMarchMayJuneJulyAugustSeptemberOctoberNovemberDecember,2
israel,2023,44.1,2.6,1,3.3,0,0,0,5140,JanuaryFebruaryMarchAprilMayJuneJulyAugustSeptemberOctoberNovemberDecemberJanuaryFebruaryMarchAprilMayJuneJulyAugustSeptemberOctoberNovemberDecember,2641
spain,2023,43.5,2.8,4.5,6.3,0,0,0,3224,JanuaryMarchAprilJulySeptemberNovemberDecemberJanuaryMarchAprilJulySeptemberNovemberDecember,0
latvia,2023,43.3,2,3.9,1.8,0,0,0,36,0,0
italy,2023,42.6,4.5,5.4,2,0,0,0,3307,JanuaryFebruaryMarchAprilMayJuneJulyAugustSeptemberOctoberNovemberDecemberJanuaryFebruaryMarchAprilMayJuneJulyAugustSeptemberOctoberNovemberDecember,0
chile,2023,42.2,3.6,4,4.4,0,0,0,1899,JanuaryFebruaryMarchAprilMayJuneJulyAugustSeptemberOctoberNovemberDecemberJanuaryFebruaryMarchAprilMayJuneJulyAugustSeptemberOctoberNovemberDecember,59
united kingdom,2023,41.9,2.9,5,3.6,0,0,0,1148,JanuaryFebruaryMarchAprilMayJuneJulyAugustSeptemberOctoberDecemberJanuaryFebruaryMarchAprilMayJuneJulyAugustSeptemberOctoberDecember,2
qatar,2023,40.5,1,1.1,6.4,0,0,0,17,0,0
costa rica,2023,40.4,2.9,5.5,1.2,0,0,0,240,FebruaryAugustOctoberNovemberFebruaryAugustOctoberNovember,2
czech republic,2023,40.2,2,4.4,3.9,0,0,0,264,JanuaryFebruaryMayJuneJulyAugustOctoberDecemberJanuaryFebruaryMayJuneJulyAugustOctoberDecember,0
lithuania,2023,39.4,2.2,3.7,1.2,0,0,0,75,MayMay,0
estonia,2023,38.6,1.7,3.2,1,0,0,0,26,0,0
mauritius,2023,38,1,5,2.3,0,117,2,141,JanuaryFebruaryAprilMayJuneJulyAugustSeptemberOctoberJanuaryFebruaryAprilMayJuneJulyAugustSeptemberOctober,4
slovak republic,2023,37.8,1.2,4.1,3.2,0,0,0,0,0,0
united arab emirates,2023,37,2.3,1.6,6.4,0,0,0,1,0,0
uruguay,2023,34.4,3.6,4.1,0.4,0,0,0,106,FebruaryAprilDecemberFebruaryAprilDecember,2
malta,2023,33,1.8,3.4,2.9,0,0,0,80,FebruarySeptemberFebruarySeptember,0
south korea,2023,31.5,1.5,1.6,2.4,0,0,0,6340,0,0
belgium,2023,31.4,2.4,4.6,0.8,0,0,0,735,FebruaryAprilMayJuneJulyAugustSeptemberOctoberFebruaryAprilMayJuneJulyAugustSeptemberOctober,7
japan,2023,30.5,1.5,3.5,0.3,0,0,0,1794,AprilAugustAprilAugust,0
france,2023,28.8,2.9,3.4,1,0,0,0,8894,JanuaryFebruaryMarchAprilMayJuneJulySeptemberOctoberNovemberDecemberJanuaryFebruaryMarchAprilMayJuneJulySeptemberOctoberNovemberDecember,10
slovenia,2023,27.3,0.3,3.2,1.4,0,0,0,98,AugustSeptemberAugustSeptember,0
portugal,2023,25.7,0.3,3.9,0.8,0,0,0,581,0,0
singapore,2023,25.5,0.4,1,3.7,0,0,0,2,0,0
germany,2023,24.6,2.3,1.5,0.7,0,0,0,4164,JanuaryFebruaryMarchAprilMayJuneJulyAugustSeptemberOctoberNovemberDecemberJanuaryFebruaryMarchAprilMayJuneJulyAugustSeptemberOctoberNovemberDecember,16
austria,2023,24.4,1.4,1.2,0.6,0,0,0,447,MayJuneOctoberNovemberMayJuneOctoberNovember,0
australia,2023,22,2.1,1.6,0.4,0,0,0,881,OctoberOctober,0
netherlands,2023,21,1.8,1.6,0.3,0,0,0,788,AprilMayJulyAugustNovemberDecemberAprilMayJulyAugustNovemberDecember,0
sweden,2023,20.6,2.1,1.3,0.5,0,0,0,1459,JuneAugustSeptemberJuneAugustSeptember,0
luxembourg,2023,19.5,0.4,2.4,0.3,0,0,0,39,0,0
ireland,2023,19.5,2.1,1.7,0.5,0,0,0,368,JanuaryMarchMayJanuaryMarchMay,0
canada,2023,18.9,2.2,1.4,0.4,0,0,0,1961,MarchMayJuneSeptemberOctoberNovemberMarchMayJuneSeptemberOctoberNovember,8
denmark,2023,17.9,1.1,1,0.3,0,0,0,513,SeptemberSeptember,0
switzerland,2023,17.8,1.4,1.6,0.3,0,0,0,193,JuneJune,0
new zealand,2023,16.7,1.6,2.6,0.5,0,0,0,214,0,0
finland,2023,16,2,2.7,0.4,0,0,0,299,JuneJune,0
iceland,2023,15.7,0.4,2.6,0.4,0,0,0,43,SeptemberSeptember,0
norway,2023,14.5,1.4,1.4,0.4,0,0,0,342,SeptemberNovemberSeptemberNovember,0
